Job Title,Location,Salary,Min_Salary,Max_Salary,Avg_Salary
Cloud Engineer,Kolkata,323623,301107,363606,332356.9780720165
Software Engineer (Frontend),Bangalore,57641,54570,60710,57640.0
Software Engineer (Frontend),Ahmedabad,288460,258933,355308,307121.14019963436
Machine Learning Engineer,Bangalore,145041,136844,158768,147806.57591194185
Software Engineer (Frontend),Chennai,66149,62152,90797,76474.848962875
Software Engineer (Frontend),Goa,162007,116216,199810,158013.4208889305
Technical Writer,Coimbatore,5178137,509235,1377707,943471.3170248925
Software Engineer (Frontend),Bangalore,209011,188983,238035,213509.7498406708
AI Engineer,Trivandrum,401148,94236,331740,212988.1377263322
Software Engineer,Delhi,55355,44128,74953,59540.70141062136
Data Scientist,Bangalore,254813,191743,343146,267445.16748776694
Data Scientist,Bhubaneswar,63433,47426,88525,67975.81868970091
Machine Learning Engineer,Bangalore,111915,96558,130556,113557.5282715132
Machine Learning Engineer,Bangalore,167028,156351,199628,177989.78543063736
Software Engineer,Goa,67523,59298,65439,62368.87943449113
AI Engineer,Lucknow,6828,5911,8530,7220.782408915088
Software Engineer (Frontend),Bangalore,432121,357089,501929,429509.6696943559
Software Engineer (Backend),Surat,82132,57260,74491,65876.11530786438
AI Engineer,Bangalore,494160,407153,561442,484298.3921578083
Blockchain Developer,Bhubaneswar,13572,7987,22034,15010.779630213554
Machine Learning Engineer,Bangalore,106179,88022,114902,101462.43121973156
AI Engineer,Coimbatore,22043,14160,36591,25376.195802974624
Full Stack Developer,Mysore,239855,172237,297377,234807.61501640538
Mobile Developer,Bangalore,492855,417610,553967,485788.9058565157
Full Stack Developer,Bangalore,176241,168235,197324,182780.22421368476
Software Engineer (Backend),Noida,68368,50461,75070,62765.5
Software Engineer (Frontend),Bangalore,207633,125788,245137,185463.05884026992
AI Engineer,Mumbai,144928,112722,173734,143228.26911251628
Data Scientist,Gurgaon,43779,36720,52286,44503.48812469881
System Administrator,Visakhapatnam,2025,1922,2128,2025.0
Full Stack Developer,Hyderabad,676177,447936,912145,680040.7890389774
AI Engineer,Bangalore,56088,38351,73291,55821.37967458712
Software Engineer,Bangalore,5081370,4549739,5504884,5027311.8510652315
Lead Data Scientist,Bangalore,1202566,767912,1413360,1090636.3547049812
Data Scientist,Chandigarh,349741,222999,507471,365235.788825884
Software Engineer,Bangalore,445472,409332,490457,449894.85725138383
Software Engineer (Frontend),Ahmedabad,116573,84136,123331,103733.73737285697
Machine Learning Engineer,Chennai,194006,170862,223444,197153.55658840906
Embedded Systems Engineer,Bangalore,189900,113063,266736,189899.83045824457
AI Engineer,Bangalore,234692,187809,285043,236426.4735999483
Data Scientist,Bangalore,7561,2498,20157,11327.720298711012
Data Scientist,Trivandrum,177424,82868,270125,176496.91994187786
Software Engineer (Frontend),Kochi,227308,214562,275839,245200.97156707727
Software Engineer,Bangalore,598715,493862,694651,594257.2775896634
Software Engineer,Bangalore,74840,44215,103122,73669.08105529528
Full Stack Developer,Mumbai,304622,224113,373328,298721.2977654433
Technical Writer,Kolkata,532451,299163,893797,596480.7105965987
Data Scientist,Bangalore,130577,80379,164216,122297.5900574103
Data Scientist,Hyderabad,126330,76300,186097,131199.0725858221
Software Engineer,Delhi,201453,196008,214063,205036.14179957437
Software Engineer (Backend),Ahmedabad,77757,63069,90229,76649.0
Software Engineer,Kolkata,394727,361354,382286,371820.687108617
DevOps Engineer,Hyderabad,180498,12346,12479,12412.665137047297
Data Engineer,Bhubaneswar,40099,31130,54004,42567.38712054176
Robotics Engineer,Mumbai,184038,159707,201184,180446.08166637068
Full Stack Developer,Hyderabad,116034,103688,128464,116076.69894859931
Software Engineer,Bangalore,38200,27453,56797,42125.313458051714
Database Administrator,Delhi,189074,164231,211530,187880.81266544358
Software Engineer (Frontend),Visakhapatnam,21963,23824,24013,23919.175972542416
Data Scientist,Hyderabad,103214,83468,117560,100514.22474947019
Data Scientist,Trivandrum,43800,34656,53648,44152.45452268766
Software Engineer (Frontend),Mumbai,4176677,2895593,5455419,4175506.625161223
Software Engineer (Backend),Bangalore,29822,493355,1129564,811459.5
Full Stack Developer,Hyderabad,1081,983,1242,1112.8796749069154
AI Engineer,Hyderabad,967931,629132,1193302,911217.6318125629
AI Engineer,Bangalore,1638575,1160487,1897659,1529073.6537484012
AI Engineer,Ahmedabad,130835,88927,203373,146150.3419674632
AI Engineer,Bangalore,2247654,529067,3834525,2181796.5854164246
Blockchain Developer,Mumbai,1148576,523296,1927752,1225524.353189573
AI Engineer,Bhubaneswar,45826,44325,54584,49455.14086809568
AI Engineer,Bhubaneswar,206833,167801,255439,211620.32309522154
Machine Learning Engineer,Lucknow,137732,122089,157890,139990.16476450072
Data Scientist,Hyderabad,326032,301446,353893,327669.83271408087
Principal Engineer,Visakhapatnam,43458,17383,108645,63014.1
Machine Learning Engineer,Mysore,87629,82307,101137,91722.17819060328
AI Engineer,Bangalore,12645,112155,146319,129237.78267568912
Data Scientist,Hyderabad,11446,8779,13291,11035.402986684912
QA Engineer,Noida,21573,12526,32612,22569.09781002756
Cybersecurity Analyst,Jaipur,79424,125204,329567,165213.95978467647
Full Stack Developer,Bangalore,39301,31722,44573,38147.990199524735
Software Engineer,Gurgaon,28496,30155,29524,29840.06080385001
Site Reliability Engineer,Jaipur,43365,30213,56816,43514.693973971036
Software Engineer (Frontend),Goa,54766,45803,63728,54765.5
AI Engineer,Bangalore,685779,491126,910126,700626.4214910985
Data Scientist,Surat,896043,614733,1175804,895268.8671176763
Principal Engineer,Hyderabad,640557,530991,698767,614879.331560171
Principal Engineer,Hyderabad,17777,15222,20781,18002.298136726196
Machine Learning Engineer,Mysore,203233,180904,243652,212278.28305366804
Software Engineer (Backend),Gurgaon,9789,8388,12142,10265.522748557716
Data Scientist,Coimbatore,2388264,2025643,2974996,2500319.8242020914
Full Stack Developer,Hyderabad,12106,11349,14556,12953.463639873866
Full Stack Developer,Surat,264354,231146,380622,305884.3959814992
AI Engineer,Nagpur,1415214,881294,2189798,1535546.6370756933
Machine Learning Engineer,Ahmedabad,192228,171694,223897,197796.21220043767
Technical Architect,Bangalore,105604,56381,154825,105603.0
AI Engineer,Mumbai,187366,68663,269485,169074.52522430217
AI Engineer,Bhubaneswar,232215,194659,279727,237193.31391205778
Senior Software Engineer,Hyderabad,360891,225189,512545,368867.55388728506
Software Engineer (Frontend),Chennai,161035,169230,203798,186514.3000864962
Software Engineer,Mysore,233934,218450,248126,233288.8082455747
AI Engineer,Surat,854388,716882,926199,821540.752132855
Software Engineer,Trivandrum,338299,311220,346933,329076.515577914
Senior Software Engineer,Surat,95733,95480,105711,100596.39779490927
Software Engineer (Frontend),Surat,57751,52432,63069,57750.5
Full Stack Developer,Bangalore,326902,280879,452110,366494.99399138323
Data Scientist,Kochi,1012948,627122,1409268,1018195.8036830765
Lead Data Scientist,Nagpur,78032,45575,108314,76945.19884206683
Embedded Systems Engineer,Noida,41269,31520,51016,41512.46359478632
AI Engineer,Visakhapatnam,16888,11688,23167,17427.958577012963
AI Engineer,Ahmedabad,83251,49372,132361,90866.8206301925
Research Scientist,Ahmedabad,88205,49325,130909,90117.50315719933
iOS Developer,Kochi,46003,31612,64225,47919.04491136546
Data Scientist,Jaipur,90970,47501,112639,80070.32087868448
Android Developer,Goa,44949,25294,64603,51052.734813561765
AI Engineer,Delhi,385648,328737,464718,396728.20012921956
Data Scientist,Mumbai,6213,2750,9615,6182.561142421508
iOS Developer,Indore,236977,122687,398965,260826.23299947468
Data Engineer,Hyderabad,50518,38910,61663,50286.702247612986
Software Engineer (Frontend),Mumbai,55190,60527,67822,64174.90930153837
Cloud Engineer,Pune,108130,96245,124164,110204.77072595645
Software Engineer,Bangalore,90517,76145,104091,90118.1468720655
AI Engineer,Kochi,212521,161862,254769,208315.90286658704
Software Engineer,Bhubaneswar,77890,61964,91801,76883.04437794804
Technical Writer,Hyderabad,84460,67190,101726,84458.62170326109
Android Developer,Coimbatore,28993,21151,30800,25975.797688957133
AI Engineer,Delhi,52441,42424,54885,48655.00349574466
Software Engineer (Backend),Delhi,485497,421759,738242,580000.8264359413
Software Engineer (Backend),Mumbai,297198,191313,380771,286042.1640042681
AR/VR Engineer,Bangalore,254572,204830,272127,238478.92162155686
AI Engineer,Hyderabad,48882,24217,80771,52494.24453651242
Data Scientist,Goa,121970,101589,141770,121679.60785820028
Software Engineer,Bangalore,216040,216404,252191,234297.95386867144
Technical Architect,Chandigarh,192936,132126,220886,176506.44440246915
Software Engineer,Indore,568517,345689,676285,510987.6165609549
Software Engineer (Backend),Goa,85429,80355,90502,85428.5
Software Engineer (Frontend),Hyderabad,191583,177245,205919,191582.0
Software Engineer,Bhubaneswar,384265,356489,382976,369733.0393155771
Junior Developer,Pune,216354,182751,236673,209712.16802426765
Software Engineer,Chennai,35486,27194,45989,36592.117133154
Site Reliability Engineer,Hyderabad,24718,11478,31196,21337.56440849488
Full Stack Developer,Indore,302519,266393,340905,303649.9715886631
AI Engineer,Bangalore,1650156,920291,2731145,1825718.5351918475
AI Engineer,Jaipur,60080,50542,75066,62804.48752602898
Machine Learning Engineer,Bangalore,105635,98393,115987,107190.64855129094
Full Stack Developer,Bhubaneswar,299734,263477,365376,314427.20158039045
Software Engineer,Pune,94182,82848,97710,90279.53024244422
Machine Learning Engineer,Pune,153774,133760,177785,155772.7349478667
Site Reliability Engineer,Kochi,551,422,680,551.0
AI Engineer,Bangalore,9334,7750,10464,9107.506853363158
Software Engineer,Mumbai,262926,177709,384678,281193.81563740154
Machine Learning Engineer,Gurgaon,137992,117412,161480,139446.38943885505
AI Engineer,Mumbai,91017,58960,125075,92018.41947332652
Software Engineer (Frontend),Pune,71858,40715,101975,71345.6505821688
AR/VR Engineer,Ahmedabad,16898,10827,26735,18781.486089778642
Software Engineer (Frontend),Trivandrum,125240,79898,133799,106849.29727346913
Software Engineer,Lucknow,372685,316070,542044,429057.222152133
Data Scientist,Bangalore,265540,147008,413407,280207.68233812705
Data Engineer,Bangalore,301206,231205,361724,296464.9150997329
Software Engineer,Coimbatore,199153,154875,222131,188503.58699168434
Software Engineer,Mysore,410192,321335,483336,402335.6991691472
Software Engineer (Frontend),Bangalore,70632,58700,71487,65094.06663749846
Software Engineer (Frontend),Coimbatore,297684,204341,319316,261828.52312571782
Full Stack Developer,Jaipur,22809,13115,28388,20752.045903175804
NLP Engineer,Bhubaneswar,34852,27834,41870,33043.025451713336
Data Scientist,Mumbai,4511,3302,5437,4369.9583147608
Software Engineer,Noida,327430,292655,320913,306784.545718617
iOS Developer,Bangalore,150747,67760,242129,154944.7153045412
Software Engineer,Mumbai,182536,176464,193284,184874.58044945408
Full Stack Developer,Hyderabad,253352,145749,348583,247166.31902896194
DevOps Engineer,Bangalore,487013,401048,536395,468721.85007375205
Software Engineer,Kolkata,452447,390191,564311,477251.22849221504
AI Engineer,Trivandrum,598916,322212,908534,615373.793052925
Machine Learning Engineer,Gurgaon,111049,90883,128206,109544.94429272957
Full Stack Developer,Chandigarh,37947,21651,51077,36364.62587774446
Mobile Developer,Hyderabad,134448,90782,166875,128828.5
Data Scientist,Bhubaneswar,448162,380368,513548,446958.25750303
Software Engineer (Frontend),Gurgaon,343712,248653,458537,353595.82024934265
Full Stack Developer,Indore,80040,60931,99812,80372.21226728446
Full Stack Developer,Bangalore,4300,3567,4648,4107.945352340293
Software Engineer (Frontend),Mumbai,1720164,1034059,2150331,1592195.8227623713
Machine Learning Engineer,Visakhapatnam,110097,97363,117757,107560.34038920613
Full Stack Developer,Kolkata,32209,24593,41712,33153.09789720335
Technical Writer,Coimbatore,60148,56983,63311,60147.801176015135
Software Engineer (Frontend),Lucknow,222763,160889,218709,189799.53961296956
System Administrator,Hyderabad,132798,116275,141967,129121.25306449017
Software Engineer (Frontend),Bangalore,486081,410262,544070,477166.29513633135
Machine Learning Engineer,Gurgaon,110048,94503,120293,107398.5111680452
Research Scientist,Bangalore,1764276,1432754,2143837,1788296.083611793
Full Stack Developer,Indore,27639,25034,30999,28016.97823034764
Machine Learning Engineer,Bangalore,204421,179212,230840,205026.54822141086
Blockchain Developer,Bangalore,1855012,859808,2766572,1813190.5138986276
Junior Developer,Indore,100328,87246,109822,98534.60419213973
Robotics Engineer,Lucknow,48644,45496,55837,50666.93010196788
Full Stack Developer,Bangalore,8683,6949,10284,8617.082652923451
Data Scientist,Mumbai,129030,76963,191196,134080.06626338308
Machine Learning Engineer,Bangalore,226406,188504,265208,226856.42260659536
Data Scientist,Chandigarh,222677,203984,259990,231987.3425085844
Software Engineer,Hyderabad,23171,18910,27063,22987.11905002888
Software Engineer (Backend),Gurgaon,594,580,619,600.2378497366326
Senior Software Engineer,Kochi,339880,196924,440156,318540.36810127157
Software Engineer (Frontend),Hyderabad,147702,141034,154370,147702.0
AI Engineer,Surat,1061502,672273,1428735,1050504.1941599217
AI Engineer,Hyderabad,441098,387252,473698,430475.18740898895
Software Engineer,Lucknow,28701,22593,34596,28595.07715720586
Software Engineer,Bangalore,556510,505896,710034,607965.9160518127
AI Engineer,Mumbai,315682,208443,444449,326446.56264837953
Machine Learning Engineer,Chandigarh,104308,89626,124197,106912.03637882679
Software Engineer,Mumbai,32106,29476,34239,31858.01832357877
Machine Learning Engineer,Coimbatore,212732,196162,230419,213290.85406729032
Software Engineer,Hyderabad,32022,31278,35583,33431.10716933619
AI Engineer,Delhi,9064,5058,13965,9512.118918904547
Software Engineer (Frontend),Jaipur,17178,15937,18419,17178.0
iOS Developer,Hyderabad,27577,49905,63509,56707.70430335557
Software Engineer (Backend),Bangalore,233235,202234,324501,263368.19786704535
Machine Learning Engineer,Bangalore,99997,86162,113743,99953.29355134717
DevOps Engineer,Jaipur,47803,61457,80652,71055.26329655125
Data Scientist,Indore,15725,7347,27532,17439.951533592488
Software Engineer,Ahmedabad,528195,416618,597916,507267.3801226502
Lead Data Scientist,Bangalore,429150,354113,545964,450038.6573852728
Software Engineer,Bangalore,446064,411308,529326,470317.1020043723
AI Engineer,Hyderabad,102450,63433,155490,109462.17278940392
Software Engineer (Frontend),Trivandrum,474311,335516,697105,516310.99490600335
Cloud Engineer,Surat,146442,122638,169882,146260.44678415052
Data Scientist,Noida,48351,15923,127791,71857.6510139719
Data Scientist,Indore,20289,13927,26143,20035.324889990083
Software Engineer,Delhi,375427,363250,487214,425232.43181133515
Product Manager,Jaipur,187703,172469,206335,189402.59030476186
Machine Learning Engineer,Chennai,179311,151361,194740,173051.29320747455
Full Stack Developer,Bangalore,230209,190453,255149,222801.48047861457
Lead Data Scientist,Bangalore,273565,211041,346083,278562.49212134327
Software Engineer,Trivandrum,1126592,688405,1203361,945883.7881265101
Full Stack Developer,Ahmedabad,155808,107614,189781,148697.8181717943
UI/UX Designer,Jaipur,50238,42221,56483,49352.60490735636
Junior Developer,Bangalore,114015,99635,135937,117786.10612476125
AI Engineer,Visakhapatnam,464074,252731,784591,518661.32351154526
Full Stack Developer,Hyderabad,89640,62548,149500,106024.18750254199
Software Engineer (Frontend),Nagpur,42327,28483,53812,41147.76779338924
Software Engineer (Frontend),Coimbatore,172211,142318,178020,160169.58120965053
Software Engineer,Bangalore,224761,141398,306686,224042.4674985452
DevOps Engineer,Bangalore,151394,310222,761669,535946.0952631797
Software Engineer,Mumbai,54513,37793,84685,61239.31857289505
Software Engineer (Backend),Bangalore,674135,342536,791696,567116.3987024951
Software Engineer,Bangalore,569233,518896,711856,615376.5818650881
Software Engineer,Bangalore,71868,64155,77122,70638.94836509351
Software Engineer,Lucknow,12110,6566,17966,12266.04006574164
AI Engineer,Visakhapatnam,6757,5295,8023,6659.566221395557
Software Engineer,Bangalore,530857,474965,566564,520765.4502399375
Data Engineer,Visakhapatnam,146166,119888,159675,139782.2905635782
Full Stack Developer,Surat,40770,24769,72798,48783.73422262844
Software Engineer,Mumbai,472065,371500,748154,559827.4038383709
Software Engineer (Frontend),Bangalore,845944,842260,1423452,1132856.6186076354
Embedded Systems Engineer,Lucknow,26374,10549,65935,38242.3
Software Engineer (Backend),Mumbai,18499,17582,19415,18498.5
Software Engineer (Frontend),Bangalore,1180915,771332,1572050,1171691.771417297
Software Engineer (Frontend),Mumbai,74778,71364,78191,74777.5
Machine Learning Engineer,Nagpur,157304,138947,178844,158895.66096188102
Full Stack Developer,Noida,175787,152951,245675,199313.16148182302
AR/VR Engineer,Goa,3704,3541,4088,3814.994667688774
Full Stack Developer,Chennai,9455,5350,14642,9996.31312205177
Full Stack Developer,Ahmedabad,417900,318563,481667,400115.1740343026
Full Stack Developer,Noida,153195,128153,173748,150950.9358021821
AI Engineer,Bangalore,58579,26969,93553,60261.65791564991
Machine Learning Engineer,Mumbai,172554,157923,186037,171980.71515929553
Software Engineer,Hyderabad,267728,210843,296149,253496.8267229315
AI Engineer,Hyderabad,304965,223432,481916,352674.5842469289
AR/VR Engineer,Kochi,434596,344722,525448,435085.43751830596
Machine Learning Engineer,Kolkata,182597,146762,212439,179601.23047462362
Software Engineer,Nagpur,10200,9141,14925,12033.42980009357
Database Administrator,Hyderabad,201090,190440,220821,205630.58924824858
Full Stack Developer,Bhubaneswar,265822,211081,305672,258377.32218556764
Machine Learning Engineer,Kolkata,124197,109230,140004,124617.63123568863
Data Scientist,Bangalore,1242183,926433,1522557,1224495.8621367514
Data Scientist,Hyderabad,6291426,2908470,9917882,6413176.746612769
Software Engineer (Frontend),Nagpur,115709,95189,153457,124323.52823166127
Software Engineer (Backend),Indore,40579,31685,49472,40578.5
Full Stack Developer,Lucknow,33889,26011,48137,37074.329515040314
Software Engineer (Backend),Bangalore,301199,271966,361614,316790.6279352334
Software Engineer,Bangalore,16823,10443,23198,16821.161431400127
Software Engineer (Frontend),Noida,45790,74951,191818,133384.9166939201
Software Engineer,Mumbai,120536,111485,122939,117212.53201824748
Data Scientist,Hyderabad,155603,101597,210750,156174.38870498585
Software Engineer (Frontend),Delhi,93220,57093,132139,94616.41965220246
Software Engineer,Bangalore,4488393,3532936,5060243,4296590.142897056
Information Security Engineer,Bangalore,36738,23432,47237,35334.82817056817
Full Stack Developer,Bangalore,220171,175075,275875,225475.4556085018
Software Engineer,Trivandrum,523967,516030,552484,534257.4030526071
Software Engineer,Bangalore,533075,428111,612957,520534.15443260927
Software Engineer (Frontend),Hyderabad,19255,15510,22998,19254.0
Junior Developer,Hyderabad,189026,169052,207674,188363.4528754162
Data Scientist,Hyderabad,65120,50964,69401,60182.94373815001
Software Engineer,Bangalore,772889,729299,849915,789607.279688755
Full Stack Developer,Kolkata,1902191,180536,277519,229027.85015135282
Software Engineer (Frontend),Hyderabad,430564,322569,559768,441168.98732977465
Software Engineer (Frontend),Noida,2399,2101,2340,2221.0076349500214
AI Engineer,Bangalore,35933,28955,44928,36942.1921797353
Senior Software Engineer,Bangalore,1075813,641358,1550540,1095949.6902397869
Data Scientist,Bangalore,167457,120386,206309,163348.0590778083
UI/UX Designer,Gurgaon,262523,221979,292804,257391.8797872346
System Administrator,Hyderabad,289731,189317,390144,289730.5
AI Engineer,Mumbai,274557,253717,321976,287846.77948942216
Software Engineer,Bangalore,488056,395469,531860,463665.05258147116
Machine Learning Engineer,Bangalore,79601,68360,84952,76656.3013312729
AI Engineer,Hyderabad,412363,349117,461721,405419.722020141
Machine Learning Engineer,Mumbai,83712,77972,91887,84929.76794267842
Machine Learning Engineer,Bangalore,167466,149025,191910,170468.23022553517
Cybersecurity Analyst,Noida,190936,106121,145138,125630.41723720323
Software Engineer (Frontend),Bangalore,284470,208443,339581,274012.56968376855
Software Engineer,Trivandrum,50440,39213,55784,47499.00599510157
Machine Learning Engineer,Mumbai,211981,191756,226962,209359.53569873638
Lead Data Scientist,Goa,8013,6900,8845,7872.997013512326
Software Engineer (Backend),Lucknow,19287,13791,24317,19054.44104461662
Network Engineer,Bangalore,275269,229289,302773,266031.61044025805
Software Engineer,Bhubaneswar,153480,80233,230025,155129.57048861132
Software Engineer (Frontend),Chennai,488180,389763,717391,553577.0
Data Scientist,Mysore,10700,4613,16811,10712.891363143779
Full Stack Developer,Mumbai,96173,73306,126236,99771.44469305783
AI Engineer,Hyderabad,208738,156066,300461,228263.9852734111
Software Engineer,Chandigarh,1893394,163492,237629,200561.11246727954
Mobile Developer,Pune,143971,59345,201078,130211.99555131525
Information Security Engineer,Bangalore,81198,66718,102023,84370.79686487718
Full Stack Developer,Bangalore,10368,6972,15037,11004.876121062158
Software Engineer,Mumbai,2829953,73355,80879,77117.75414025012
Full Stack Developer,Noida,20758,12163,28833,20498.78235103229
AR/VR Engineer,Bangalore,101107,85198,103533,94366.03367255552
Full Stack Developer,Visakhapatnam,197318,133504,280102,206803.54812107893
Software Engineer (Backend),Kolkata,601195,333871,713048,523459.6846778794
Software Engineer,Bangalore,373359,319702,427833,373768.30542095157
Software Engineer (Backend),Hyderabad,11406,8165,12529,10347.450149204036
AR/VR Engineer,Indore,45274,46153,57324,51739.431652957086
Cloud Engineer,Bangalore,285667,249495,306312,277904.31714828557
Blockchain Developer,Mumbai,735664,537024,981996,759510.2368517246
Data Scientist,Nagpur,11411,7656,15990,11823.689234807545
Full Stack Developer,Indore,14537,12959,17328,15144.010785884437
Software Engineer (Frontend),Lucknow,164311,111137,301017,206077.53100396323
Software Engineer (Frontend),Coimbatore,106304,103174,129868,116521.29711690484
NLP Engineer,Gurgaon,75012,38102,111920,75011.7109097751
Data Scientist,Kochi,19235,11308,26639,18974.22107641956
Machine Learning Engineer,Hyderabad,95781,82296,106622,94459.51657881212
NLP Engineer,Hyderabad,684744,431759,937728,684743.6468165857
AI Engineer,Hyderabad,13246,66485,194266,130375.79200340863
AI Engineer,Bangalore,1108416,874363,1427578,1150970.9693868007
Technical Architect,Bangalore,137715,148774,186962,167868.57764304965
Network Engineer,Lucknow,28601,12109,76058,44083.76796778842
Machine Learning Engineer,Bangalore,200388,175811,222477,199144.57131967111
Machine Learning Engineer,Bangalore,73463,65414,86584,75999.61098872196
Site Reliability Engineer,Hyderabad,53842,21536,134605,78070.9
Senior Software Engineer,Hyderabad,16934,15265,17779,16522.373902883057
AI Engineer,Bangalore,364426,268015,427124,347570.31105071853
Software Engineer,Chandigarh,699389,283727,1719539,1001633.5358236674
Software Engineer,Bangalore,532652,465259,621790,543525.0810169033
Machine Learning Engineer,Visakhapatnam,151539,140977,178122,159550.0060614986
Software Engineer,Mumbai,63394,24507,145927,85217.25160000767
Full Stack Developer,Chandigarh,31256,72523,113578,93051.21594606078
Full Stack Developer,Lucknow,21954,17678,26164,21921.578094332108
Software Engineer (Backend),Bangalore,6436,3718,9152,6435.0
AI Engineer,Pune,143016,115160,154427,134793.98419972562
AI Engineer,Bangalore,98872,22222,243337,132780.15398273218
QA Engineer,Hyderabad,302299,292612,324607,308609.75654183567
Machine Learning Engineer,Nagpur,210407,191071,236652,213862.0500035889
Full Stack Developer,Lucknow,273702,233726,307159,270443.14135187585
Software Engineer (Frontend),Mumbai,6345324,5517743,6386814,5952279.041689291
Android Developer,Trivandrum,243434,167076,284204,225640.7695390617
System Administrator,Lucknow,302851,222214,331571,276893.0478922445
Machine Learning Engineer,Hyderabad,194571,159530,225734,192632.51197841155
Machine Learning Engineer,Trivandrum,105938,96700,114303,105502.17144433965
Full Stack Developer,Bangalore,302470,237932,342488,290210.3595097747
Software Engineer (Backend),Jaipur,54728,37385,78077,57731.72505103839
Software Engineer,Nagpur,1930989,1409870,2236897,1823384.4462181544
Software Engineer,Delhi,111157,106717,118788,112752.72093918858
Mobile Developer,Ahmedabad,309223,312973,423875,368424.34541141347
Machine Learning Engineer,Bangalore,93846,81428,109052,95240.47687745017
AI Engineer,Surat,27749,15424,44922,30173.29048322291
Software Engineer,Mumbai,289425,157887,426818,292352.99412355124
AI Engineer,Bangalore,262110,225510,335895,280702.91911291506
Data Scientist,Bangalore,26601,22096,30157,26126.59437987819
AI Engineer,Hyderabad,150145,91270,218074,154672.48260743343
Full Stack Developer,Hyderabad,39251,30845,55101,42973.48168041014
Lead Data Scientist,Trivandrum,19648,12479,25529,19004.620076738414
AI Engineer,Mumbai,77391,61577,98213,79895.4043674469
Software Engineer (Frontend),Chennai,91277,79889,106759,93324.3062339582
Software Engineer,Coimbatore,722101,572888,908446,740667.6392209976
Database Administrator,Bangalore,245187,206415,264069,235242.27420747516
AI Engineer,Bangalore,24043,32405,18965,25685.231216503787
Data Scientist,Chandigarh,14537,12159,17237,14698.519230214926
Data Scientist,Lucknow,45579,31390,54660,43025.46911016826
AI Engineer,Delhi,198180,126543,248619,187581.4892252343
QA Engineer,Bhubaneswar,36646,33511,39979,36745.5673806062
Machine Learning Engineer,Noida,114412,97861,125934,111898.22367822271
Full Stack Developer,Chandigarh,59050,47402,71457,59430.07584516666
Lead Data Scientist,Bangalore,138787,94571,186140,140355.9346557038
Machine Learning Engineer,Indore,134468,108553,160031,134292.44758205998
Cybersecurity Analyst,Coimbatore,150215,22240,54430,38335.51112065652
Software Engineer,Bangalore,123295,108217,134438,121327.85249309757
Product Manager,Mysore,210033,173065,248094,210579.69883505197
Software Engineer,Bangalore,345943,330044,383689,356866.7474817099
Software Engineer (Backend),Goa,145526,94420,160689,127555.04219579906
Site Reliability Engineer,Mumbai,168644,139099,172839,155969.8701573123
Data Scientist,Lucknow,146279,175621,133294,154457.9061304939
Software Engineer,Mumbai,11748,6081,16287,11184.514118712505
Information Security Engineer,Hyderabad,190312,140908,244736,192822.598482666
Data Scientist,Bhubaneswar,15317,9189,22544,15867.006309264932
Data Scientist,Lucknow,13791,8136,19118,13627.55576022924
Data Scientist,Bhubaneswar,53786,34609,75063,54836.949495598456
Software Engineer (Frontend),Bangalore,843309,617722,1003492,810607.200066406
Software Engineer,Bangalore,16426,13275,19804,16539.58283351103
Software Engineer (Frontend),Hyderabad,194177,181145,192500,186823.28079456848
Machine Learning Engineer,Mumbai,146674,126428,169191,147809.6827560805
Software Engineer,Bangalore,538817,441816,596741,519279.0425754738
Data Scientist,Mumbai,29276,24448,42280,33364.65639125819
Software Engineer,Bangalore,546977,450664,602963,526814.0903934275
AI Engineer,Delhi,1149721,252631,1051210,651921.2357776677
Data Scientist,Lucknow,37475,23071,50974,37023.139156908524
Research Scientist,Bhubaneswar,30579,25382,36675,31029.271220862363
Data Scientist,Bangalore,181689,169469,215392,192431.38615882694
Full Stack Developer,Noida,32304,26809,38464,32636.844772451215
NLP Engineer,Hyderabad,60219,56701,62636,59668.752966559274
AI Engineer,Bangalore,1133800,170540,2357080,1263810.1985237738
System Administrator,Bangalore,61101,47591,76967,62279.338115085004
Software Engineer (Frontend),Noida,809953,436998,1119673,778335.9969694545
Software Engineer (Backend),Coimbatore,37696,37053,35029,36041.74622933315
AI Engineer,Noida,1583698,376622,1143110,759866.3143388476
Data Scientist,Hyderabad,371041,333054,396530,364792.512460888
Machine Learning Engineer,Bangalore,217444,198142,260378,229260.52323894628
AI Engineer,Bangalore,232962,207818,268740,238279.3115030539
AI Engineer,Gurgaon,2885860,38134,220242,129188.44155148763
AI Engineer,Chennai,213441,201154,256815,228985.17937669985
Software Engineer (Frontend),Ahmedabad,8762,7485,9812,8648.893751082207
Full Stack Developer,Mumbai,72208,44918,117330,81124.58406049013
Software Engineer (Backend),Gurgaon,207273,153835,289553,221694.0
Full Stack Developer,Bangalore,229115,134968,304895,219932.0966113361
Full Stack Developer,Bangalore,411858,153796,1103320,628558.2596372536
Software Engineer,Bhubaneswar,252883,223827,309269,266548.31321900827
Lead Data Scientist,Gurgaon,410593,205885,671784,438834.95412448776
AI Engineer,Chennai,265111,145679,326086,235883.20213748617
Machine Learning Engineer,Bhubaneswar,150293,136840,176692,156766.61411632027
Machine Learning Engineer,Indore,166950,135184,183819,159501.6597732502
Software Engineer,Mysore,121514,100597,164705,132651.80137592793
AI Engineer,Bangalore,165090,128755,221206,174981.13438574725
Software Engineer,Coimbatore,269258,254600,295181,274891.110174558
Full Stack Developer,Bangalore,142493,95568,193499,144534.10244653482
Full Stack Developer,Bangalore,799706,542280,1063750,803015.5984589063
Machine Learning Engineer,Mumbai,212628,185884,249538,217711.42579965497
System Administrator,Bangalore,449186,367659,497080,432369.9962286235
Software Engineer,Bangalore,561750,438252,670898,554575.4579362124
Network Engineer,Pune,9812,9137,10450,9793.695309950272
Software Engineer,Lucknow,29103,30782,36829,33805.76097065238
Data Scientist,Mumbai,524401,88257,122274,105266.0215797156
DevOps Engineer,Mysore,522626,111361,195781,153571.86085726903
Software Engineer,Jaipur,81419,80229,85611,82920.64419263255
Machine Learning Engineer,Chandigarh,220934,184765,233273,209019.5105307803
Software Engineer,Mumbai,430812,418602,468279,443441.39659413847
Full Stack Developer,Coimbatore,84151,59781,103855,81818.01624489934
AI Engineer,Hyderabad,43170,54070,37223,45647.1142341957
Software Engineer (Frontend),Chennai,572627,558015,566054,562034.7714318443
Software Engineer,Visakhapatnam,6806,7073,7726,7399.94778995273
Software Engineer (Frontend),Hyderabad,59223,48484,69962,59223.0
Technical Architect,Bangalore,62918,49762,76072,62917.0
Software Engineer (Frontend),Chennai,39502,36066,42938,39502.0
Machine Learning Engineer,Bangalore,184642,173018,219538,196278.61437856522
iOS Developer,Goa,3214266,1795870,4665348,3230609.8765464397
AI Engineer,Hyderabad,46131,38340,52794,45567.45118707725
Data Scientist,Pune,14112,11154,21248,16201.243135855038
Software Engineer (Frontend),Jaipur,173406,122459,269396,195927.70499380442
Software Engineer (Frontend),Kolkata,138485,115638,145681,130659.5
Software Engineer,Bangalore,50885,20774,133592,77183.49230793802
Software Engineer,Hyderabad,248415,184274,276302,230288.26943996927
Software Engineer (Backend),Mumbai,22286,21445,27757,24601.22622688562
Software Engineer,Bhubaneswar,12783,11408,19023,15215.959891860777
Software Engineer,Hyderabad,873175,891620,920582,906101.3559966865
Machine Learning Engineer,Bangalore,164100,132636,191805,162220.9679181616
Computer Vision Engineer,Visakhapatnam,109231,62123,184820,123472.34011449327
Machine Learning Engineer,Lucknow,164067,153878,176384,165131.88769318955
Machine Learning Engineer,Hyderabad,99147,80640,108412,94526.53164932845
System Administrator,Mumbai,110388,107320,113454,110387.0
Software Engineer (Backend),Lucknow,29097,22641,35552,29096.5
Data Scientist,Coimbatore,309280,149880,494640,322260.2921766761
Robotics Engineer,Bangalore,151817,139104,166823,152963.79351668817
Software Engineer (Frontend),Bangalore,257315,289458,366147,327803.07339965104
Data Scientist,Mumbai,4711,3272,6306,4789.620192818784
Embedded Systems Engineer,Bhubaneswar,111666,67079,117860,92469.93675701818
AI Engineer,Bangalore,358232,287929,418702,353316.3422917998
Full Stack Developer,Delhi,135823,107650,177534,142592.07110649627
Robotics Engineer,Bangalore,155872,144352,174691,159522.28028382713
Junior Developer,Chandigarh,283887,240754,318326,279540.40513195854
AI Engineer,Chandigarh,23647,17901,31307,24604.317255565787
AI Engineer,Mumbai,94906,85009,102704,93856.93026378853
Full Stack Developer,Lucknow,105285,62365,167773,115069.65715829673
AI Engineer,Noida,35444,26462,41711,34086.63068324676
UI/UX Designer,Chennai,271232,223904,285289,254596.69908934482
Full Stack Developer,Bangalore,14942,8610,23256,15933.444625426007
Software Engineer (Frontend),Kolkata,573134,446808,877550,662179.524124024
Machine Learning Engineer,Bangalore,97947,87280,111763,99522.25897054112
Software Engineer (Frontend),Bangalore,306575,238694,534444,386569.5170569561
Data Scientist,Bangalore,584068,279552,965983,622767.6607986199
AI Engineer,Bangalore,274424,241741,335315,288528.6574935099
Machine Learning Engineer,Lucknow,179556,157007,213494,185251.1773778047
Software Engineer,Delhi,86175,103509,79302,91405.82589512721
Machine Learning Engineer,Hyderabad,124867,100690,144596,122643.26375709038
Product Manager,Kochi,233939,207889,253731,230810.09171538806
Software Engineer,Bangalore,78389,63840,105520,84680.87844822285
Full Stack Developer,Hyderabad,3017,2601,3250,2925.888157389676
Machine Learning Engineer,Lucknow,109995,99371,117974,108673.02561237014
Software Engineer (Backend),Bangalore,154149,100311,207984,154147.5
Product Manager,Kolkata,217928,181736,236398,209067.43744903276
Software Engineer,Coimbatore,86495,72726,108899,90812.98050798301
Technical Architect,Gurgaon,76364,73033,79694,76363.5
Site Reliability Engineer,Hyderabad,4434092,59052,71821,65437.130388592224
Software Engineer (Frontend),Hyderabad,90710,85582,96218,90900.87617653138
Software Engineer,Ahmedabad,395289,264608,418777,341692.5721561196
Full Stack Developer,Lucknow,19196,9297,30876,20086.62557988962
AI Engineer,Bangalore,462368,311081,599716,455399.19068468374
Software Engineer (Frontend),Bhubaneswar,520419,284315,756522,520418.5
Software Engineer (Frontend),Coimbatore,238090,193457,254436,223946.6853129071
Data Scientist,Bangalore,44802,28815,74692,51753.77715574177
Software Engineer (Frontend),Kolkata,60296,33642,86950,60296.0
Software Engineer (Frontend),Bangalore,943197,630329,909326,769827.7060649791
Machine Learning Engineer,Bangalore,212844,184009,234444,209226.99158931436
Data Engineer,Bangalore,655302,469954,886994,678474.7085149591
Machine Learning Engineer,Mysore,206848,166758,243215,204986.85897308693
Data Scientist,Mumbai,75322,58378,83117,70748.19822163027
Network Engineer,Mumbai,40374,35122,42185,38654.45534879779
Android Developer,Pune,41,29,61,45.301112582383915
QA Engineer,Hyderabad,43311,43546,44790,44168.354934077375
Software Engineer (Backend),Bhubaneswar,17048,11859,15858,13858.788890863794
Cloud Engineer,Hyderabad,85691,72590,99412,86001.74245402124
Data Scientist,Hyderabad,206511,153511,270158,211834.65752437638
Software Engineer,Hyderabad,338978,316693,337958,327326.16220764676
Software Engineer,Surat,19421,187833,221417,204625.50727912082
Full Stack Developer,Indore,248256,208547,355063,281805.4686547586
Site Reliability Engineer,Hyderabad,34860,33768,35951,34859.5
Junior Developer,Mumbai,253335,210391,269101,239746.14976730145
AI Engineer,Mysore,135758,124835,148888,136862.066667578
Software Engineer,Bangalore,580804,523267,673460,598363.9081680526
Information Security Engineer,Bangalore,89791,76887,105729,91308.4775120512
Technical Architect,Mysore,32181,26300,32326,29313.88099183038
Software Engineer (Frontend),Bhubaneswar,46970,28259,54125,41192.6861712229
Database Administrator,Mysore,126204,102481,141269,121875.69868633358
Software Engineer (Frontend),Bangalore,6243,6433,7783,7108.336436442125
Software Engineer,Lucknow,34289,31476,37837,34657.29811796743
Machine Learning Engineer,Hyderabad,184680,157995,211394,184694.82334434893
Data Scientist,Goa,182819,152078,237286,194682.16689362418
Software Engineer (Frontend),Hyderabad,41825,25212,53177,39194.5
Software Engineer,Mumbai,195180,120198,270735,195467.0482012116
Data Scientist,Chandigarh,351088,233573,461863,347718.5570733204
AI Engineer,Hyderabad,513569,383570,750292,566931.5662200754
Software Engineer,Mumbai,10731,5841,15965,10903.5062836375
Full Stack Developer,Hyderabad,56246,40510,71832,56171.75333389566
Android Developer,Trivandrum,508296,459870,862848,661359.5189082988
Software Engineer,Bangalore,343354,258071,402632,330351.99523249094
Machine Learning Engineer,Coimbatore,99934,80137,108044,94091.04258451489
Data Scientist,Nagpur,5960,16645,29583,23114.45727822761
Software Engineer,Mumbai,528044,449052,572859,510955.7090014316
Software Engineer (Frontend),Mysore,16289,15287,25180,20234.134219471627
Software Engineer (Backend),Mumbai,208033,206280,238585,222433.15615062468
Full Stack Developer,Bangalore,3308,3155,3905,3530.58995545488
AI Engineer,Delhi,86948,22946,107267,65106.90310541411
Information Security Engineer,Bhubaneswar,32934,27734,42348,35041.269654456526
Machine Learning Engineer,Mumbai,171013,151902,203182,177542.84595079802
AI Engineer,Chandigarh,87397,83277,96553,89915.53846569732
AI Engineer,Bangalore,595929,128218,437414,282816.3986692575
Principal Engineer,Hyderabad,135447,106729,120985,113857.34817042356
Machine Learning Engineer,Delhi,87766,71658,102886,87272.6874924812
Full Stack Developer,Noida,35053,54944,19851,37397.75003445732
Data Scientist,Hyderabad,61639,48648,91459,70054.14100675285
Software Engineer (Backend),Hyderabad,42122,31632,55365,43498.81902782149
Senior Software Engineer,Gurgaon,78095,48417,88450,68434.11460438946
Data Scientist,Mumbai,529488,410963,596323,503643.3433079495
Software Engineer,Bangalore,501024,443848,569214,506531.6323422696
Machine Learning Engineer,Ahmedabad,142728,132671,154467,143569.4621238426
Machine Learning Engineer,Visakhapatnam,79481,66281,84718,75500.10165112372
Software Engineer (Frontend),Bangalore,482819,413144,570757,491950.91539786523
AI Engineer,Noida,177665,67088,513929,290508.98021325836
Software Engineer,Bangalore,536884,408867,694828,551848.1444609109
Software Engineer (Frontend),Bangalore,225749,176155,318276,247216.39971672566
Software Engineer,Visakhapatnam,174689,174652,191043,182848.24576135492
Machine Learning Engineer,Chennai,143528,125268,154814,140041.98836280714
Software Engineer (Backend),Bhubaneswar,61094,46239,75947,61093.0
Software Engineer (Frontend),Mumbai,118140,108507,127770,118138.5
Embedded Systems Engineer,Kochi,139758,133238,146277,142595.91317626805
Machine Learning Engineer,Chandigarh,222236,194144,265758,229951.69382050808
Software Engineer,Kochi,53081,39386,65892,52639.94246811251
AI Engineer,Chennai,886501,783465,1008465,895965.847253836
Principal Engineer,Coimbatore,2758204,58387,62521,60454.0
Site Reliability Engineer,Noida,244882,163947,269200,216573.99772522427
AI Engineer,Lucknow,31829,20764,43754,32259.390035337634
Software Engineer (Frontend),Bangalore,290042,244063,325125,284594.741104419
AI Engineer,Surat,108217,53593,181193,117393.73498344811
Game Developer,Lucknow,1058,1002,1123,1062.8956775593483
Machine Learning Engineer,Mumbai,74272,67778,85997,76888.06376925173
Junior Developer,Noida,258095,241986,272839,257413.15145416337
Software Engineer,Hyderabad,142778,140245,178786,159515.96914998855
Machine Learning Engineer,Mumbai,144473,123591,167195,145393.18131818122
Machine Learning Engineer,Hyderabad,178772,169725,201719,185722.54594564333
Data Scientist,Ahmedabad,159303,231222,104309,167765.87378182093
Full Stack Developer,Lucknow,16949,15338,17827,16582.825005780287
Full Stack Developer,Mumbai,78552,55624,87111,71368.14212356618
Software Engineer,Mumbai,65273,49524,79365,64444.68348360099
Site Reliability Engineer,Goa,288654,250739,286886,268813.2760081029
Machine Learning Engineer,Indore,224011,206734,235323,221029.20111606922
AI Engineer,Goa,160395,114850,202695,158772.98309325837
Full Stack Developer,Mumbai,912985,791998,987334,889666.3969604461
Machine Learning Engineer,Mumbai,203368,174460,227246,200853.67602350836
Data Scientist,Nagpur,88622,44549,127254,85901.79670675071
Software Engineer (Backend),Kolkata,247,193,252,223.15655485972698
Software Engineer (Frontend),Ahmedabad,78870,128678,52341,90510.10028213557
Software Engineer,Mysore,84205,56344,106788,81566.37048455336
Data Scientist,Surat,5954,3596,8352,5974.094005439867
Lead Data Scientist,Kolkata,58097,30265,89394,59830.10537108084
Software Engineer (Backend),Bangalore,297521,199784,282261,241023.203238579
Software Engineer (Frontend),Bangalore,790187,589625,970190,779907.8714331561
AI Engineer,Noida,4603,3855,4915,4385.464453789523
Full Stack Developer,Hyderabad,55408,29201,81573,55387.57277486906
Software Engineer (Backend),Hyderabad,268131,134936,411362,273149.28549760155
UI/UX Designer,Bangalore,279959,260743,317522,289133.17521673156
Software Engineer (Frontend),Hyderabad,25715,22566,28614,25590.623549615993
AI Engineer,Mumbai,44587,29903,69213,49558.31648468335
Machine Learning Engineer,Bangalore,176781,142642,192396,167519.72093770048
AI Engineer,Bangalore,353117,331270,479720,405495.4086280182
Software Engineer,Bangalore,488565,392128,567086,479607.6699021014
Junior Developer,Nagpur,110469,88410,123722,106066.40786806785
Cybersecurity Analyst,Kolkata,197247,53265,85341,69303.85238578415
Technical Architect,Noida,307775,173921,423158,298540.2719363908
Software Engineer,Visakhapatnam,56206,45730,68056,56893.29245910175
Software Engineer,Noida,55133,48888,72309,60599.02892223338
UI/UX Designer,Hyderabad,180982,168149,200269,184209.46221419715
AI Engineer,Coimbatore,742841,459828,1153402,806615.6612298824
Software Engineer (Frontend),Bangalore,85005,61768,77453,69611.04689741117
Software Engineer (Backend),Chennai,827903,769978,847155,808566.7322301746
Full Stack Developer,Mumbai,568035,530983,687637,609310.5906815735
DevOps Engineer,Bangalore,118602,241500,397668,319584.13343581604
Software Engineer (Backend),Bangalore,448416,380667,532241,456454.4094256028
Machine Learning Engineer,Bangalore,97864,83651,113470,98561.45449684712
DevOps Engineer,Surat,48673,40930,54717,47824.10376227615
Game Developer,Bangalore,1225466,1108717,1386103,1247410.177222453
Senior Software Engineer,Bangalore,50052,322758,501109,411933.85855549655
DevOps Engineer,Gurgaon,175653,114096,179982,147039.0
Machine Learning Engineer,Mumbai,226666,188330,251725,220027.99797238468
Data Scientist,Surat,318185,232074,366597,299335.63578653045
Game Developer,Coimbatore,86936,67982,107893,87938.08201418491
Machine Learning Engineer,Hyderabad,124418,106402,144746,125574.16898403081
Machine Learning Engineer,Bangalore,124798,111234,146917,129076.12888422
Software Engineer,Hyderabad,80471,31812,198812,115312.70146461217
Software Engineer (Backend),Noida,267430,125155,435778,280466.636528209
Software Engineer,Bangalore,455996,428479,559523,494001.64873633
Computer Vision Engineer,Hyderabad,179459,147249,216026,181638.1310026437
Software Engineer (Frontend),Bangalore,868511,788790,1135342,962066.585274589
NLP Engineer,Hyderabad,13913,13378,14448,13913.500422103098
AI Engineer,Hyderabad,48445,38793,53333,46063.794859620444
Machine Learning Engineer,Visakhapatnam,104965,92390,119244,105817.39173452262
Software Engineer (Frontend),Bangalore,24643,17399,27741,22570.599080259406
Data Scientist,Chennai,30108,18356,44133,31245.37647850335
AI Engineer,Bangalore,265722,219979,343202,281590.66908256715
Full Stack Developer,Surat,104441,93009,122899,107954.41998571264
Software Engineer,Bangalore,559540,422049,654893,538471.2261469641
Full Stack Developer,Kolkata,112054,174668,103333,139001.163758622
Data Scientist,Chandigarh,225876,291978,165748,228863.41980019113
Research Scientist,Mumbai,134376,128431,142344,135387.82930612145
Full Stack Developer,Noida,191494,154608,309741,232174.91531317178
Data Scientist,Hyderabad,4192304,64056,117333,90695.21551657443
Machine Learning Engineer,Goa,175791,158507,196855,177681.51431162446
Software Engineer,Ahmedabad,11943,11474,12218,11846.868514078931
Software Engineer,Hyderabad,77737,58955,90198,74576.83903101497
AI Engineer,Bangalore,1385641,1137475,1730692,1434084.0112421513
Machine Learning Engineer,Mumbai,92141,79095,99166,89130.73105517961
Data Scientist,Delhi,18486,15976,20478,18227.413611088203
Software Engineer (Frontend),Chandigarh,77804,69359,76695,73027.09706109809
Cybersecurity Analyst,Bangalore,170981,36389,40066,38228.02753039183
Software Engineer,Bangalore,228133,220356,250157,235256.8126654051
AI Engineer,Bangalore,406855,94610,805907,450258.921052453
Machine Learning Engineer,Bhubaneswar,219576,182639,248403,215521.53869839007
Full Stack Developer,Bangalore,226876,170929,281079,226004.75789078517
Software Engineer,Bangalore,560399,491639,595278,543459.0798288727
AI Engineer,Bhubaneswar,161721,103997,280575,192286.4864359551
AR/VR Engineer,Nagpur,110457,87003,133910,110456.5
DevOps Engineer,Bangalore,930680,702888,1124420,913654.4202528703
Software Engineer,Kochi,233309,215775,257009,236392.69432182238
Full Stack Developer,Coimbatore,37778,21293,54304,37799.075283981874
Software Engineer,Hyderabad,3078035,61603,63973,62788.73460546822
AI Engineer,Visakhapatnam,1048242,886511,1197593,1042052.3327207589
Full Stack Developer,Hyderabad,769191,622015,919953,770984.4589687907
Software Engineer (Backend),Trivandrum,8002,146317,222233,184275.71751624133
Software Engineer (Backend),Trivandrum,80926,52408,92634,72521.62428406902
Data Scientist,Bangalore,474140,397342,510003,453672.970575348
Software Engineer (Backend),Trivandrum,698438,468599,907284,687941.9418881214
Mobile Developer,Visakhapatnam,57106,38036,76175,57105.5
AI Engineer,Visakhapatnam,25938,14692,31479,23085.994924932813
Full Stack Developer,Coimbatore,48969,32660,58286,45473.458876646604
QA Engineer,Ahmedabad,27909,25988,30490,28239.76540840535
AI Engineer,Visakhapatnam,7921,107357,132147,119752.25094636374
Software Engineer,Bangalore,274811,272494,286077,279286.34300769866
Machine Learning Engineer,Surat,140612,117036,149866,133451.6817754709
Software Engineer,Pune,71389,39146,106109,72628.1349853108
Software Engineer (Frontend),Lucknow,54836,61415,84173,72794.5292139272
AI Engineer,Visakhapatnam,8223,4066,11579,7823.131766776718
Research Scientist,Bangalore,272091,251694,288809,270252.00113561755
Full Stack Developer,Goa,109412,56441,180835,118638.5578496177
Software Engineer,Ahmedabad,631797,602353,705248,653801.0892431356
Information Security Engineer,Hyderabad,112282,63396,179261,121329.27150632498
Software Engineer (Frontend),Ahmedabad,15488,15302,18612,16957.391376796862
Junior Developer,Visakhapatnam,98270,83765,114765,99265.52073208455
Data Scientist,Lucknow,962887,660704,1386680,1023692.7562950064
UI/UX Designer,Hyderabad,163209,148591,175240,161916.18352809706
AI Engineer,Hyderabad,54723,46033,63921,54977.17754580657
Junior Developer,Bangalore,170296,157421,187373,172397.76649181853
Research Scientist,Nagpur,509,333,720,527.4177191671587
Mobile Developer,Bangalore,26350,209777,253113,231445.8978788589
Software Engineer (Frontend),Hyderabad,81689,44361,119016,81688.5
Software Engineer (Frontend),Bangalore,111683,93069,180146,136607.71195039796
Software Engineer (Backend),Lucknow,23710,20616,28272,24444.3221113725
Machine Learning Engineer,Mumbai,147994,122186,177452,149819.5930191703
Software Engineer (Frontend),Bangalore,230853,136756,399505,268130.61690516706
Technical Architect,Indore,24052,16084,32018,24051.0
Software Engineer,Pune,87474,84701,90886,87794.16867983338
AR/VR Engineer,Bangalore,409186,357025,488892,422959.05060175585
Product Manager,Hyderabad,257427,207258,280101,243680.08730862694
Data Scientist,Bangalore,506915,438495,685791,562143.3134157651
Product Manager,Mumbai,114430,97344,128737,113040.96617114553
Software Engineer (Backend),Bangalore,232498,196430,290042,243236.13093726386
Software Engineer,Mumbai,17628,17454,19390,18422.42254794702
Data Scientist,Bangalore,277500,189111,386299,287705.5330266182
Data Scientist,Bangalore,1070639,933579,1154920,1044250.2323015024
Junior Developer,Mysore,179262,155856,209535,182695.86059880478
Technical Writer,Bangalore,60861,50981,70739,60860.55048205109
Machine Learning Engineer,Bangalore,203727,181621,235378,208500.11967469257
Full Stack Developer,Trivandrum,59720,38821,104032,71426.69908491333
Full Stack Developer,Delhi,33829,23750,41394,32572.347804751887
Software Engineer,Noida,415531,314566,456428,385497.3882792756
Data Engineer,Goa,450579,370456,536461,453459.0359089034
Software Engineer,Hyderabad,56004,34424,83726,59075.56626957435
Software Engineer (Frontend),Kolkata,198068,114879,235935,175407.70796461048
Data Scientist,Ahmedabad,19553,16012,31668,23840.456375754493
Software Engineer (Backend),Hyderabad,81653,59988,79907,69947.89542795562
Software Engineer,Bangalore,53632,41758,62283,52020.55182924749
Software Engineer,Mumbai,542833,462570,627100,544835.3717792967
Software Engineer (Frontend),Hyderabad,20326,18883,21768,20325.5
Software Engineer (Frontend),Bangalore,90568,51501,129633,90567.0
AI Engineer,Coimbatore,378044,256440,533866,395153.30608786806
Data Scientist,Chandigarh,427947,277436,594787,436111.8830748136
AI Engineer,Jaipur,171056,27070,128788,77929.39113424317
Full Stack Developer,Hyderabad,8701,5636,11143,8389.733464190358
AI Engineer,Bangalore,1810047,2242343,1627028,1934686.1727686143
AR/VR Engineer,Visakhapatnam,82372,73563,93523,83543.80014959934
System Administrator,Kolkata,62168,59512,64823,62167.5
Site Reliability Engineer,Indore,528868,370583,721800,546191.8809016783
Full Stack Developer,Kolkata,201741,153895,236514,195204.69438149006
Software Engineer (Backend),Lucknow,2637,1788,4224,3006.8292715919447
Software Engineer (Backend),Bangalore,287688,238701,324349,281525.4591289318
Lead Data Scientist,Bangalore,1076010,871920,1301402,1086661.7321103713
AI Engineer,Gurgaon,562069,513916,639612,576764.4300631282
QA Engineer,Mysore,14294,247147,421882,334514.8711799404
Data Scientist,Bangalore,1267329,928045,1637975,1283010.5005800566
Software Engineer,Kochi,3072069,2683,7720,5201.732200692136
Data Scientist,Coimbatore,56746,41048,71394,56221.09573316548
Software Engineer (Frontend),Mumbai,16049,12461,18612,15537.062923094598
QA Engineer,Nagpur,102889,71197,127718,99458.22737399909
Full Stack Developer,Jaipur,35832,21393,51627,36510.70237304704
Software Engineer,Bangalore,170401,164945,168180,166562.67634539574
Data Scientist,Gurgaon,363884,260661,449353,355007.5627765755
Software Engineer,Bangalore,492239,386091,539855,462973.7380412376
Full Stack Developer,Chandigarh,102416,65255,141280,103267.71937690864
Senior Software Engineer,Nagpur,14259,12329,14785,13557.59703303856
Full Stack Developer,Indore,33624,43136,33864,38500.17196485208
Machine Learning Engineer,Hyderabad,157987,141465,183745,162605.38964126323
Mobile Developer,Bangalore,108100,55137,142155,98646.5979765071
Software Engineer,Lucknow,385937,377888,411017,394453.0828290696
Software Engineer,Bangalore,73291,48260,89055,68658.00636518336
AI Engineer,Lucknow,103693,55949,157644,106797.03688716922
Machine Learning Engineer,Bangalore,186482,167118,217213,192166.24342423963
QA Engineer,Hyderabad,71207,53784,87755,70769.97562410601
Data Scientist,Mumbai,168187,114956,225390,170173.26084841084
Machine Learning Engineer,Hyderabad,105025,93542,118813,106178.1554667324
AI Engineer,Chandigarh,48551,39109,60801,49955.27359317949
Software Engineer (Frontend),Hyderabad,648064,384286,1022106,703196.5923201409
Software Engineer,Delhi,574447,554058,568957,561507.8272351313
Data Scientist,Mumbai,928190,703308,1390851,1047079.7631966978
AI Engineer,Kochi,413816,211189,673095,442142.45517024765
Software Engineer,Bangalore,411046,395859,400437,398148.3794021429
Full Stack Developer,Visakhapatnam,30837,28493,32402,30448.062019772507
Software Engineer (Backend),Gurgaon,211668,232918,276610,254764.352961248
Software Engineer,Bhubaneswar,78716,54041,106062,80052.45415403323
NLP Engineer,Mysore,80234,63181,105258,84219.97132709285
Software Engineer (Backend),Surat,577564,548710,606418,577564.0
Machine Learning Engineer,Nagpur,151898,133255,168910,151082.9952859555
Product Manager,Coimbatore,127209,111594,144302,127948.15087417979
Technical Writer,Bangalore,120687,68692,241262,154977.5505364941
Data Scientist,Delhi,68220,54995,71621,63308.36873943891
AI Engineer,Noida,120459,92426,146640,119533.51038780951
Full Stack Developer,Kolkata,117603,63235,131751,97493.6934670847
AI Engineer,Coimbatore,43723,38634,52534,45584.151359976386
AI Engineer,Bhubaneswar,29410,22095,36349,29222.074371422965
Software Engineer,Bangalore,6140652,5891394,6517610,6204502.309457643
Machine Learning Engineer,Bangalore,150640,136559,161783,149171.50024760625
Software Engineer (Backend),Kochi,3666254,3180663,4106478,3643570.6615541694
Data Scientist,Nagpur,66924,55128,73291,64210.00929087415
AI Engineer,Lucknow,264259,181445,370506,275976.3336715448
Data Scientist,Hyderabad,49990,34085,73493,53789.73899038092
Software Engineer,Kochi,445337,337820,579969,458894.92654135806
Data Scientist,Pune,98201,86678,112711,99695.22467705379
Software Engineer (Backend),Chandigarh,196327,124084,307759,215922.41840466904
Machine Learning Engineer,Bhubaneswar,160612,142746,190540,166643.05395329237
Data Scientist,Gurgaon,99794,57394,164243,110819.430151013
Software Engineer (Backend),Chandigarh,17640,11440,24663,18051.81205238718
Data Scientist,Bangalore,588296,469538,672918,571228.22309121
Machine Learning Engineer,Gurgaon,115366,99829,135055,117442.36372950327
Mobile Developer,Pune,75229,71084,69544,70314.53917518129
AI Engineer,Pune,22849,15193,35584,25389.26551304938
Software Engineer,Kolkata,50421,47390,54393,50891.92381652557
System Administrator,Mysore,121372,111349,109522,110436.35771152076
Lead Data Scientist,Pune,43859,36660,51426,44043.166721469956
Software Engineer,Mumbai,449921,406733,608560,507646.7836596939
Software Engineer (Frontend),Hyderabad,84897,54290,133549,93920.14640894193
Software Engineer,Coimbatore,481103,472238,528861,500550.21231272083
Data Scientist,Bangalore,458625,322336,560587,441462.13463771227
Machine Learning Engineer,Bangalore,153378,130513,174553,152533.37824650697
Software Engineer,Mumbai,347079,323587,357692,340639.8027773254
AI Engineer,Mumbai,339675,58920,448114,253517.49129036753
Software Engineer,Hyderabad,435128,173237,1127125,650181.4676845224
Full Stack Developer,Gurgaon,56353,36338,81126,58732.56653953751
AI Engineer,Hyderabad,185174,36799,245135,140967.704998846
Data Scientist,Bangalore,268973,197866,311259,254562.8337032618
iOS Developer,Noida,382620,319471,475692,397582.1841297308
Machine Learning Engineer,Jaipur,208785,168273,222094,195183.89432213188
Software Engineer (Backend),Hyderabad,62303,57397,67208,62302.5
Full Stack Developer,Coimbatore,95495,49506,145407,97457.14382242163
Cloud Engineer,Mumbai,150433,139826,158770,149298.49218123354
Software Engineer,Goa,351774,196086,541855,368971.41044675483
AI Engineer,Mumbai,159887,82881,264373,173627.439266456
Software Engineer,Delhi,2589947,140108,232706,186407.70956475934
Software Engineer,Gurgaon,33209,31714,35230,33472.14772768395
Software Engineer (Frontend),Gurgaon,116744,83794,137673,110733.84805821662
AI Engineer,Mumbai,2907,1822,3299,2560.623440551217
Software Engineer (Frontend),Hyderabad,118040,81955,125633,103794.3025856145
Software Engineer,Mumbai,160203,102384,215736,159060.59227391589
Software Engineer (Backend),Bangalore,255996,142934,301136,222035.11078110492
Data Scientist,Bangalore,221564,174686,252594,213640.49756237253
Software Engineer,Surat,787,728,867,797.7205424494152
Machine Learning Engineer,Surat,199058,175372,220548,197960.19142808884
Software Engineer (Frontend),Mumbai,73694,47444,107138,77291.19685723516
Software Engineer (Backend),Bangalore,46307,41774,56123,48948.5
AI Engineer,Bhubaneswar,85744,74140,90931,82536.23148059091
Machine Learning Engineer,Bangalore,131018,115094,156095,135594.83316850528
Network Engineer,Pune,216801,137155,300833,218994.03374509118
Full Stack Developer,Hyderabad,46496,41431,54289,47860.118556282774
AI Engineer,Hyderabad,41870,19455,71449,45452.52540960223
Full Stack Developer,Pune,319238,223970,433867,328918.692978063
Software Engineer (Frontend),Kochi,31090,22596,27320,24958.523832999184
Mobile Developer,Mumbai,60471,57566,76104,66835.55219809769
Software Engineer,Hyderabad,718458,662743,763357,713050.3675271275
Data Scientist,Hyderabad,353544,250303,494686,372494.82769283745
Machine Learning Engineer,Bangalore,135676,125991,159772,142882.16630338266
Data Scientist,Hyderabad,32025,23435,43588,33512.18351611615
Machine Learning Engineer,Hyderabad,190192,177306,222923,200114.9090844654
Full Stack Developer,Bangalore,669465,495788,929057,712422.9914416596
Technical Writer,Trivandrum,16590,15929,17252,16590.600401372536
Machine Learning Engineer,Surat,159704,149222,170200,159711.53813676402
Machine Learning Engineer,Mysore,182474,159152,208214,183683.25354850496
Software Engineer (Backend),Bangalore,580838,475631,543615,509623.622397783
Machine Learning Engineer,Delhi,156267,141624,186183,163904.03096210046
AI Engineer,Mumbai,223921,200242,237125,218684.151813358
AI Engineer,Mumbai,41188,31306,55045,43175.686337406325
Full Stack Developer,Pune,48445,38241,57886,48064.3188990765
Software Engineer (Frontend),Bangalore,185641,168788,202493,185640.5
Machine Learning Engineer,Bangalore,221456,186634,262076,224355.50954714546
Machine Learning Engineer,Indore,175260,147086,195166,171126.70572545697
Junior Developer,Hyderabad,105761,92855,117561,105208.55486189704
Full Stack Developer,Hyderabad,7371,6183,7697,6940.68522968037
Research Scientist,Hyderabad,93056,96462,100124,98293.2322247093
Machine Learning Engineer,Hyderabad,194555,156264,229969,193117.03799343045
Technical Writer,Delhi,226628,178996,274259,226628.21896493516
AI Engineer,Hyderabad,108831,93339,132891,113115.5814624672
Full Stack Developer,Surat,5799,3397,7280,5339.1061924932765
AI Engineer,Hyderabad,22273,19719,26898,23309.008796000675
Data Scientist,Visakhapatnam,1474566,26323,35679,31001.438363534715
Mobile Developer,Lucknow,220303,214489,226116,220302.5
Machine Learning Engineer,Lucknow,187559,174647,211283,192965.26880912966
Data Scientist,Kochi,113610,92996,136162,114579.7584578155
Database Administrator,Lucknow,103482,87119,120172,103645.93628840239
Data Scientist,Hyderabad,221896,181390,271471,226430.8264368709
Data Scientist,Bangalore,83619,66160,93685,79923.22830802914
Data Scientist,Visakhapatnam,135031,120640,155032,137836.473202353
Software Engineer,Hyderabad,76100,49663,106534,78098.66995984645
Full Stack Developer,Bangalore,144848,91591,204198,147895.11770786875
NLP Engineer,Gurgaon,71462,54444,84178,69311.22208410702
Software Engineer (Backend),Mysore,41229,21845,60469,41157.704526559675
Software Engineer,Kochi,34199,127658,179306,153482.40810206748
Robotics Engineer,Mumbai,102722,92025,109721,100873.31605229774
AI Engineer,Hyderabad,18104,11699,26235,18967.75142554462
Data Scientist,Kolkata,1324903,921577,1739238,1330408.24820738
Software Engineer (Frontend),Trivandrum,267859,167620,327186,247403.00307881262
Machine Learning Engineer,Mumbai,202018,191562,239474,215518.4049310835
Data Scientist,Gurgaon,291278,153686,447504,300595.1724933365
Machine Learning Engineer,Ahmedabad,207947,181919,222757,202338.32780608116
Full Stack Developer,Delhi,35678,32187,44897,38542.052360106856
AI Engineer,Kochi,159396,126258,186808,156533.49228053313
Data Scientist,Lucknow,82053,54293,113975,84134.0946112495
Network Engineer,Hyderabad,211421,154380,260227,207303.93302877602
Machine Learning Engineer,Hyderabad,84036,69784,92040,80912.63626689289
Data Scientist,Bangalore,10534,7487,13465,10476.298316034408
Cloud Engineer,Bangalore,247862,210409,285832,248121.21184771316
Software Engineer (Frontend),Trivandrum,202468,196281,208654,202467.5
Software Engineer,Bangalore,482098,420019,518427,469223.17522764415
Machine Learning Engineer,Hyderabad,218995,200992,250165,225579.10137178958
AI Engineer,Coimbatore,192434,132565,307904,220234.66913426746
Machine Learning Engineer,Indore,147281,134201,167752,150976.84550052468
Machine Learning Engineer,Bangalore,177516,155805,212156,183980.70656507072
Software Engineer (Frontend),Bangalore,113001,88730,122577,105653.59569260437
Principal Engineer,Bangalore,399377,354162,469721,411941.74498805765
Full Stack Developer,Mumbai,92223,79822,97290,88556.14146921562
Machine Learning Engineer,Lucknow,99307,82094,108099,95097.1789771314
AI Engineer,Mumbai,30688,23794,38987,31390.585955117233
AI Engineer,Nagpur,758978,548621,926536,737578.8408317075
Full Stack Developer,Bangalore,156877,115979,195998,155989.0980151681
Machine Learning Engineer,Bangalore,136358,116443,160487,138465.4249408791
Full Stack Developer,Hyderabad,18344,15291,25565,20428.596972701158
Full Stack Developer,Gurgaon,235118,214860,259349,237104.92710774986
Android Developer,Mumbai,57759,23103,144397,83750.55
Software Engineer (Backend),Bangalore,425969,355940,480023,417981.8017014162
Software Engineer (Frontend),Bhubaneswar,79102,94086,76736,85411.32889212167
Junior Developer,Mysore,129822,113806,138989,126398.04388697681
Lead Data Scientist,Hyderabad,127842,67442,208206,137824.6372012609
Machine Learning Engineer,Bangalore,217688,174275,249062,211668.93480429362
Robotics Engineer,Visakhapatnam,46121,39334,53572,46453.58002587826
Machine Learning Engineer,Hyderabad,154759,132950,184090,158520.39651350654
QA Engineer,Bangalore,274707,259501,327640,293570.7057578392
AI Engineer,Bangalore,2116527,1506494,2872770,2189632.380340521
Data Engineer,Hyderabad,33314,15860,51088,33474.16052862026
Data Scientist,Mumbai,548540,364242,687147,525695.1340926102
Software Engineer (Backend),Bangalore,88082,80996,95168,88082.0
NLP Engineer,Coimbatore,113404,105175,121632,113403.86935898726
Software Engineer,Surat,49228,50353,52752,51553.06565700449
Software Engineer (Frontend),Trivandrum,52316,37899,46840,42369.97748940192
Full Stack Developer,Hyderabad,155950,99039,247751,173395.84606674893
Software Engineer,Hyderabad,82945,70961,85190,78075.51019725112
Software Engineer,Hyderabad,54043,52834,83043,67938.63484203773
Junior Developer,Noida,210003,178842,238765,208804.30175153748
Machine Learning Engineer,Gurgaon,179714,169581,204356,186969.18570875895
AI Engineer,Gurgaon,131701,74087,202720,138404.4019727435
Full Stack Developer,Hyderabad,59225,44501,75351,59926.63088441186
Data Scientist,Bangalore,416335,349982,479463,414723.2504387272
Cybersecurity Analyst,Hyderabad,188334,164815,116476,140645.59999999998
Machine Learning Engineer,Bangalore,144859,137330,161156,149243.6137671336
Product Manager,Nagpur,208174,170078,219934,195006.56367273087
Software Engineer (Frontend),Noida,7757,7419,8094,7756.5
Data Scientist,Goa,48707,39050,60086,49568.459681725784
Full Stack Developer,Chennai,813073,588517,1268883,928700.8262397073
AI Engineer,Kochi,1764172,421519,2264043,1342781.376822369
Software Engineer (Backend),Lucknow,62970,79093,60028,69560.6
Full Stack Developer,Pune,47141,21881,82324,52103.019032560245
Software Engineer (Backend),Bangalore,581033,399802,672719,536260.9337348631
System Administrator,Nagpur,380632,174945,411906,293425.8738833879
Machine Learning Engineer,Bangalore,190698,172733,203386,188060.03799108136
Software Engineer,Surat,588891,561598,618805,590201.6876500449
Machine Learning Engineer,Bangalore,212930,186200,230908,208554.69568039474
iOS Developer,Bangalore,127326,102302,140901,121602.04458162849
AI Engineer,Hyderabad,360205,64679,398618,231648.95930725697
Software Engineer,Hyderabad,54977,45859,62609,54234.46559516083
Data Scientist,Jaipur,239173,196748,261979,229364.07231569587
Embedded Systems Engineer,Gurgaon,27479,16758,38200,27479.32108255019
Data Scientist,Trivandrum,221302,165499,260807,213153.09871631983
AI Engineer,Bangalore,314534,234714,425304,330009.75499767833
Full Stack Developer,Mumbai,194701,145346,286372,215859.5921503263
Technical Writer,Hyderabad,19435,18352,20516,19434.670892898183
Software Engineer (Backend),Chandigarh,50645,45246,58257,51752.01710272135
Software Engineer (Frontend),Bangalore,128549,81091,176006,128548.5
Software Engineer (Backend),Visakhapatnam,64532,40964,84707,62836.13452335669
Software Engineer (Frontend),Hyderabad,24805,23973,26091,25032.720513963264
AI Engineer,Pune,343479,58808,714884,386846.6127864724
Data Scientist,Hyderabad,81094,56851,105516,81183.69791083758
Machine Learning Engineer,Chennai,177381,157196,195764,176480.4244669897
Data Scientist,Kolkata,37713,18273,60017,39145.48585760795
AI Engineer,Bangalore,709070,541185,953732,747459.14448753
AI Engineer,Indore,29571,21785,36074,28929.902636719977
Information Security Engineer,Mumbai,347600,236203,562134,399169.1458574848
Software Engineer,Hyderabad,369441,265073,431475,348274.36497739295
Data Scientist,Hyderabad,3884941,3211420,4121260,3666340.802591585
Site Reliability Engineer,Hyderabad,59948,58131,61765,59948.0
Machine Learning Engineer,Indore,115632,102047,129001,115524.76021554091
Data Scientist,Lucknow,122025,83944,206094,145019.53080608818
AR/VR Engineer,Mumbai,54763,56671,67674,62173.23027679216
Software Engineer (Frontend),Surat,177486,171736,207235,189485.9393608121
Machine Learning Engineer,Hyderabad,97295,83675,111484,97579.94730591448
AI Engineer,Surat,452211,166734,1006441,586588.0184571926
Data Scientist,Bangalore,902721,802038,1074965,938501.900297422
Full Stack Developer,Hyderabad,839743,442398,1261015,851707.2798147325
AI Engineer,Bangalore,809613,653632,1076514,865073.8748913659
Machine Learning Engineer,Bangalore,216998,190786,257203,223994.94378598608
Machine Learning Engineer,Bangalore,195713,170685,222251,196468.41661486676
Data Scientist,Hyderabad,155075,83165,201734,142450.15241767932
Software Engineer (Frontend),Coimbatore,34150,32767,45451,39109.74286617991
Full Stack Developer,Indore,82936,65644,104813,85229.08885668506
Full Stack Developer,Chennai,85882,68364,96897,82630.92595427
Data Scientist,Goa,1073917,967345,1168366,1067856.1969500352
Software Engineer (Frontend),Goa,94425,86996,106234,96615.51765586014
Software Engineer,Bangalore,168579,133344,214452,173898.95186161104
Embedded Systems Engineer,Kolkata,300972,285752,356570,321161.7423826837
Software Engineer (Frontend),Delhi,28818,21684,42546,32115.35897719185
Lead Data Scientist,Gurgaon,2749,2425,3069,2747.783354277751
Network Engineer,Bangalore,18997,16442,27719,22081.312545559016
Software Engineer,Nagpur,66917,50410,83709,67059.92454494022
AI Engineer,Indore,43474,15810,124022,69916.72384058055
AI Engineer,Surat,531705,343013,795512,569263.0728322548
Full Stack Developer,Surat,499039,349769,646723,498246.3998125361
UI/UX Designer,Coimbatore,199632,165879,226892,196385.8525691129
Full Stack Developer,Lucknow,107346,90169,132487,111328.53850031953
Software Engineer (Frontend),Chennai,10564,7986,14150,11068.40126061143
Game Developer,Hyderabad,95279,83257,105581,94419.33412910886
AI Engineer,Pune,107068,92196,120184,106190.5751766552
Software Engineer (Frontend),Bangalore,518224,387444,584246,485845.6038705783
Data Scientist,Goa,34909,20133,48420,34277.37397836508
Software Engineer,Bangalore,29778,25559,34258,29908.757767635856
Research Scientist,Surat,68247,52431,87302,69866.65655647362
Blockchain Developer,Mumbai,1239931,27896,102220,65058.23061610283
Software Engineer (Frontend),Mumbai,137181,99044,181538,140291.0
AI Engineer,Hyderabad,46615,26361,68486,47424.207010586695
Data Scientist,Hyderabad,1196431,1104676,1445347,1275011.6706823804
Software Engineer (Backend),Bhubaneswar,89391,50097,162009,106053.38536877996
AI Engineer,Mumbai,195888,89402,329322,209362.50741961435
Mobile Developer,Gurgaon,104036,96923,128900,112911.96293184132
AI Engineer,Bangalore,1087780,643665,1195465,919565.4051006103
Information Security Engineer,Bangalore,395768,307188,489145,398167.16507896653
Machine Learning Engineer,Hyderabad,208712,183522,244540,214031.73934510123
Software Engineer,Chandigarh,319242,298462,338137,318299.9062014038
Data Scientist,Mumbai,490933,394207,594447,494327.786356867
Software Engineer,Bangalore,972879,878482,1005332,941907.8282491103
AI Engineer,Surat,1035814,803073,1478790,1140931.9255038765
UI/UX Designer,Gurgaon,73724,60623,79641,70132.44380732498
Data Scientist,Jaipur,347568,176517,475777,326147.28370596777
Software Engineer (Frontend),Hyderabad,182196,133262,209633,171448.22106057772
Full Stack Developer,Mumbai,27460,18601,38000,28301.283733263284
AI Engineer,Bangalore,273294,210308,385504,297906.15055023227
Data Scientist,Bangalore,98853,44682,158327,101505.19540059935
Software Engineer,Chandigarh,634512,389767,888809,639288.4108935047
AI Engineer,Bangalore,241190,141770,377460,259615.29639308027
Data Scientist,Bangalore,34409,20065,47966,34016.29284467363
AI Engineer,Hyderabad,383451,78461,413024,245742.6216227241
QA Engineer,Hyderabad,51036,44943,52434,48688.951361847176
Machine Learning Engineer,Hyderabad,177795,152855,191739,172297.44232264344
Software Engineer (Backend),Hyderabad,283287,171818,394755,283286.5
Software Engineer (Frontend),Mumbai,62263,59821,64703,62262.0
Data Scientist,Bangalore,1248092,554631,2135084,1344858.37867733
Research Scientist,Lucknow,29193,11186,15280,13233.427277325529
Software Engineer (Frontend),Mumbai,14004,7608,20747,14178.17272660592
Technical Architect,Mumbai,733742,426883,1040599,733741.0
Full Stack Developer,Mumbai,23718,15235,35371,25303.20851850778
Software Engineer,Jaipur,307328,294467,339481,316974.3304112463
Software Engineer,Trivandrum,482071,260715,744476,502595.84242426755
Technical Architect,Mysore,275401,175405,353006,264205.5
Cloud Engineer,Bangalore,273104,245705,288223,266964.4127485684
Software Engineer,Bangalore,195180,164243,256283,210263.80861721438
Full Stack Developer,Noida,12896,10268,16540,13404.489963260145
Software Engineer (Backend),Hyderabad,21088,14282,34682,24482.796280298728
Data Scientist,Pune,918522,790361,1125710,958035.9915491177
Software Engineer (Backend),Bangalore,16630,10728,20162,15445.161939412312
Data Scientist,Mysore,132019,122918,161145,142031.77616406188
Software Engineer,Goa,1096072,691436,1294261,992848.8718231155
Software Engineer,Nagpur,179961,163037,172379,167708.4014258639
Data Scientist,Gurgaon,161106,128873,176419,152646.50873027305
Technical Architect,Hyderabad,6562,6877,9640,8258.526942693348
Software Engineer,Gurgaon,67808,35725,95445,65585.44104125815
Software Engineer (Backend),Bangalore,242410,232090,274428,253259.43574033666
AI Engineer,Pune,348580,312731,422003,367367.3812728208
Machine Learning Engineer,Bangalore,177752,150645,205745,178195.6479807531
UI/UX Designer,Jaipur,144323,134294,167735,151015.38688133407
Software Engineer (Frontend),Ahmedabad,151304,144622,164931,154777.2675621924
Machine Learning Engineer,Kochi,139255,129137,162848,145993.02659467031
AI Engineer,Bangalore,781998,631003,1081791,856397.8862564513
Machine Learning Engineer,Mysore,77751,63725,82710,73217.9727496911
Software Engineer,Mumbai,22050,13950,27490,20720.39877123661
Data Scientist,Mumbai,42139,24365,64629,44497.49707729081
Machine Learning Engineer,Chandigarh,216176,182432,259225,220828.92750248127
Data Scientist,Hyderabad,513055,300580,843664,572122.252829233
Data Scientist,Bangalore,28617,20683,44747,32715.73188223484
Machine Learning Engineer,Hyderabad,120088,111740,129278,120509.55084684471
Blockchain Developer,Kochi,85199,44510,130789,87650.04088085888
Software Engineer (Frontend),Trivandrum,240012,207224,284703,245963.97886060562
Data Scientist,Bangalore,1628588,1388200,1813296,1600748.251111653
Data Scientist,Kochi,212798,126287,335921,231104.58589415843
Game Developer,Bangalore,663884,473460,835181,654321.3506368543
Machine Learning Engineer,Lucknow,93836,75599,98930,87265.03713913792
Software Engineer (Frontend),Mumbai,37735,35671,39798,37734.5
DevOps Engineer,Chennai,170435,475077,573629,524353.0
Embedded Systems Engineer,Pune,11591,9638,13543,11590.870526237257
AI Engineer,Indore,79325,62635,100888,81761.89988581454
Data Scientist,Hyderabad,1120330,934634,1346632,1140633.6515439139
QA Engineer,Mumbai,15890,14781,18041,16411.642654619798
Software Engineer (Backend),Coimbatore,628366,507887,940735,724311.4303031422
QA Engineer,Visakhapatnam,1676,1603,1717,1660.9036189194364
Machine Learning Engineer,Bangalore,114534,97757,125782,111769.88739859255
Full Stack Developer,Hyderabad,177944,134926,273163,204045.195193164
Data Scientist,Pune,491683,343321,670927,507124.49767043255
DevOps Engineer,Visakhapatnam,85678,20440,50668,35554.55319368641
Machine Learning Engineer,Bangalore,204003,187853,233911,210882.54166952212
Data Scientist,Chandigarh,304973,217571,470663,344117.4392252813
AI Engineer,Delhi,15995,9214,23926,16570.440491640395
Full Stack Developer,Ahmedabad,63283,38246,74827,56536.77960599201
Software Engineer (Frontend),Lucknow,17088,11536,20165,15850.5
NLP Engineer,Bhubaneswar,275512,261057,373591,317324.3986600382
Full Stack Developer,Jaipur,532392,485711,621527,553619.1173401334
Machine Learning Engineer,Bangalore,193493,177943,216785,197364.31103740947
Software Engineer,Hyderabad,387707,340098,429283,384691.198670196
Data Scientist,Jaipur,98808,62959,141358,102158.9119261046
Full Stack Developer,Surat,366841,223276,573956,398616.76941849047
Software Engineer,Surat,59220,56026,65450,60738.32372828551
Technical Architect,Gurgaon,122293,112051,147019,129535.17215099256
Software Engineer (Frontend),Nagpur,176449,107596,215237,161416.8386261614
Software Engineer (Frontend),Visakhapatnam,328787,265940,301610,283775.2758419456
Android Developer,Noida,34233,25658,48443,37051.47732832996
Software Engineer,Bangalore,87605,59666,129998,94832.60945784391
Software Engineer (Frontend),Mysore,289644,270664,308622,289643.0
Software Engineer,Kochi,1892,1425,2219,1822.3408937088413
Full Stack Developer,Mumbai,265576,184933,436151,310542.25806882535
Machine Learning Engineer,Bangalore,160875,137653,189649,163651.91408313625
Data Scientist,Bangalore,81770,62480,88773,75627.30113245866
Data Scientist,Bangalore,853730,478353,1286703,882528.6801239869
AI Engineer,Ahmedabad,96419,20646,114669,67658.03024940265
AR/VR Engineer,Ahmedabad,26130,25095,27163,26129.0
AI Engineer,Bangalore,65763,44606,106277,75441.77721386738
QA Engineer,Hyderabad,4011,2725,4490,3608.3573416009954
Full Stack Developer,Jaipur,41666,39442,44811,42127.19681990201
Software Engineer (Backend),Jaipur,23979,24454,24293,24373.805322832224
Software Engineer,Mumbai,743017,424371,1120290,772330.9249463764
AI Engineer,Kolkata,43710,29975,51710,40842.67333691365
Software Engineer (Frontend),Mumbai,212888,216283,183399,199841.4415917893
Software Engineer,Bangalore,425126,376536,434267,405402.40469782887
Data Scientist,Hyderabad,30546,25055,35505,30280.56664237538
AR/VR Engineer,Mumbai,291736,246056,298364,272210.5371197237
Software Engineer,Bhubaneswar,235230,133604,328775,231189.91634360724
Blockchain Developer,Bangalore,98107,65728,124129,94929.20762536553
Software Engineer,Kolkata,150283,114168,191655,152911.7241336163
AI Engineer,Gurgaon,1954039,1619076,2320788,1969932.313654697
Data Scientist,Chennai,231032,191868,312718,252293.11706890864
Data Scientist,Trivandrum,17458,13749,19705,16727.378082059317
Software Engineer (Backend),Hyderabad,199285,120907,229808,175357.8867679772
Software Engineer (Backend),Lucknow,108649,63459,139979,101719.22743037448
Machine Learning Engineer,Bangalore,177957,149002,195633,172318.03259574767
Software Engineer (Backend),Kochi,27347,22451,46685,34568.55555084209
Software Engineer (Frontend),Ahmedabad,35723,21912,40826,31369.381392826755
Cloud Engineer,Bangalore,256136,237154,275268,256211.77484361755
Mobile Developer,Chennai,51362,90960,32064,61512.53802339354
Software Engineer,Mumbai,183301,166913,190732,178823.08014201335
Data Scientist,Chennai,1307615,740820,1932396,1336608.4037519298
Database Administrator,Gurgaon,227706,205841,264952,235397.1226624983
AI Engineer,Lucknow,24088,13598,34771,24185.142636839424
Full Stack Developer,Hyderabad,2357,1641,3533,2587.5200033835135
Software Engineer,Hyderabad,477873,387157,585302,486230.12551852956
Software Engineer (Frontend),Mysore,4433482,1838599,6238003,4038301.7110357974
Data Scientist,Bangalore,143766,113853,167154,140504.3007621927
Full Stack Developer,Bangalore,221156,172007,298622,235314.91760778247
Software Engineer,Pune,386533,239263,542034,390648.8376684559
Full Stack Developer,Coimbatore,362561,284232,420926,352579.651134192
iOS Developer,Mysore,76442,60499,100103,80301.08494784588
Blockchain Developer,Delhi,5799499,850586,1294693,1072639.7198649659
Data Scientist,Mumbai,115483,81340,164010,122675.54225774267
Machine Learning Engineer,Jaipur,122582,114310,140846,127578.39557036449
Software Engineer (Frontend),Lucknow,37390,35874,38906,37390.0
NLP Engineer,Lucknow,35220,33801,36638,35219.922519626845
Software Engineer,Mumbai,23588,15495,34561,25028.746073612798
Data Scientist,Jaipur,6222,3291,9146,6218.738629298685
Machine Learning Engineer,Bangalore,95709,77318,106356,91837.52088918972
Full Stack Developer,Bangalore,706781,531157,878808,704983.1791528685
AI Engineer,Coimbatore,966953,187424,1301805,744614.7393769935
Data Scientist,Hyderabad,45997,23998,63434,43716.25122075307
Blockchain Developer,Chandigarh,20684,15626,25658,20642.110395207677
Data Scientist,Hyderabad,2311380,1612900,3919279,2766090.0822128
Software Engineer,Jaipur,44229,42107,50741,46424.0670218488
Robotics Engineer,Mumbai,161787,153322,190556,171939.49225648737
Software Engineer (Frontend),Pune,125734,113064,131666,122365.56752163262
Senior Software Engineer,Bangalore,778849,635055,958176,796616.2172725054
Technical Architect,Indore,370637,238354,472205,355279.96545294987
Data Scientist,Goa,79031,59368,134747,97057.68590310164
Machine Learning Engineer,Chennai,142798,129404,160862,145133.89709534097
Machine Learning Engineer,Bangalore,218658,176118,236532,206325.5059761349
Software Engineer,Indore,151054,95891,200171,148031.18061835575
Data Scientist,Bangalore,66608,46513,90463,68488.78141090635
Principal Engineer,Bangalore,829860,659135,951096,805115.8470113117
Data Scientist,Nagpur,6125,4631,7240,5935.678005531754
Data Scientist,Delhi,42676,38356,52279,45317.975963589866
Machine Learning Engineer,Chandigarh,155047,138632,171010,154821.69045275953
QA Engineer,Delhi,993332,643687,1372924,1008306.4500263311
AI Engineer,Pune,994672,271910,1078308,675109.6678343699
Full Stack Developer,Mumbai,121323,81010,181677,131344.1740080245
Full Stack Developer,Bangalore,268044,187495,365272,276383.8632500617
Software Engineer,Mumbai,118902,80246,157775,119010.94030713465
Machine Learning Engineer,Kolkata,96098,81767,101460,91613.86191626513
AI Engineer,Trivandrum,16578,12228,27514,19871.163014212172
AI Engineer,Kochi,44932,28648,66733,47690.769554904706
Data Engineer,Goa,19912,19004,23817,21410.875334378743
Machine Learning Engineer,Bangalore,176134,145067,187429,166248.58266411175
Site Reliability Engineer,Hyderabad,47113,31508,62718,47113.0
Machine Learning Engineer,Kochi,134541,125455,160107,142781.47936372628
Software Engineer (Frontend),Indore,98478,63718,133238,98478.0
Machine Learning Engineer,Bangalore,157801,148882,169635,159258.8158293347
Software Engineer (Frontend),Bangalore,394293,384119,404466,394292.5
Software Engineer (Backend),Bangalore,498099,412588,575110,493849.4316039246
Software Engineer (Frontend),Bangalore,225847,212202,343114,277658.5415088325
AR/VR Engineer,Coimbatore,27192,17733,36650,27191.5
Network Engineer,Goa,105823,85748,153352,119550.60207049799
Software Engineer (Backend),Mumbai,32595,27645,33666,30656.138298901955
Software Engineer,Chandigarh,169803,157045,191440,174243.00652576837
AI Engineer,Lucknow,305005,109674,857640,483657.6546393858
Data Scientist,Hyderabad,507738,401808,739076,570442.622623126
Software Engineer,Indore,5850,5692,6512,6102.272893601173
Software Engineer,Delhi,80149,65817,97284,81551.24391292469
Software Engineer (Frontend),Bangalore,269669,310696,337085,323891.041176272
Software Engineer (Backend),Bangalore,59773,39530,83475,61502.86289561379
Machine Learning Engineer,Jaipur,161725,137547,182764,160155.9766341449
Mobile Developer,Chennai,149118,127711,147505,137608.7435142009
Machine Learning Engineer,Noida,192435,176863,227026,201944.91711204228
Software Engineer (Frontend),Hyderabad,482123,302601,898909,600755.5880029327
Software Engineer (Backend),Mumbai,11287,11737,11986,11861.773682181793
AI Engineer,Mysore,193884,126146,273366,199756.66203711592
Android Developer,Kochi,118225,87079,152015,119547.38321876322
Software Engineer,Jaipur,235174,159106,302658,230882.36259928165
Information Security Engineer,Mumbai,33474,31384,37764,34574.654307315315
iOS Developer,Ahmedabad,78839,58859,104756,81807.91438529891
Software Engineer (Backend),Nagpur,44385,35382,62533,48957.5
Software Engineer (Frontend),Kolkata,45149,36905,44935,40920.239739606
Research Scientist,Indore,38792,26472,49241,37856.89936118436
Data Scientist,Hyderabad,151095,57394,428431,242913.08484321015
Computer Vision Engineer,Noida,22878,21493,24422,22957.737485733436
Full Stack Developer,Bangalore,609318,470067,863451,666759.4977024643
Software Engineer (Backend),Bangalore,15197,766480,929321,847900.5
QA Engineer,Gurgaon,85992,81971,91678,86824.97279187547
Full Stack Developer,Chennai,106916,71416,141084,106250.51132526374
Machine Learning Engineer,Bangalore,89288,73613,103756,88685.0199461657
Full Stack Developer,Bhubaneswar,266333,137385,438667,288026.5608056431
Software Engineer (Frontend),Nagpur,35423,24233,46612,35422.5
Mobile Developer,Bangalore,190119,211222,219185,215204.05450661096
Software Engineer (Frontend),Mysore,102848,78547,110324,94435.69558440874
AI Engineer,Jaipur,105970,62944,168336,115640.20299973749
AI Engineer,Hyderabad,135614,104908,154663,129785.81277207515
Site Reliability Engineer,Surat,363034,292127,433939,363033.0
Software Engineer (Frontend),Coimbatore,132725,81645,219502,150573.9312804379
Software Engineer,Ahmedabad,13616,11475,15954,13715.357142604418
Data Scientist,Mumbai,14997,11848,16998,14423.451550037273
Software Engineer,Chennai,20248,18403,23369,20886.211303666292
iOS Developer,Trivandrum,755,599,898,748.9119775328413
Software Engineer,Chennai,442444,253276,639189,446233.14917830564
AI Engineer,Hyderabad,82460,15081,119742,67411.70940039029
Data Scientist,Bangalore,606593,307491,871685,589588.681547278
Software Engineer,Bangalore,24517,23585,25846,24715.80393806294
Software Engineer,Bangalore,628985,499992,707763,603878.1669187127
Full Stack Developer,Mumbai,429851,305281,583390,444336.16802793747
Software Engineer (Frontend),Visakhapatnam,100115,63925,114035,88980.40403724436
Game Developer,Visakhapatnam,15314,10574,19119,14846.824951092709
Full Stack Developer,Goa,211791,140746,301662,221204.6906870164
Data Scientist,Hyderabad,95645,68759,144438,106598.96566315615
Data Scientist,Mumbai,59578,50210,66593,58401.85505007151
Full Stack Developer,Bangalore,506790,338792,666851,502822.2472643872
Software Engineer (Backend),Visakhapatnam,197764,185470,260157,222813.8162343396
Software Engineer (Backend),Bangalore,2371,1499,3548,2524.228689133362
Software Engineer (Frontend),Bangalore,36250,20494,47941,34218.19301765549
Machine Learning Engineer,Delhi,195226,178600,207933,193266.7809747925
Machine Learning Engineer,Jaipur,226404,201021,261026,231024.08172330228
Data Scientist,Kochi,8362,4941,13194,9068.196879494182
Cloud Engineer,Chandigarh,182646,163301,211928,187614.7666995768
Data Scientist,Hyderabad,24725,19119,30027,24573.5835729908
Full Stack Developer,Hyderabad,42455,981622,1680585,1331103.884816802
Junior Developer,Gurgaon,58920,52148,65939,59043.85147921221
Junior Developer,Ahmedabad,243993,200924,258096,229510.29364616668
Machine Learning Engineer,Mumbai,74651,65651,85453,75552.69785215516
Machine Learning Engineer,Hyderabad,94811,85047,106729,95888.82672818154
Data Scientist,Lucknow,18870,14012,22970,18491.4067253592
AI Engineer,Hyderabad,31558,14104,52066,33085.87471328805
Computer Vision Engineer,Bangalore,382505,262228,454582,358405.7825791481
Full Stack Developer,Bangalore,971064,743311,1225869,984590.3256449082
Data Scientist,Bangalore,713453,592960,846064,719512.4683806406
Machine Learning Engineer,Mumbai,195680,182394,215290,198842.55315267103
Robotics Engineer,Bangalore,117733,104594,134940,119767.21845946956
Full Stack Developer,Bangalore,396888,311997,495439,403718.19327216514
AI Engineer,Chennai,809745,615534,1024519,820026.9884837947
System Administrator,Nagpur,55257,36016,74498,55257.0
Data Scientist,Nagpur,395205,181239,585736,383488.41348868667
Full Stack Developer,Mumbai,131816,103141,160523,131832.35721535105
Software Engineer (Frontend),Nagpur,78067,63912,92220,78066.0
Game Developer,Bangalore,439676,293351,578165,435758.42455197196
Software Engineer (Frontend),Hyderabad,180530,107446,321473,214459.9765575112
Embedded Systems Engineer,Goa,520588,390679,782860,586770.3373054846
Software Engineer,Visakhapatnam,140859,75742,202323,139032.88259406528
AI Engineer,Indore,46944,38255,73355,55805.449668580346
Lead Data Scientist,Bangalore,41209,19020,73068,46044.13173176668
Software Engineer (Backend),Trivandrum,83958,58213,100314,79264.26735491007
Software Engineer (Frontend),Hyderabad,22261,19313,27024,23168.5
Software Engineer (Frontend),Hyderabad,218063,197934,230469,214201.89190342306
Machine Learning Engineer,Kochi,191295,165943,213059,189501.4125974533
Software Engineer,Chandigarh,35278,17497,49825,33661.74547476738
Data Scientist,Chennai,21130,20329,21857,21093.196458295344
UI/UX Designer,Coimbatore,91114,86369,101914,94141.67874801593
Machine Learning Engineer,Hyderabad,167609,155636,187422,171529.51212222807
Software Engineer (Frontend),Jaipur,157796,118607,166142,142375.28699113984
Software Engineer,Noida,291839,194787,332196,263492.2014443201
Software Engineer (Backend),Mumbai,65324,34413,82255,58334.31179326953
Software Engineer (Backend),Visakhapatnam,452419,436437,473330,454883.9583779031
Software Engineer (Frontend),Mysore,742855,643941,851529,747735.6199841137
Machine Learning Engineer,Kochi,204995,176531,219408,197970.03849485185
Principal Engineer,Nagpur,80514,77573,83454,80513.82290010223
Software Engineer,Mumbai,19067,17323,27767,22545.33135706416
Machine Learning Engineer,Bangalore,154739,146012,171971,158992.00173046667
Data Scientist,Bangalore,669193,523950,804588,664269.5208102089
DevOps Engineer,Chennai,38878,60301,118401,89351.73488603636
Software Engineer (Backend),Bangalore,59030,39680,78379,59029.5
Technical Writer,Mumbai,190478,97236,222952,160094.5070807046
Database Administrator,Bangalore,251881,217858,284795,251327.03243829112
AI Engineer,Hyderabad,83703,63177,126523,94850.31581054482
Software Engineer (Backend),Mumbai,196210,157874,267091,212483.00494996808
Full Stack Developer,Bangalore,1502475,1450959,1688855,1569907.7690439331
Junior Developer,Mumbai,102743,90487,115354,102921.29206866404
Software Engineer,Mumbai,47020,35634,56515,46074.89511498745
Information Security Engineer,Gurgaon,11413,90847,56669,73758.22629037686
Site Reliability Engineer,Hyderabad,263529,152206,330537,241372.00686722458
Software Engineer (Frontend),Nagpur,79966,50295,94801,72548.27779157399
Machine Learning Engineer,Chennai,187710,170240,208765,189502.76249901878
Database Administrator,Hyderabad,167820,144866,188016,166441.41258719022
Software Engineer (Frontend),Bangalore,112025,70907,164367,117637.66024874999
Software Engineer (Frontend),Jaipur,219584,172949,257198,215074.11600064507
Senior Software Engineer,Indore,215000,131241,229181,180211.5715108543
Junior Developer,Indore,237611,217591,257116,237353.93791004116
Software Engineer,Bangalore,491886,432644,590010,511327.82757874986
Full Stack Developer,Mysore,48564,43475,61729,52602.746834621474
AI Engineer,Chennai,114307,95007,128402,111704.99983628794
AI Engineer,Hyderabad,1118820,913690,1367709,1140699.6950332206
UI/UX Designer,Delhi,281010,255467,325744,290605.86989516445
Principal Engineer,Bangalore,938477,629796,1038508,834152.4569598332
Software Engineer (Frontend),Nagpur,13867,12625,15108,13866.5
Data Scientist,Bangalore,557866,420060,699298,559679.4346620572
AR/VR Engineer,Hyderabad,19490,16432,22548,19490.0
Full Stack Developer,Lucknow,56917,53957,66526,60241.56290424905
Machine Learning Engineer,Bangalore,143093,134817,155491,145154.78532456816
AI Engineer,Mysore,679240,580047,851229,715638.6051533512
Data Scientist,Mumbai,97513,60175,145894,103034.9766223865
Machine Learning Engineer,Bangalore,183132,164509,207523,186016.20487930014
Data Scientist,Mumbai,101984,85238,120947,103092.94172719272
AI Engineer,Mysore,89376,74647,110193,92420.69647285782
Software Engineer (Backend),Coimbatore,135003,68130,154974,111552.82203421394
Software Engineer (Backend),Bhubaneswar,53599,39280,76484,57882.41954806607
Data Scientist,Hyderabad,8562,5215,11276,8245.782955816925
Software Engineer (Backend),Kolkata,17085,20966,20334,20650.789367622114
Data Scientist,Bangalore,483994,340743,776499,558621.5319704533
Software Engineer,Bangalore,173584,125527,251007,188267.26133679374
Software Engineer,Bhubaneswar,71987,70848,76861,73855.12494775157
AI Engineer,Bangalore,472857,443419,585258,514338.617842801
Software Engineer (Frontend),Bangalore,199119,164771,229925,197348.4873285737
Software Engineer (Backend),Nagpur,54912,46463,81819,64141.0
Software Engineer,Bangalore,143098,122005,184708,153357.09786592764
Machine Learning Engineer,Indore,82950,68506,94506,81506.28805664371
Data Scientist,Bangalore,187669,160378,229746,195062.70003950418
Data Scientist,Kochi,13550,9739,19393,14566.615028210705
AI Engineer,Nagpur,252176,181762,343099,262431.1725097174
Full Stack Developer,Nagpur,97677,52848,153586,103217.7805509512
Data Scientist,Mysore,342469,198773,470830,334802.080078571
Machine Learning Engineer,Mumbai,204973,169583,234216,201900.1029243357
Software Engineer,Visakhapatnam,141947,131593,152478,142035.99361837652
AI Engineer,Jaipur,12182,8809,14244,11527.236690995847
Full Stack Developer,Noida,404925,294310,571996,433153.3302458378
AI Engineer,Bhubaneswar,529525,160059,1068848,614454.2693133602
Software Engineer (Backend),Hyderabad,320676,260602,441716,351159.0
Software Engineer (Frontend),Pune,449236,302384,596087,449235.5
Software Engineer,Bangalore,478059,372789,637556,505173.0305173857
Data Scientist,Bangalore,18362,288390,394621,341505.9731359461
Software Engineer,Delhi,86197,70014,92054,81034.5479283808
AI Engineer,Bangalore,919328,680759,1087704,884231.8186945167
Data Scientist,Chandigarh,6904,3340,10300,6820.109390893136
Data Engineer,Mumbai,42528,34147,68759,51453.54397029511
Data Scientist,Pune,83400,64832,100848,82840.62084123326
Machine Learning Engineer,Chennai,77555,67686,86001,76844.12359956824
iOS Developer,Noida,4351,3411,4729,4070.7894920250446
Research Scientist,Bangalore,79810,76878,79911,78395.03336589591
Full Stack Developer,Bangalore,154886,111265,201105,156185.42601525589
Software Engineer (Backend),Bangalore,948598,774091,1176761,975426.4975866302
UI/UX Designer,Hyderabad,158927,133728,179720,156724.1981404202
Software Engineer (Backend),Hyderabad,57868,42538,58534,50536.49326214192
Software Engineer (Backend),Gurgaon,46275,42640,49909,46274.5
Software Engineer (Backend),Mumbai,9903,9282,10523,9902.5
Machine Learning Engineer,Bangalore,144415,120886,158407,139647.10613071814
Principal Engineer,Hyderabad,198921,126499,208973,160423.1109571349
Software Engineer,Bangalore,2504,2083,3526,2805.327403969223
Machine Learning Engineer,Pune,125086,111953,147090,129521.96535213877
AI Engineer,Bhubaneswar,1577200,1108460,1858969,1483715.0760859908
Robotics Engineer,Hyderabad,158811,138047,170309,154178.27771468903
AI Engineer,Coimbatore,286832,241093,324905,282999.10555603984
Full Stack Developer,Hyderabad,332663,246877,364548,305712.8334838029
AI Engineer,Bangalore,354948,320193,412066,366129.6313696148
Full Stack Developer,Bangalore,174524,148054,205160,176607.5198250189
Software Engineer (Frontend),Kolkata,13841,11104,16576,13840.0
AI Engineer,Mumbai,207188,175607,230521,203064.3630012197
AI Engineer,Jaipur,35936,32328,41193,36760.99897235482
AI Engineer,Mysore,210316,174557,230117,202337.7410705376
Software Engineer,Mumbai,66773,55906,77408,66657.45316776283
iOS Developer,Hyderabad,82952,69971,110175,90073.64673870026
Full Stack Developer,Chennai,402730,384204,436360,410282.81158609054
Full Stack Developer,Mysore,335490,188555,456477,322516.5303559039
Blockchain Developer,Hyderabad,349899,216721,506678,361699.93629535224
Database Administrator,Bangalore,178123,151291,212095,181693.63277972493
Network Engineer,Ahmedabad,64183,35941,87796,61869.19879411535
AI Engineer,Bangalore,80552,41848,118685,80267.04492840728
Data Scientist,Delhi,94533,78554,99282,88918.63866573146
Junior Developer,Chandigarh,142680,115242,168483,141862.91178408024
AI Engineer,Ahmedabad,423785,285120,634189,459655.10434124165
Machine Learning Engineer,Jaipur,88626,72155,94878,83517.08343203101
Technical Writer,Mumbai,24158,23203,25111,24820.623155503155
Data Scientist,Bangalore,59238,72965,60823,66894.45995135172
Machine Learning Engineer,Gurgaon,187237,175979,221763,198871.52835620675
Software Engineer (Frontend),Mumbai,1674675,767133,2539993,1653563.7389424485
AI Engineer,Coimbatore,146241,123247,166271,144759.0342064834
AI Engineer,Jaipur,162515,58545,259622,159083.80048631885
Software Engineer (Frontend),Mysore,43600,38544,47777,43161.02129277655
Software Engineer (Frontend),Bangalore,431804,382129,494871,438500.6726350703
Software Engineer (Frontend),Lucknow,36697,31690,48260,39975.0
Blockchain Developer,Bhubaneswar,39625,26997,47948,37472.961997556245
Embedded Systems Engineer,Trivandrum,56400,58023,53949,55986.401317331256
Data Scientist,Hyderabad,157467,145020,172005,158512.9866864426
Full Stack Developer,Kochi,841436,381256,1457403,919329.7489796306
Software Engineer (Frontend),Jaipur,59510,49892,69127,59509.5
Full Stack Developer,Bangalore,607854,439513,724006,581759.8072305545
Software Engineer,Bangalore,631777,538961,725285,632123.4468902112
AI Engineer,Coimbatore,1476226,289688,1307132,798410.2761543436
Data Engineer,Hyderabad,31389,18789,50577,34683.40809147668
Technical Writer,Jaipur,439119,294894,633909,464401.83142559277
Software Engineer (Frontend),Gurgaon,42543,37851,38102,37976.82941965845
Software Engineer,Indore,49418,41190,56813,49001.812794651974
Software Engineer,Bangalore,29587,23394,37257,30326.221880547746
Software Engineer,Goa,57223,50325,73817,62071.217384677504
Product Manager,Kochi,121900,110308,129395,119852.29819881999
AI Engineer,Ahmedabad,8063,2518,16119,9319.325035895876
Data Scientist,Bangalore,1190337,857361,1662405,1259883.5670807965
Software Engineer (Frontend),Mumbai,20833,12503,29162,20832.5
Data Scientist,Mumbai,164925,96826,281696,189261.45385777781
Software Engineer (Frontend),Coimbatore,265438,164309,395242,279775.6592340872
Full Stack Developer,Indore,16386,11898,20507,16203.187514020638
AI Engineer,Lucknow,407268,127021,351734,239378.1943239683
Software Engineer,Mumbai,39777,30279,43170,36725.15165079086
Data Scientist,Ahmedabad,529779,319727,783154,551441.1317531671
Data Scientist,Chandigarh,122912,104638,147008,125823.86017678693
Full Stack Developer,Bangalore,124643,113433,138221,125827.56268166608
Cloud Engineer,Chennai,189264,164388,216959,190674.05063231432
Senior Software Engineer,Hyderabad,157640,152790,173270,163030.77662092395
Mobile Developer,Bangalore,69706,77786,86048,81917.47035440104
Software Engineer,Visakhapatnam,54394,40752,63449,52100.93315175682
AI Engineer,Indore,127191,78658,215512,147085.1605754651
Full Stack Developer,Chennai,156834,82240,226449,154345.13464235043
Software Engineer (Frontend),Bhubaneswar,165022,86311,246816,166563.72229304546
AR/VR Engineer,Bhubaneswar,1190943,1085701,1349428,1217564.913392514
Machine Learning Engineer,Pune,192071,165835,210656,188246.08350429282
Full Stack Developer,Hyderabad,295870,167284,454136,310710.61582858517
AI Engineer,Bangalore,93479,54113,146435,100274.74129477696
Full Stack Developer,Hyderabad,43878,32145,54971,43558.574941079496
AR/VR Engineer,Bangalore,17306,8636,22337,15486.988505024165
Machine Learning Engineer,Hyderabad,127699,110555,150403,130479.52929818566
Full Stack Developer,Mysore,50146,19183,127366,73275.09332863806
Machine Learning Engineer,Hyderabad,207766,184478,235596,210037.78505487603
Data Scientist,Noida,24072,17181,28258,22719.89140087598
Game Developer,Hyderabad,490425,330612,559524,445068.61533477507
UI/UX Designer,Gurgaon,275008,260137,291427,275782.61545015086
Machine Learning Engineer,Bangalore,76364,65740,80489,73114.9505780371
Data Scientist,Pune,110858,69812,139908,104860.46387240312
Embedded Systems Engineer,Mumbai,171965,167594,210205,188899.59433234326
Full Stack Developer,Kochi,183774,106717,305250,205983.79564361146
Full Stack Developer,Bangalore,336705,304129,398529,351329.5495106782
AI Engineer,Gurgaon,3779,966,6165,3565.691473876395
Software Engineer (Frontend),Bangalore,484382,401620,563052,482336.48590718786
Database Administrator,Bangalore,105030,95841,116378,106109.5900143421
Full Stack Developer,Mumbai,250956,223818,274652,249235.61010952544
AI Engineer,Chennai,165277,87247,244282,165764.842572494
Principal Engineer,Mumbai,701088,545545,894694,720120.3367988158
Data Scientist,Bhubaneswar,457097,359294,498831,429062.8546458708
AI Engineer,Bangalore,142083,83644,206122,144883.5580777738
Software Engineer,Mumbai,60101,38210,90852,64531.6848016485
Software Engineer (Backend),Mumbai,63189,43985,81519,62752.350236376966
Cybersecurity Analyst,Gurgaon,65469,50721,53471,52096.71388590296
Machine Learning Engineer,Bangalore,185478,169150,218348,193749.78979070066
UI/UX Designer,Delhi,267474,248692,310285,279488.7665375947
Machine Learning Engineer,Chandigarh,107043,93683,122226,107955.15080984075
Software Engineer (Frontend),Bangalore,290191,262413,347251,304832.79181900574
Data Scientist,Bangalore,497025,353809,658167,505988.4238664111
AI Engineer,Trivandrum,145855,139909,166157,153033.59397692326
AI Engineer,Bangalore,241651,165628,328062,246845.2380910929
Software Engineer (Frontend),Hyderabad,8081,5321,8764,7042.934753353425
Android Developer,Hyderabad,128123,108037,179733,150698.24000412194
Machine Learning Engineer,Hyderabad,224647,183288,264303,223796.24310018955
Machine Learning Engineer,Kochi,111570,97195,129387,113291.77801377008
Blockchain Developer,Mumbai,1887537,1224803,2904027,2064415.5541329836
Full Stack Developer,Indore,86099,57493,143327,100410.54765494243
Data Scientist,Lucknow,860346,357508,444900,401204.6316728125
AR/VR Engineer,Lucknow,162271,141028,167412,154220.27785310132
Software Engineer (Frontend),Bangalore,106595,102347,110841,106594.0
Data Scientist,Bangalore,53206,42581,55877,49229.56494785082
AI Engineer,Hyderabad,354501,180880,586693,383786.9207131873
System Administrator,Bangalore,62546,45276,70489,57882.71852141203
Software Engineer (Frontend),Bhubaneswar,48979,19482,144295,81889.0176044071
Software Engineer,Bangalore,606316,495717,741055,618386.6515033508
Software Engineer,Hyderabad,547265,380521,762272,571396.9432939609
Full Stack Developer,Mumbai,142487,131099,174092,152596.119748758
Software Engineer (Frontend),Mumbai,49641,39499,59782,49640.5
Software Engineer,Gurgaon,176724,167179,184670,175924.63909708257
Software Engineer,Bangalore,97091,80679,128106,104392.92123122736
Junior Developer,Mumbai,167127,143662,175878,159770.15137997468
Data Scientist,Kochi,37555,30489,44468,37479.17179477622
Site Reliability Engineer,Hyderabad,42838,25107,65387,45247.51016191703
Embedded Systems Engineer,Hyderabad,1212467,249207,659293,454250.0
Data Engineer,Hyderabad,16896,10146,23284,16715.603311390612
Data Scientist,Hyderabad,214935,186124,270167,228146.24516492453
Full Stack Developer,Bangalore,153316,131287,165234,148260.97820354218
Data Scientist,Mumbai,25560793,20342268,26824264,23583266.600512143
Data Scientist,Mumbai,95189,55667,110105,82886.57776176595
Software Engineer (Backend),Mysore,37070,30537,49113,39825.682709123226
AI Engineer,Lucknow,61623,28753,90856,59805.19137225926
Full Stack Developer,Indore,22481,13436,31220,22328.40301801601
Software Engineer,Coimbatore,81563,77562,78036,77799.10958422002
AI Engineer,Kochi,328027,215006,490201,352603.92907477147
Machine Learning Engineer,Bangalore,152961,136160,169987,153073.773586008
Mobile Developer,Bhubaneswar,13984,5888,18644,12266.391132162837
Cloud Engineer,Hyderabad,110910,90566,118760,104663.71783874132
Machine Learning Engineer,Delhi,106386,93066,111778,102422.48531585297
AI Engineer,Bangalore,247712,118712,420778,269745.71280569845
Software Engineer (Backend),Chennai,60521,40834,78305,59569.73274311134
AI Engineer,Hyderabad,69346,17355,76142,46748.73468666606
Data Scientist,Coimbatore,23192,20644,27031,23837.885261274936
Software Engineer,Bangalore,258384,239962,281797,260880.00809053308
AR/VR Engineer,Kochi,174941,150337,207086,178711.69328735291
Machine Learning Engineer,Gurgaon,77168,68507,85324,76915.98598517542
Data Scientist,Hyderabad,251649,133604,411345,272475.0997827579
Software Engineer,Bangalore,598826,477898,719983,598941.1542563931
Machine Learning Engineer,Bangalore,146923,128179,158141,143160.72403403974
Software Engineer,Chandigarh,376739,205028,558774,381901.13968289766
Data Scientist,Bangalore,1512422,490215,4319001,2404608.298500686
Data Scientist,Bangalore,168260,101021,235600,168311.18016477142
Software Engineer,Trivandrum,146043,143309,150934,147122.38937734248
Full Stack Developer,Bangalore,109223,84954,146731,115843.13078946433
Data Engineer,Nagpur,42887,32664,55661,44162.791830064525
Machine Learning Engineer,Bangalore,191874,180373,206642,193508.11454547115
AI Engineer,Bangalore,106605,24096,235701,129899.0931601374
Machine Learning Engineer,Chennai,147635,136124,157588,146856.3657320303
Software Engineer,Lucknow,140253,144988,160607,152797.79113843688
Mobile Developer,Goa,1346780,1022186,1671374,1346780.0
Full Stack Developer,Bangalore,630662,442974,834053,638513.6536174591
Game Developer,Bangalore,1834140,1420964,2257847,1839406.4221006874
Senior Software Engineer,Bhubaneswar,109560,102594,112604,107599.64924427422
Software Engineer (Frontend),Hyderabad,35796,32948,38643,35795.5
Game Developer,Hyderabad,261967,233128,284501,258815.12271527466
Data Scientist,Ahmedabad,43526,29004,63067,46036.15746588117
AI Engineer,Trivandrum,141202,115669,158298,136984.02364870132
System Administrator,Coimbatore,53837,33302,74371,53836.5
Blockchain Developer,Hyderabad,61938,54860,75027,64943.850433493906
Blockchain Developer,Mysore,85008,69083,103332,86208.20973298536
Software Engineer (Backend),Mumbai,7619,7236,8553,7894.895399803858
AI Engineer,Bhubaneswar,185325,140126,273506,206816.47286993757
AI Engineer,Hyderabad,65832,49581,78066,63824.20773046951
Data Scientist,Pune,34133,23651,45398,34525.3317683649
Software Engineer (Frontend),Surat,57817,55039,60594,57816.5
AI Engineer,Bangalore,731280,593951,793157,693554.7266695786
Software Engineer (Backend),Chennai,36386,21121,39265,30193.606579559673
Junior Developer,Indore,84534,74812,99739,87276.15811012061
Machine Learning Engineer,Pune,194719,171107,232307,201707.52055167334
Machine Learning Engineer,Kochi,157687,141770,169091,155431.1299041054
Software Engineer,Bangalore,461861,389932,525463,457698.22712166456
Software Engineer (Frontend),Indore,81065,60329,105643,82986.20616362628
Software Engineer (Backend),Bangalore,222587,168673,245065,206869.57695437194
Junior Developer,Bangalore,150869,129386,163232,146309.67319092032
Software Engineer,Bangalore,142702,110106,162361,136234.16993326478
AI Engineer,Bangalore,169622,108658,248961,178810.20931262884
AI Engineer,Visakhapatnam,46867,38816,53105,45961.20774549869
Machine Learning Engineer,Kolkata,131953,114077,140418,127247.97289944036
AI Engineer,Bangalore,573284,496807,667459,582133.3304801084
Software Engineer,Mumbai,94733,63126,107751,85438.86861524885
Software Engineer (Backend),Bangalore,796049,572860,938242,755551.3748460608
Software Engineer,Mumbai,57559,51136,79205,65171.05403372748
Machine Learning Engineer,Mumbai,152424,130466,173892,152179.45483058217
Data Engineer,Bangalore,913884,612292,1309940,961116.8155870327
Junior Developer,Bhubaneswar,126512,116512,133495,125004.1501932377
Data Scientist,Hyderabad,50628,39270,55403,47337.07191337904
Software Engineer (Frontend),Nagpur,179382,152044,194359,173202.2979380669
Data Scientist,Indore,38759,18657,64719,41688.781972475634
Software Engineer (Backend),Lucknow,43121,32355,47174,39765.02753747341
Machine Learning Engineer,Jaipur,136760,117520,162832,140176.69666130195
AI Engineer,Bangalore,219448,157134,247701,202418.1863748436
Software Engineer,Bangalore,258021,235526,275912,255719.16129723447
Lead Data Scientist,Lucknow,53216,41275,65702,53489.03593224694
Data Scientist,Trivandrum,73003,47497,109480,78489.22650312717
Network Engineer,Kochi,404512,365250,410569,387909.9612947438
Machine Learning Engineer,Surat,127915,106038,144972,125505.67355381916
Data Scientist,Chennai,76605,33914,114409,74162.08448140908
Software Engineer,Chennai,34925,32721,37328,35024.57804372023
Full Stack Developer,Indore,17469,14057,19969,17013.28623709435
AI Engineer,Hyderabad,142539,118524,197201,157863.15811628278
Software Engineer (Backend),Kochi,734511,585578,805673,695625.958652735
AI Engineer,Bangalore,409608,206995,714757,460876.42823959753
Full Stack Developer,Goa,262153,137669,431289,284479.67290181835
Software Engineer (Frontend),Visakhapatnam,78053,74734,81372,78053.0
AI Engineer,Gurgaon,49304,47197,56486,51841.786064612315
Software Engineer (Backend),Surat,482569,283271,561090,422180.9502550752
Full Stack Developer,Jaipur,589944,366798,714257,540527.9041704315
Machine Learning Engineer,Bangalore,157408,143003,183987,163495.67825475457
Software Engineer,Bangalore,557447,502644,613861,558252.7780299755
Machine Learning Engineer,Bangalore,122340,98472,137709,118090.80972927724
Network Engineer,Pune,30213,29380,30242,29811.592603015346
Data Scientist,Pune,31252,26705,35868,31287.158386851712
Data Scientist,Kochi,291648,147839,452926,300382.9751525185
Machine Learning Engineer,Bangalore,189190,169461,217510,193485.80849539035
Android Developer,Ahmedabad,724916,496101,987240,741671.3179900473
AI Engineer,Surat,568303,424927,704045,564486.7474404079
Full Stack Developer,Bangalore,178378,127000,233598,180299.25897585688
Lead Data Scientist,Noida,480555,187744,1310120,748932.7267550464
Technical Writer,Jaipur,21090,12487,23727,18107.90743300293
AI Engineer,Hyderabad,596438,118919,618459,368689.7868625173
AI Engineer,Noida,43237,29007,55584,42296.3591026932
Software Engineer (Frontend),Bangalore,2028997,1748518,1933165,1840841.945338728
Software Engineer,Mumbai,811369,678050,838416,758233.4020780777
Full Stack Developer,Bangalore,633376,516475,821504,668989.6951162042
AI Engineer,Bangalore,471222,353201,611818,482510.4402844263
AI Engineer,Bhubaneswar,157091,117459,190700,154080.19695943693
Software Engineer,Chandigarh,24914,18561,29516,24039.02188526367
AI Engineer,Bangalore,626674,438534,781684,610109.5197088534
Full Stack Developer,Bangalore,50033,42979,60680,51829.894654857046
Game Developer,Delhi,36516,16254,54743,35498.97152002583
Lead Data Scientist,Mumbai,78108,34056,134868,84462.36112898609
Software Engineer,Bangalore,459162,303890,645152,474521.27555588936
AI Engineer,Hyderabad,2622690,538056,2838899,1688478.0198926206
Android Developer,Mumbai,7228,6934,7520,7227.368909005588
Software Engineer (Frontend),Gurgaon,39806,35998,43613,39805.5
Mobile Developer,Delhi,27361,10082,67818,38950.81465306944
Software Engineer,Mysore,479734,259656,692988,476322.2849093351
AI Engineer,Hyderabad,15239,3991,14078,9034.96035295413
DevOps Engineer,Goa,245249,53144,73430,63287.43214849458
Machine Learning Engineer,Bangalore,184444,169243,211605,190424.27126260166
Research Scientist,Goa,176507,130705,205940,168323.06017346904
Cybersecurity Analyst,Lucknow,87903,1515,1680,1671.3448292503208
Mobile Developer,Mumbai,42639,35829,49448,42638.5
Cybersecurity Analyst,Bangalore,62814,133054,213514,173284.352277982
Machine Learning Engineer,Mumbai,194987,167118,208068,187593.85853754985
Data Scientist,Kochi,16205,13159,18267,15713.533832009209
Software Engineer,Bangalore,463119,353120,530776,441948.7533301166
AI Engineer,Bangalore,500042,360756,571406,466081.52974809293
Software Engineer (Backend),Gurgaon,65992,60016,86611,73314.06805358354
Software Engineer (Frontend),Lucknow,58115,55364,60866,58115.0
Cloud Engineer,Mumbai,73553,59280,82941,71110.96872873108
Software Engineer (Frontend),Chandigarh,931096,596392,983410,789901.591289551
QA Engineer,Bangalore,5684,3878,7945,5912.143957077851
Software Engineer (Frontend),Bangalore,5753,4862,7707,6284.830370630205
Software Engineer (Frontend),Bangalore,367167,323486,438363,380924.8259634845
Software Engineer,Mumbai,413858,395978,401795,398887.36491642066
Full Stack Developer,Coimbatore,1571044,1229777,1757906,1493842.1126070425
Cybersecurity Analyst,Bangalore,178762,34647,83030,77077.74884771017
Software Engineer,Delhi,117585,72021,176257,124139.6811314295
Data Scientist,Hyderabad,5326,2295,9334,5814.900602048979
Cybersecurity Analyst,Indore,147881,17776,34692,26234.233961030557
Site Reliability Engineer,Hyderabad,145088,115818,174357,145087.5
AI Engineer,Goa,549014,461573,625768,543671.3067077455
Full Stack Developer,Hyderabad,48154,42356,51507,46932.151426049066
Full Stack Developer,Gurgaon,27385,18149,38075,28112.798184593707
Data Engineer,Bangalore,465925,330859,653664,492262.0360433511
Software Engineer (Frontend),Ahmedabad,77199,65400,88122,76761.0
Data Scientist,Bhubaneswar,33888,25600,46219,35909.68113716651
Site Reliability Engineer,Bangalore,406657,334271,476022,405146.77877799695
Machine Learning Engineer,Delhi,139041,111378,148210,129794.8248737572
Lead Data Scientist,Surat,643885,616419,704887,660653.4739232635
Robotics Engineer,Coimbatore,73663,62053,81563,71808.46714397316
Software Engineer (Frontend),Kolkata,32063,24480,36416,30448.407549411124
AI Engineer,Mysore,186593,125018,261894,193456.66233399027
AI Engineer,Delhi,57089,39090,75707,57399.09742545277
AR/VR Engineer,Bangalore,135506,119476,146342,132909.68175044146
Full Stack Developer,Noida,203295,182480,228715,205597.87394244198
Software Engineer (Backend),Bangalore,162613,115880,234257,175069.09495727104
Software Engineer,Mysore,440858,334511,515394,424952.6220808731
Software Engineer (Frontend),Jaipur,64269,50897,83534,67215.5
Data Scientist,Bangalore,212188,103178,314014,208596.42158557117
Software Engineer (Frontend),Indore,300890,204239,341887,273063.72356153576
Software Engineer (Frontend),Delhi,73997,92894,70580,81737.2
Software Engineer (Frontend),Goa,157353,136980,177472,157226.3900072049
Data Scientist,Delhi,171785,95780,237777,166779.36611799884
Network Engineer,Mumbai,88722,75758,93759,84758.77569022521
Machine Learning Engineer,Bangalore,173177,143936,201912,172924.48654980515
Software Engineer,Lucknow,43925,40827,44567,42697.77741308534
Machine Learning Engineer,Kochi,126560,116003,135327,125665.72644620217
Data Scientist,Goa,2671415,1891442,3379186,2635314.435477749
Software Engineer,Jaipur,106420,97955,118756,108355.88520413845
Data Engineer,Visakhapatnam,368964,178596,541883,360240.19489839126
AI Engineer,Mumbai,133426,93305,188952,141129.12875359325
Software Engineer,Indore,2400,2338,2638,2488.5525487685536
Full Stack Developer,Delhi,118898,104664,141914,123289.26646929557
Data Scientist,Hyderabad,15336,9984,19124,14554.836649567676
Software Engineer (Frontend),Gurgaon,41644,30397,44547,37472.71492065453
Software Engineer,Mumbai,22075,21272,25879,23575.86023093776
Machine Learning Engineer,Goa,150193,125796,172415,149105.72673184786
Data Scientist,Hyderabad,424520,356061,472171,414116.36491372436
Software Engineer (Backend),Chennai,148657,112453,180459,146456.42415128686
Full Stack Developer,Jaipur,21885,20011,23874,21942.970926005204
NLP Engineer,Hyderabad,228502,129425,370121,249773.35620807784
Cloud Engineer,Visakhapatnam,191866,168984,222098,195541.6569989765
Software Engineer,Nagpur,305205,260226,374542,317384.84004159574
Full Stack Developer,Pune,236517,168978,308881,238930.1248210498
Full Stack Developer,Noida,115929,73471,158371,115921.88676017203
Data Scientist,Kochi,85792,48086,115930,82008.21602832865
Full Stack Developer,Bangalore,190049,110685,281241,195963.45241928508
Research Scientist,Pune,267787,172578,387237,279907.8441803906
Machine Learning Engineer,Bangalore,132793,111095,145882,128488.54375041596
Full Stack Developer,Hyderabad,293909,223596,398976,311286.526265263
Machine Learning Engineer,Jaipur,184511,166446,215215,190830.74921525468
AI Engineer,Ahmedabad,94313,63211,145253,104232.48812363912
Software Engineer (Backend),Bangalore,455875,400361,506734,453547.7978890572
Data Scientist,Noida,533118,340116,753730,546923.1011267828
Machine Learning Engineer,Chennai,223801,183925,260112,222018.66637678427
AI Engineer,Nagpur,586278,477274,794679,635977.0337707123
Data Scientist,Hyderabad,16792,9047,27729,18388.708299214835
AI Engineer,Hyderabad,127184,117187,136717,126952.38282614562
Software Engineer,Goa,94131,73671,106671,90171.32192576808
Machine Learning Engineer,Trivandrum,223027,204572,258215,231394.0459270586
Software Engineer (Backend),Bangalore,214412,174902,279517,227209.5
Data Scientist,Mumbai,641337,470435,770459,620447.6695991443
Full Stack Developer,Kolkata,146623,114496,183034,148765.85292836776
Game Developer,Bhubaneswar,16564,13304,22907,18106.17330608186
Software Engineer (Backend),Hyderabad,286698,155511,402596,279053.90388169145
Full Stack Developer,Mumbai,220486,126977,315750,221364.01285358408
Machine Learning Engineer,Lucknow,100316,83644,113965,98804.86464546007
Software Engineer,Bangalore,504562,428091,609215,518653.4130916864
Software Engineer,Hyderabad,695610,472260,957292,714776.5951595809
Full Stack Developer,Delhi,23395,13736,29018,21377.042368570557
Data Scientist,Mumbai,114390,95015,127450,111232.91261756732
Machine Learning Engineer,Hyderabad,128529,116805,144174,130490.08403056682
AI Engineer,Pune,930185,220660,1140016,680338.7105196592
Software Engineer (Frontend),Bangalore,782619,743209,1055138,899173.9169900245
Junior Developer,Bangalore,213742,191697,252758,222227.76807831263
Software Engineer (Frontend),Mumbai,36749,34127,41572,37849.926384233564
AI Engineer,Bangalore,131127,122256,153349,137803.3055502661
Robotics Engineer,Bangalore,49292,46427,56223,51325.008990739596
Software Engineer,Surat,87622,72474,99201,85838.36289810095
Mobile Developer,Lucknow,76312,63225,79686,71455.87867833984
Principal Engineer,Mysore,97880,77461,148037,112749.55145293938
Software Engineer (Frontend),Visakhapatnam,30333,21600,40250,30925.0
Machine Learning Engineer,Bangalore,175566,166749,190569,178659.51514366988
Software Engineer (Frontend),Hyderabad,192692,134870,227729,181300.25161850257
Data Scientist,Visakhapatnam,42390,36328,48171,42250.19229709981
Technical Architect,Coimbatore,601816,397120,752398,574759.8272592825
Software Engineer (Frontend),Hyderabad,35348,32298,38397,35347.5
Software Engineer,Bhubaneswar,17628,13945,24092,19019.078371974465
Information Security Engineer,Mumbai,385850,195210,677739,436475.029624535
AI Engineer,Bangalore,9432,7660,10123,8891.930577639363
Machine Learning Engineer,Mysore,101053,89297,112389,100843.42068582337
Software Engineer (Frontend),Bangalore,41713,47294,54688,50991.403451030565
Embedded Systems Engineer,Bangalore,489722,425820,544112,484966.681631074
Machine Learning Engineer,Bangalore,108032,97519,127479,112499.7748769491
Machine Learning Engineer,Bangalore,162798,136743,184299,160521.45208267088
Data Scientist,Bangalore,541216,316344,782890,549617.330636351
AI Engineer,Hyderabad,96678,84217,111063,97640.33748232972
Software Engineer (Frontend),Hyderabad,138869,88352,230012,159182.76413659716
Data Scientist,Lucknow,2818,1982,3618,2800.2747636540053
Android Developer,Kolkata,809950,741894,878005,741916.7529580997
Software Engineer (Frontend),Jaipur,29539,20407,46023,33215.427162714775
Full Stack Developer,Jaipur,109991,85265,135120,110192.8016290626
Software Engineer,Mumbai,118674,108243,129879,119061.53531626004
Cybersecurity Analyst,Indore,187883,28016,30932,29474.783514046394
System Administrator,Hyderabad,23102,28913,28015,28464.565547635433
Software Engineer (Frontend),Bangalore,62024,39993,83584,61788.5
Software Engineer,Surat,162779,102004,210978,156491.3638568282
Game Developer,Mumbai,111486,69158,165456,117307.17210538278
Full Stack Developer,Noida,249284,175033,324850,249942.16038266153
Software Engineer (Frontend),Mumbai,127127,99501,161775,130638.51358869794
Software Engineer (Frontend),Trivandrum,86581,79325,94286,86805.81538431856
Machine Learning Engineer,Delhi,140350,114230,150455,132343.08524872913
Network Engineer,Bangalore,293224,155212,419904,287558.6259393403
Machine Learning Engineer,Indore,224659,201678,256968,229323.0736032505
AI Engineer,Chennai,70339,37576,103238,70407.6448247144
Software Engineer (Backend),Hyderabad,56875,54286,59463,56874.5
Software Engineer,Noida,28319,21027,34535,27781.754710261288
AI Engineer,Trivandrum,1161447,300582,1086699,693641.1977220044
Machine Learning Engineer,Lucknow,91495,78875,100462,89669.05584287998
Software Engineer (Backend),Coimbatore,208559,119266,279755,199510.87658166807
AI Engineer,Bangalore,718453,552460,913763,733112.0676160869
Full Stack Developer,Bangalore,61180,34015,89953,61984.446748208364
Software Engineer (Backend),Hyderabad,215122,114581,315662,215121.5
AI Engineer,Surat,56909,38158,69972,54065.36747221985
Software Engineer (Backend),Hyderabad,44968,43106,46829,44967.5
Software Engineer (Backend),Surat,30074,20429,43601,32015.0
AI Engineer,Chennai,77514,25381,140594,82987.90441396827
Machine Learning Engineer,Nagpur,113638,95771,132132,113952.0501740605
Database Administrator,Mysore,246041,215136,262715,238925.72920517527
Full Stack Developer,Hyderabad,4212,3086,4701,3893.661971087406
Software Engineer,Mumbai,156481,153208,174810,164009.59851666007
QA Engineer,Coimbatore,66169,62102,68751,65426.95448970597
Data Scientist,Gurgaon,396159,191641,617642,404642.13415697514
Machine Learning Engineer,Hyderabad,113913,104045,135278,119662.01501376726
Software Engineer (Backend),Bhubaneswar,19830,9367,27840,18603.78426423648
Software Engineer (Frontend),Bangalore,17211,115149,135600,125374.5
Machine Learning Engineer,Bangalore,76067,61568,81058,71313.14962478096
AI Engineer,Hyderabad,71921,49938,90981,70459.80561180008
AI Engineer,Jaipur,142849,89275,220724,154999.76862553606
Software Engineer,Hyderabad,626311,643005,712351,677678.4960044696
Full Stack Developer,Chandigarh,8054,6311,11667,8989.55469509848
AI Engineer,Delhi,238235,140441,344524,242483.15466365812
AI Engineer,Jaipur,1693,1505,1847,1676.6604199566286
Machine Learning Engineer,Hyderabad,220035,202346,240916,221631.6151172049
Computer Vision Engineer,Hyderabad,15190,16063,13294,14678.988067693277
Software Engineer (Frontend),Noida,71724,36550,111410,73980.62356623766
System Administrator,Lucknow,36700,22547,57289,39918.53018239385
AI Engineer,Gurgaon,476398,430886,492892,461889.27651972586
Software Engineer (Backend),Chandigarh,147212,134378,159231,146804.96643066526
Software Engineer,Mumbai,728029,684735,721809,703272.3636343649
AI Engineer,Lucknow,358068,272018,446009,359013.93433002976
AI Engineer,Delhi,15142,10968,18755,14861.762445634817
Blockchain Developer,Hyderabad,72244,48894,110787,79840.69890545556
Full Stack Developer,Noida,87865,28145,263104,145625.22259817834
Cybersecurity Analyst,Hyderabad,73568,41972,51192,46582.31596110837
Software Engineer (Frontend),Coimbatore,232962,189356,259424,224390.18086642382
Software Engineer,Coimbatore,24254,18096,30168,24132.42278946664
Software Engineer (Frontend),Mumbai,2017530,1336380,2698678,2017529.0
Software Engineer,Bangalore,453949,390547,562045,476296.8184778652
Full Stack Developer,Bangalore,10999,9969,11938,10953.893774938628
Software Engineer,Hyderabad,38278,25108,53266,39187.47985009064
Technical Architect,Bhubaneswar,122702,95105,136407,115756.36162564752
Mobile Developer,Hyderabad,325782,297973,353591,325782.0
Data Scientist,Pune,24759,21487,29296,25392.03438404287
Software Engineer,Bangalore,333506,262516,356525,309521.1026447064
Software Engineer,Bangalore,491217,404049,602388,503219.09040088777
Senior Software Engineer,Mysore,47731,30674,72662,51668.44962608679
Full Stack Developer,Mumbai,204493,130698,284624,207661.48616306653
Android Developer,Surat,74822,40683,108960,68568.42976462875
Software Engineer,Mysore,462235,358985,556983,457984.482356456
Software Engineer,Bangalore,155827,112594,207004,159799.3353713972
Software Engineer,Surat,129439,100626,147446,124036.40621730362
Software Engineer (Frontend),Kolkata,10223,11924,13798,12861.686982357602
Blockchain Developer,Bangalore,141219,82660,224386,153523.79876683035
Software Engineer,Hyderabad,617052,479256,817018,648137.1439362277
Data Scientist,Bangalore,220189,171589,309008,240298.95546688495
Machine Learning Engineer,Nagpur,94346,87810,106650,97230.62697270443
Technical Architect,Mumbai,222598,186844,342883,264864.18824640964
Technical Architect,Mumbai,60254,45608,75881,60744.86940607686
Full Stack Developer,Pune,54471,35590,80504,58047.61535240023
Cybersecurity Analyst,Visakhapatnam,89644,36929,61331,37768.41999411423
Software Engineer (Frontend),Nagpur,208862,194639,212373,203506.38182088174
Software Engineer (Frontend),Visakhapatnam,140188,77276,194711,135994.0590995718
AI Engineer,Bangalore,1340637,1107152,1727471,1417312.3383134454
Data Scientist,Bangalore,68894,64439,86233,75336.48295944062
Machine Learning Engineer,Bangalore,140655,117396,159081,138238.81624873902
Software Engineer,Hyderabad,131067,117654,150907,134281.2532579629
QA Engineer,Bangalore,79656,68237,105428,86833.10521522374
Software Engineer,Mysore,95169,51582,134794,93188.9278712096
Software Engineer (Backend),Bhubaneswar,164790,140651,227218,183934.72708078218
Site Reliability Engineer,Chandigarh,89456,49254,123381,86318.098096013
Data Scientist,Bangalore,138055,110000,205930,157965.5551906655
Software Engineer (Backend),Pune,295355,190386,400322,295354.0
Software Engineer,Trivandrum,425786,342928,546943,444935.73730535014
Data Scientist,Bangalore,770675,625432,901787,763610.2438587319
Research Scientist,Bangalore,856862,1110492,765695,938094.0126180782
Mobile Developer,Hyderabad,1349,1235,1461,1348.0
Software Engineer,Jaipur,201677,154227,216913,185570.4589117748
Software Engineer (Frontend),Hyderabad,2736,2323,3148,2735.5
Software Engineer,Mumbai,11464,11077,12197,11637.642931199682
AI Engineer,Bangalore,201043,122780,237510,180145.2881590592
Robotics Engineer,Ahmedabad,193936,159235,218818,189026.71440539317
Game Developer,Hyderabad,16390,12844,18749,15796.964562645884
Full Stack Developer,Indore,21195,14235,33041,23638.381509383507
Database Administrator,Surat,128594,106774,148999,127886.83905445947
Data Scientist,Hyderabad,197717,132941,262776,197858.65394023256
Full Stack Developer,Bhubaneswar,186468,119348,285826,202587.6595440266
Software Engineer,Gurgaon,82945,50295,99040,74667.89000701199
Software Engineer (Frontend),Hyderabad,37088,27653,47711,37682.814036788004
Software Engineer (Frontend),Chandigarh,286153,128442,369229,248836.39283588802
Robotics Engineer,Coimbatore,77331,64026,82473,73249.5676891231
Full Stack Developer,Surat,27106,18451,36890,27671.184555556145
Software Engineer (Frontend),Pune,573292,652201,718964,685582.967982413
Product Manager,Nagpur,56008,46670,66157,56413.70484044886
Data Scientist,Ahmedabad,506102,457339,609091,533215.3224544298
Machine Learning Engineer,Ahmedabad,77666,73304,81706,77505.52159051878
AI Engineer,Chennai,390911,347677,467347,407512.59476455033
AI Engineer,Goa,37032,27874,46951,37413.34966108937
Full Stack Developer,Nagpur,72255,41194,104598,72896.53325264728
Software Engineer,Pune,52345,43220,59312,51266.49561405029
Data Engineer,Coimbatore,72225,82526,75522,79024.86048436622
Full Stack Developer,Mumbai,450953,157391,1271523,714457.642966143
Machine Learning Engineer,Mumbai,73542,66374,78074,72224.30402360536
AI Engineer,Kolkata,15963,14755,19421,17088.47994077489
Software Engineer (Frontend),Delhi,303042,291574,379290,335432.8024150849
Software Engineer,Delhi,151025,102320,194193,148256.91835506062
AI Engineer,Bangalore,625968,465275,874099,669687.9520932154
QA Engineer,Mumbai,61495,58556,61508,60032.28392456478
Machine Learning Engineer,Hyderabad,165445,149704,179532,164618.77929009887
Information Security Engineer,Visakhapatnam,466522,365195,563993,464594.63193873677
Machine Learning Engineer,Jaipur,148386,138932,160791,149861.9723058517
Software Engineer (Frontend),Bangalore,16679,10440,19563,15002.335291180381
QA Engineer,Visakhapatnam,18102,16596,20975,18785.994759212008
Software Engineer (Backend),Visakhapatnam,137190,130761,143618,137189.5
Data Scientist,Hyderabad,52363,45798,61698,53748.43766856226
Full Stack Developer,Hyderabad,342108,262961,416689,339825.23308844224
AI Engineer,Indore,111628,84691,131059,107875.87632273613
Machine Learning Engineer,Kochi,168781,155100,186912,171006.65653790697
iOS Developer,Bangalore,2402277,2156993,3017729,2587361.8057199167
Full Stack Developer,Hyderabad,49868,40037,58864,49451.07622938862
Data Scientist,Nagpur,27542,19277,34756,27017.163475776266
Machine Learning Engineer,Mumbai,137564,117045,158757,137901.27154635132
Machine Learning Engineer,Mysore,197569,178886,230128,204507.34267499312
Machine Learning Engineer,Bangalore,89965,77070,105484,91277.521520954
Technical Architect,Chandigarh,31021,27246,37223,32234.976484675426
Data Scientist,Bangalore,48387,28410,71125,49768.27236665622
Network Engineer,Coimbatore,24918,22280,27280,24780.66328717112
Network Engineer,Bangalore,299544,239027,353379,296203.6758227466
AI Engineer,Gurgaon,2631793,1171816,4820304,2996060.3925087857
Machine Learning Engineer,Hyderabad,99709,81844,108791,95318.10680227548
Software Engineer,Hyderabad,494335,412510,555574,484042.6617290875
Software Engineer (Backend),Coimbatore,35264,35958,33355,34656.82932160731
Software Engineer (Frontend),Bangalore,256511,209830,237334,223582.22100427496
Machine Learning Engineer,Nagpur,218332,205603,232854,219228.70687753183
AI Engineer,Bangalore,513283,341582,629183,485383.1800804954
Software Engineer,Mumbai,149308,91023,211536,151280.2194254736
Software Engineer (Frontend),Surat,124544,79377,131634,105505.5
Software Engineer (Backend),Trivandrum,14223,14155,17223,15689.381347401752
Android Developer,Bangalore,793965,586221,917387,751804.2581869548
Data Scientist,Hyderabad,213752,94513,313263,203888.5290113975
Software Engineer (Frontend),Bangalore,339640,325692,409213,367452.9603743173
Game Developer,Hyderabad,292425,198999,341166,270082.95785375906
Software Engineer (Frontend),Kochi,21663,22933,26248,24591.26268572481
Software Engineer (Frontend),Bangalore,184008,184119,237749,210934.49752529178
AI Engineer,Mumbai,112112,77528,164124,120826.36331206633
Software Engineer (Backend),Mysore,82932,70559,98840,84699.5
Junior Developer,Bangalore,188118,171843,204205,188024.6150037233
Data Scientist,Kolkata,270517,225838,313330,269584.39839160634
AI Engineer,Bangalore,280298,190542,413480,302011.4693637956
Computer Vision Engineer,Noida,32925,27397,38673,33035.4996268202
Software Engineer (Frontend),Bangalore,186672,161876,204765,183321.23378133593
Android Developer,Bangalore,31900,23830,42368,33099.58492741494
Site Reliability Engineer,Hyderabad,87953,57671,118234,87952.5
Software Engineer,Trivandrum,222002,201202,226223,213713.02104608418
Software Engineer (Backend),Kochi,7827,5088,8159,6624.06608962111
Blockchain Developer,Bangalore,1074617,972591,1291019,1131805.235168073
UI/UX Designer,Mysore,114849,104934,135736,120335.62031173141
Software Engineer,Noida,514966,452309,645246,548778.2960120913
Mobile Developer,Bangalore,865660,733087,1028450,880768.7883614487
Computer Vision Engineer,Hyderabad,154517,119884,178226,149055.2205970572
Software Engineer (Frontend),Bangalore,161685,106968,241848,174408.37766021793
Software Engineer,Bangalore,55901,54823,61410,58116.764363745475
Software Engineer (Frontend),Chennai,3266663,2679675,3360560,3020118.235212511
Data Scientist,Chennai,31304,16080,42209,29145.004066428624
Software Engineer (Frontend),Kochi,188911,158887,202711,180799.3329395031
Machine Learning Engineer,Noida,74727,68892,83056,75974.4419371089
Android Developer,Mumbai,57281,355111,873846,614479.1298325245
Site Reliability Engineer,Jaipur,22843,12383,31315,21849.57068579505
NLP Engineer,Mumbai,58184,55045,61323,58184.16369380672
Software Engineer,Bangalore,5553,5687,6620,6154.197002856614
Software Engineer (Backend),Mumbai,117839,81995,164022,123008.5
Software Engineer (Backend),Chandigarh,7744,7106,8383,7744.5
Software Engineer (Frontend),Goa,103060,60475,121755,91115.61598305583
Technical Architect,Bangalore,209432,190409,239047,214728.2226555994
Data Scientist,Goa,315664,165973,526224,346099.2288772386
AI Engineer,Gurgaon,1511526,935581,2294751,1615166.3887318235
Software Engineer,Bangalore,103513,100314,120036,110175.77133299381
Full Stack Developer,Gurgaon,54345,46054,61083,53568.997610211714
Software Engineer (Frontend),Hyderabad,28834,26612,32805,29709.196788143952
Software Engineer,Nagpur,71967,70654,73648,72151.66841083957
Data Scientist,Bangalore,533736,424523,645672,535098.0162173035
DevOps Engineer,Bangalore,422224,379681,489300,434490.94527183904
Software Engineer,Gurgaon,65001,50474,85347,67910.76390057185
AR/VR Engineer,Trivandrum,325460,276259,442856,359557.5
Machine Learning Engineer,Hyderabad,167804,142031,196879,169455.58173695003
Robotics Engineer,Bangalore,91029,76159,105936,91048.4395603018
Software Engineer,Bangalore,568145,462575,647287,554931.700740977
AI Engineer,Indore,114553,82078,136415,109247.26652688117
Software Engineer (Backend),Kochi,217828,130256,305398,217827.0
Full Stack Developer,Goa,705101,555949,808441,682195.3946834631
Principal Engineer,Nagpur,310222,284791,335652,317976.4263221564
Software Engineer,Bangalore,105722,83958,132341,108149.83514604553
Software Engineer (Backend),Ahmedabad,48475,48326,56368,52347.65310153373
Software Engineer (Backend),Kolkata,132012,106195,155024,130609.7643353238
Machine Learning Engineer,Bangalore,212734,196754,228733,212744.23334387742
Full Stack Developer,Coimbatore,38824,35565,44261,39913.320206309254
Cloud Engineer,Kolkata,290295,255503,310508,283006.0020721739
System Administrator,Lucknow,96406,50598,142213,96405.5
Software Engineer (Frontend),Kochi,1391268,1065144,1869263,1467203.5
Software Engineer (Frontend),Kochi,374236,346564,456856,401710.3007542108
Software Engineer,Surat,80562,80063,83771,81917.76642199668
Full Stack Developer,Bhubaneswar,45553,24435,64779,44607.18797934069
Software Engineer,Bangalore,893983,846733,925427,886080.3521805118
Software Engineer,Mumbai,283065,276046,282686,279366.2668334794
Machine Learning Engineer,Bangalore,171820,154902,190701,172802.2405217658
AI Engineer,Delhi,1725833,1521813,2052864,1787339.0444543648
Software Engineer,Kolkata,10859,5785,16051,10918.418309072815
Software Engineer (Backend),Lucknow,10199,10303,16984,13644.051018456426
Software Engineer (Backend),Noida,36433,32598,45498,39048.42171277852
Software Engineer (Backend),Delhi,237593,155034,307691,231363.23108672403
Software Engineer (Frontend),Trivandrum,252827,236220,266892,251556.16050124943
Software Engineer (Backend),Mumbai,304380,183601,463278,323440.21765819297
Full Stack Developer,Bhubaneswar,3206,2351,4135,3243.301276104612
AI Engineer,Delhi,114947,27793,242917,135355.2170964643
AI Engineer,Bangalore,210430,178939,267185,223062.65572992543
Blockchain Developer,Nagpur,242090,120731,413188,266959.7785357233
Software Engineer (Frontend),Noida,299276,182995,405800,294398.0706629332
Software Engineer,Mysore,24575,18366,35230,26798.677768376645
Full Stack Developer,Hyderabad,232360,145629,360372,253001.15493992026
Software Engineer,Hyderabad,50221,26449,77084,51767.085610052105
AI Engineer,Mysore,17995,17126,22274,19700.638503778202
DevOps Engineer,Bangalore,41362,690871,657573,674222.528953479
Cybersecurity Analyst,Kochi,75534,42670,51521,47096.17780688498
Software Engineer,Noida,257869,215478,327475,271477.3165532586
QA Engineer,Hyderabad,145908,133254,155689,144471.91998711592
Software Engineer,Nagpur,250179,219033,279760,249397.04651509924
Full Stack Developer,Jaipur,34405,29187,38704,33945.79015624167
AR/VR Engineer,Delhi,418983,346041,491924,418982.5
Full Stack Developer,Lucknow,5688,2642,9069,5856.040138943226
Full Stack Developer,Pune,97087,91810,101970,96890.39502120766
Embedded Systems Engineer,Bhubaneswar,1326,1039,1612,1325.8720281185185
AI Engineer,Mumbai,419527,372761,509286,441023.99077324674
Machine Learning Engineer,Bangalore,112603,106325,134943,120634.47024045204
AI Engineer,Bangalore,30872,22885,43019,32952.23405863831
Information Security Engineer,Mumbai,46957,36554,51416,43985.37179786695
Product Manager,Bangalore,184575,166855,211925,189390.53671319055
Software Engineer (Backend),Noida,396117,385329,406904,396116.5
Full Stack Developer,Bhubaneswar,54962,48230,65885,57057.66410037808
AI Engineer,Bangalore,2112626,477093,2846120,1661606.7029567538
Software Engineer (Frontend),Mumbai,1150499,1009644,1618040,1313842.2666708636
Machine Learning Engineer,Visakhapatnam,190088,175765,215596,195681.06536954537
Android Developer,Gurgaon,62993,35949,90035,62992.60295620256
Software Engineer,Hyderabad,19978,19325,21284,20305.327291653506
Full Stack Developer,Bangalore,151187,136358,185320,160839.70171620738
Data Scientist,Bangalore,539567,415478,697114,556296.6445387001
Embedded Systems Engineer,Bangalore,281979,220693,226738,223716.2636907496
Database Administrator,Hyderabad,178464,159674,198158,178916.53796198353
Machine Learning Engineer,Kolkata,110718,100947,125627,113287.4786392669
AR/VR Engineer,Coimbatore,92315,53462,158208,105835.14470019365
Data Scientist,Kolkata,284983,218734,380503,299619.2292734048
Machine Learning Engineer,Mumbai,209663,173148,224162,198655.58387437544
Full Stack Developer,Bangalore,624997,433445,731990,582718.1237000083
AI Engineer,Nagpur,74761,56849,89037,72943.62177742377
Software Engineer (Frontend),Mysore,42349,40241,57156,48699.280214327024
Data Engineer,Hyderabad,1420097,1249610,1535336,1392473.1851854278
QA Engineer,Delhi,54345,48995,76365,62680.35471602924
Computer Vision Engineer,Hyderabad,45643,32441,57823,45132.2768585354
Data Scientist,Visakhapatnam,528418,336960,760729,548844.9058521212
Data Scientist,Bangalore,40350,36344,50239,43291.6279487039
Computer Vision Engineer,Mumbai,156163,106999,188561,147780.6672003442
Software Engineer,Bangalore,21518,20222,20412,20317.382707458695
Software Engineer (Frontend),Gurgaon,190854,115524,266183,190853.5
AI Engineer,Noida,897219,794060,1127915,960988.2427437815
Lead Data Scientist,Mumbai,11323,8792,15954,12373.580895371935
Full Stack Developer,Bangalore,72698,60484,88663,74574.01571013076
Software Engineer (Backend),Mumbai,34213,29473,42974,36223.5
AI Engineer,Bangalore,283085,212096,328793,270444.6373834672
Software Engineer,Bangalore,627431,423615,826805,625210.7364300248
Full Stack Developer,Mumbai,164106,131260,171156,151208.59383995563
Full Stack Developer,Mumbai,347385,248299,421837,335068.3983651795
Full Stack Developer,Bangalore,91648,67679,138631,103155.63641024119
Data Scientist,Jaipur,54849,51028,67780,59404.619034742216
Blockchain Developer,Mumbai,7679,5057,9660,7358.983051600948
Software Engineer (Backend),Lucknow,36714,22788,47261,35024.96843516019
Database Administrator,Surat,172620,156120,203055,179587.8675815456
Software Engineer,Gurgaon,71661,71185,76449,73817.41779874917
Software Engineer (Backend),Indore,151956,114842,222760,168801.0
QA Engineer,Visakhapatnam,81229,64563,98106,81335.07891176242
Software Engineer (Backend),Kolkata,28669,14725,42613,28669.0
NLP Engineer,Bangalore,440142,412628,467654,440141.48177034856
Software Engineer,Bangalore,534323,472807,595699,534253.3847169885
AI Engineer,Hyderabad,334274,269202,369615,319408.8271990027
Data Scientist,Hyderabad,86198,72602,92287,82445.18225074164
Full Stack Developer,Goa,69086,48290,97907,73098.63980312397
Software Engineer (Frontend),Jaipur,137741,82524,129002,105763.41677487947
Game Developer,Kochi,32333,21706,41764,31735.58678534106
Network Engineer,Bangalore,234421,187633,310844,249238.9790912908
Machine Learning Engineer,Hyderabad,225428,211356,236745,224050.87378511822
Software Engineer,Bangalore,484837,426672,565197,495935.2984850902
Database Administrator,Bangalore,154251,145814,168036,156925.44421398162
Full Stack Developer,Mysore,152553,66933,261452,164193.1207118826
Database Administrator,Bangalore,78653,70851,86290,78571.4572335826
Software Engineer (Backend),Ahmedabad,23216,19765,21585,20675.912784284283
System Administrator,Delhi,582956,485000,773547,629273.5
Software Engineer,Goa,432942,374591,508871,441731.9381651428
Software Engineer (Frontend),Mysore,105710,88159,120965,104562.73328496196
iOS Developer,Coimbatore,51083,25593,86312,55953.05715377508
Data Scientist,Chennai,500511,392383,635003,513693.2229394373
Data Scientist,Mumbai,49853,25653,82008,53830.962759997405
Software Engineer (Backend),Indore,3669,2418,4526,3472.614398953847
DevOps Engineer,Bangalore,41521,22959,47785,35372.29408559602
Android Developer,Bhubaneswar,1117691,57428,62325,59876.5
Software Engineer,Bangalore,110385,53290,163262,108276.21619627441
Software Engineer (Backend),Mumbai,19688,20987,25882,23434.980167822403
Software Engineer (Backend),Coimbatore,97607,68051,180057,124054.77707554633
Machine Learning Engineer,Chennai,165802,156267,179550,167908.83257009095
Software Engineer,Coimbatore,257396,253908,273161,263534.9491704512
Machine Learning Engineer,Gurgaon,101346,96003,108497,102250.27804355897
Database Administrator,Jaipur,142506,118303,154938,136620.94899892766
Data Scientist,Kochi,74703,50605,103575,77090.57513647969
NLP Engineer,Bangalore,1073767,788528,1294455,1041491.8674714474
Machine Learning Engineer,Mumbai,197886,178359,231452,204906.02724828006
Software Engineer (Frontend),Bangalore,327270,290075,369818,329946.6739745175
AI Engineer,Goa,86245,59053,131667,95360.59548172014
Android Developer,Indore,125774,89069,163821,126445.57604495337
AI Engineer,Gurgaon,897811,444352,1389000,916676.1633766196
Software Engineer (Frontend),Kolkata,33848,18519,49824,34172.47500033354
Cybersecurity Analyst,Bangalore,434025,347889,484464,416176.8228225539
Software Engineer (Frontend),Visakhapatnam,671072,540353,801790,671071.5
Software Engineer,Bangalore,676559,437563,708803,573183.7401248342
Software Engineer,Bangalore,13163,13196,13393,13295.162143580848
Software Engineer,Trivandrum,75117,56771,101025,78898.75488280933
Full Stack Developer,Coimbatore,23523,12618,35137,23878.030615216427
Machine Learning Engineer,Mumbai,85207,78534,92656,85595.6950897712
Cloud Engineer,Noida,208206,178129,229939,204034.84649214585
Software Engineer (Frontend),Kolkata,59549,31242,83810,57526.685904525235
Software Engineer (Backend),Bangalore,428845,423591,452389,437990.56136047817
Research Scientist,Mumbai,341507,330730,345025,337878.0858389094
Software Engineer,Nagpur,60467,42197,61850,52023.93003130208
Software Engineer,Trivandrum,681534,401740,870405,636072.9599000926
Machine Learning Engineer,Goa,101054,81337,120287,100812.24426251138
Blockchain Developer,Bangalore,29370,15725,43442,29584.122022375832
Software Engineer (Frontend),Mumbai,84752,73320,91329,82325.22064421547
AI Engineer,Bangalore,274474,215981,339225,277603.56144008023
Full Stack Developer,Bhubaneswar,62776,26792,109551,68171.99580684895
iOS Developer,Goa,638708,579176,736779,657978.1240022521
Full Stack Developer,Chennai,18509,15222,20340,17781.480480446873
NLP Engineer,Chandigarh,77937,71950,83923,77936.98792097795
Software Engineer,Hyderabad,91697,92182,101490,96836.3705009323
UI/UX Designer,Nagpur,141263,128557,150574,139566.0852832737
Data Scientist,Mumbai,81964,65784,104890,85337.4609625029
Software Engineer (Backend),Hyderabad,254985,238495,271473,254984.0
Embedded Systems Engineer,Mumbai,6632,6353,6910,6631.952316354725
Software Engineer (Backend),Bangalore,76557,68875,112762,90818.5
Technical Writer,Goa,7972,3774,10894,7334.3792330925135
Machine Learning Engineer,Noida,95092,88055,99909,93982.68780223548
Machine Learning Engineer,Ahmedabad,149561,127319,175970,151645.21829020372
AI Engineer,Mumbai,215153,63548,578185,320867.05178121774
Machine Learning Engineer,Kolkata,208339,192102,229421,210762.0184084429
Machine Learning Engineer,Bhubaneswar,108332,91266,129901,110583.94366789074
Data Scientist,Kolkata,66778,36809,100036,68422.8131300786
Software Engineer (Backend),Bangalore,136697,130927,142466,136696.5
AI Engineer,Bangalore,180309,153524,250390,201957.92175239907
Software Engineer,Surat,483667,367964,498848,433406.97198438947
Software Engineer (Frontend),Visakhapatnam,14259,10676,19044,14860.235754367448
Software Engineer (Frontend),Gurgaon,36562,35175,37948,36561.5
Software Engineer,Pune,53898,50717,53953,52335.48926189594
Software Engineer (Frontend),Hyderabad,681985,625612,717460,671536.1932152336
Android Developer,Kolkata,338596,319378,357813,348671.1075149625
Full Stack Developer,Bhubaneswar,183551,167371,212080,189725.88482289072
Software Engineer (Backend),Bangalore,440007,354590,495240,424915.25735379953
Mobile Developer,Bangalore,9214,7147,10278,8713.238921386499
Data Scientist,Bhubaneswar,576839,370122,767372,568747.6241937425
Machine Learning Engineer,Delhi,193203,183481,222835,203158.58447449078
Site Reliability Engineer,Hyderabad,536569,420779,652358,536568.5
Software Engineer (Frontend),Bangalore,765911,514131,1019031,766581.3306407102
AI Engineer,Pune,44103,15235,123243,69239.59576549909
Software Engineer,Mumbai,12504,8025,17410,12718.462822128966
Mobile Developer,Kolkata,56023,44316,67728,56022.0
Data Scientist,Mumbai,120745,106060,158900,132480.55462714302
AI Engineer,Bangalore,576215,498272,705192,601732.5802775089
Software Engineer,Nagpur,239635,207236,235976,221606.61962471902
Software Engineer,Mumbai,2242,2061,2328,2194.968965438842
Software Engineer,Gurgaon,38340,32552,41360,36956.48209725295
Software Engineer (Backend),Bangalore,861731,667879,1015705,841792.0866656201
Software Engineer,Hyderabad,56981,46835,69728,58281.920436481974
Full Stack Developer,Hyderabad,10311,6765,14376,10570.924684418414
Senior Software Engineer,Surat,201324,186386,204239,195313.28543612306
Full Stack Developer,Chandigarh,37073,30088,53080,41584.453177643416
UI/UX Designer,Noida,203279,181225,243519,212372.34168277032
Software Engineer (Backend),Hyderabad,254334,193199,315469,254334.0
Full Stack Developer,Jaipur,74987,50381,107363,78872.37042085633
Junior Developer,Bangalore,117082,102422,129526,115974.3822559638
Data Scientist,Goa,113005,94267,124861,109564.49062963855
Software Engineer (Frontend),Pune,161763,111096,185343,148219.98005342536
Machine Learning Engineer,Mumbai,226478,187820,245851,216835.99960305254
AI Engineer,Coimbatore,78111,53129,120111,86620.52446769843
AI Engineer,Gurgaon,14557,9392,17312,13352.151881398106
Software Engineer,Goa,164864,90672,265886,178279.4954981354
Software Engineer (Frontend),Gurgaon,82822,33776,92827,63301.76201767254
Senior Software Engineer,Lucknow,28420,25885,30483,28184.438345168935
Software Engineer (Frontend),Kochi,530917,294160,767674,530917.0
Principal Engineer,Bangalore,464373,385213,547758,466485.725151699
Full Stack Developer,Goa,296496,229417,464720,347068.66903271095
Software Engineer,Nagpur,52951,55334,54570,54952.40195284804
AI Engineer,Hyderabad,441564,278722,694278,486500.80992479756
Machine Learning Engineer,Bhubaneswar,167940,141544,179956,160750.5134855883
Full Stack Developer,Noida,352639,227201,500206,363703.91913484666
Data Engineer,Ahmedabad,77214,64066,90478,77272.62486462138
Software Engineer (Frontend),Hyderabad,156800,79044,234555,156799.5
Data Scientist,Chennai,261123,158735,435948,297341.68639131315
Machine Learning Engineer,Noida,212652,173539,226919,200229.25397422165
Software Engineer,Coimbatore,99365,90723,101483,96103.27604819153
Software Engineer,Chandigarh,398060,384459,419113,401786.5310077027
Software Engineer (Backend),Ahmedabad,311842,163156,460527,311841.5
Research Scientist,Mumbai,1331622,97125,98354,97739.97289955174
Software Engineer (Backend),Hyderabad,127248,117893,136602,127247.5
Machine Learning Engineer,Ahmedabad,116580,103494,132889,118192.15857881456
Data Scientist,Kochi,96512,70459,110076,90268.07171142416
Software Engineer (Frontend),Delhi,102985,83762,122207,102984.5
Full Stack Developer,Chennai,7578,6926,9419,8173.153616689007
Software Engineer,Bangalore,487493,449472,571909,510691.20224446896
Software Engineer (Backend),Hyderabad,50286,30950,64927,47938.90731083711
Data Scientist,Delhi,24825,13451,30501,21976.5128510601
Site Reliability Engineer,Coimbatore,145809,129866,170620,150243.0784016567
Machine Learning Engineer,Visakhapatnam,128690,104798,153406,129102.74811938533
Full Stack Developer,Goa,11459,8274,17365,12820.239317303029
Software Engineer (Frontend),Bangalore,171611,150295,222845,186570.5412970314
Software Engineer,Chandigarh,91164,65010,122653,93832.29795182345
AI Engineer,Hyderabad,886967,801328,1117512,959420.4590736663
AI Engineer,Noida,109433,17036,182934,99985.49159881963
Senior Software Engineer,Coimbatore,5074482,3217700,6854133,5035916.891735184
Senior Software Engineer,Bangalore,32683,30538,46878,38708.116177328906
Software Engineer,Pune,126775,108819,161359,135089.5329717054
Machine Learning Engineer,Mumbai,175261,159986,209849,184918.02200929204
Software Engineer,Jaipur,107070,104052,148352,126202.30856690292
Software Engineer (Backend),Hyderabad,92783,77443,108122,92782.5
Network Engineer,Hyderabad,217400,203701,228415,216058.4128156604
Software Engineer (Backend),Coimbatore,141899,137876,172090,154983.64797032333
Software Engineer,Jaipur,8578,6025,10203,8114.566970709563
iOS Developer,Kolkata,18597,11848,26735,19291.95323753011
Full Stack Developer,Delhi,32442,20694,41006,30850.60312204832
Data Scientist,Hyderabad,2244,1363,3202,2282.8544350817306
Software Engineer,Mumbai,77101,74362,82885,78623.91809541045
Full Stack Developer,Noida,138738,72244,210615,141430.3347005938
Software Engineer (Frontend),Mumbai,11,10,16,13.704518019692836
Software Engineer,Mumbai,131884,128838,191654,160246.12286873002
AI Engineer,Bangalore,2803543,446110,3051993,1749051.9022240348
Software Engineer (Frontend),Hyderabad,16525,10880,22168,16524.0
Data Engineer,Ahmedabad,248903,98130,625314,361722.80230501597
Software Engineer,Trivandrum,4097,3435,4441,3938.347373179131
Full Stack Developer,Trivandrum,114378,83603,157293,120448.43951623811
AI Engineer,Lucknow,59971,52788,65342,59065.52215437145
AI Engineer,Hyderabad,384111,196348,645377,420862.98321410245
Software Engineer (Frontend),Bangalore,39165,37398,40931,39164.5
Software Engineer (Backend),Kochi,262659,204901,268980,236940.8147987497
Full Stack Developer,Hyderabad,593345,514476,694964,604720.7926583618
Junior Developer,Bangalore,236875,206377,262412,234394.66925796552
Software Engineer (Frontend),Mumbai,175829,170814,180844,175829.0
Game Developer,Bangalore,17981,10649,22813,16731.85212104226
AI Engineer,Delhi,40671,33401,42094,37747.521825267715
iOS Developer,Bangalore,209630,131713,294160,212937.0025258429
Software Engineer,Bangalore,207678,207640,229642,218641.26941688498
Software Engineer (Frontend),Coimbatore,79221,61059,97383,79221.0
Software Engineer,Bangalore,378192,360231,386312,373271.83135190554
AI Engineer,Kolkata,1087188,200170,2035858,1118014.636625265
Software Engineer (Frontend),Pune,297989,343008,340433,341721.0034592867
Software Engineer (Backend),Bhubaneswar,80808,49212,112403,80807.5
Software Engineer,Delhi,32053,30195,34650,32423.445674196635
Full Stack Developer,Bangalore,461511,375436,537669,456552.79388802336
AI Engineer,Coimbatore,16934,11211,26370,18791.17574370669
DevOps Engineer,Hyderabad,490298,526459,816056,671258.1061908002
Blockchain Developer,Kochi,170052,120751,218360,169556.36992596742
Data Scientist,Mumbai,275707,243002,297685,270343.9613808439
Full Stack Developer,Coimbatore,171451,111468,237394,174431.3608910662
Cybersecurity Analyst,Jaipur,316900,28614,55051,41832.64281142727
Software Engineer (Frontend),Indore,22228,16960,24095,20527.5
Machine Learning Engineer,Surat,138253,125452,156050,140751.94351483302
Software Engineer,Mumbai,1375,809,1814,1312.2666080272375
Database Administrator,Surat,206987,180079,224444,202262.11688120203
AI Engineer,Bangalore,815962,599926,1003751,801839.3277364591
AI Engineer,Hyderabad,8734,2844,17276,10060.412642050149
Software Engineer,Jaipur,69584,53572,97213,75392.8394782557
Android Developer,Bangalore,32617,26322,38909,35732.23956577526
Software Engineer,Mumbai,103764,98405,117729,108067.57299431466
Software Engineer,Hyderabad,618018,387978,782641,585310.0943414766
Machine Learning Engineer,Bangalore,161779,144852,178833,161842.70648241695
AI Engineer,Hyderabad,224738,170233,269451,219842.22243099456
Software Engineer (Backend),Hyderabad,527588,487348,567827,527587.5
Software Engineer,Hyderabad,459549,188352,1180431,684391.7826962303
Software Engineer (Backend),Coimbatore,85836,60739,90324,75531.85678169735
Full Stack Developer,Mumbai,227497,137033,249507,193270.0591823918
Software Engineer (Frontend),Mumbai,235974,193975,334743,264359.0
Software Engineer (Backend),Surat,65552,55329,74391,64860.0
Machine Learning Engineer,Bangalore,221035,182849,253303,218076.44068532748
Machine Learning Engineer,Nagpur,78693,67826,85672,76749.40235271482
Data Scientist,Hyderabad,1162020,1109491,1207388,1158439.8601657576
AI Engineer,Kochi,169077,23860,186490,105175.4277690748
Software Engineer,Bangalore,121461,110446,156682,133564.5047738317
AI Engineer,Hyderabad,1401755,300731,1350449,825590.6513841779
Machine Learning Engineer,Lucknow,214789,176131,230801,203466.823217412
Software Engineer (Frontend),Hyderabad,375576,243158,485717,364438.07467794395
Software Engineer (Backend),Noida,282007,268646,295367,282006.5
NLP Engineer,Mumbai,4629,4116,5597,5501.197449031913
Software Engineer (Backend),Bangalore,283250,148962,417537,283249.5
Software Engineer,Gurgaon,45487,33470,47173,40322.102766503165
Software Engineer (Frontend),Nagpur,1871934,1690922,2052944,1871933.0
Full Stack Developer,Hyderabad,402716,249561,630513,440037.3995867153
Full Stack Developer,Jaipur,52916,40080,83124,61602.41953487495
Data Scientist,Chandigarh,135078,99813,154877,127345.16035058556
Full Stack Developer,Mumbai,266151,211998,338652,275325.3834553207
NLP Engineer,Bangalore,900096,653775,1008520,831148.3587634405
Full Stack Developer,Pune,1533486,1117308,1856900,1487104.798227386
Software Engineer (Frontend),Bangalore,467573,353222,581923,467572.5
Junior Developer,Mumbai,188018,175523,214756,195139.5950568382
Software Engineer (Frontend),Surat,40791,36077,47813,41945.44585794714
Software Engineer (Frontend),Bangalore,60545,56475,61630,59053.25927915226
Full Stack Developer,Trivandrum,69623,53597,81015,67306.71710889493
Full Stack Developer,Hyderabad,198035,168592,251974,210283.87455482397
AI Engineer,Bangalore,454419,359725,636296,498011.321267283
Full Stack Developer,Bhubaneswar,144938,66892,216699,141795.88848205912
Software Engineer,Pune,17177,10801,18294,14547.821239543377
Software Engineer,Hyderabad,3194,1598,4680,3139.414536419222
Software Engineer,Coimbatore,133484,85764,180628,133196.05374387983
Network Engineer,Coimbatore,28357,25524,29960,27742.352633183113
Software Engineer (Frontend),Delhi,71029,46586,103733,75159.93106538554
Principal Engineer,Hyderabad,337759,319867,398161,359014.6100053136
Android Developer,Lucknow,55374,1501,1938,1719.752570238299
Technical Architect,Lucknow,9766,8061,11518,9790.024008511162
Machine Learning Engineer,Bangalore,91330,76416,108959,92688.01694887994
Data Scientist,Pune,3128,2074,4661,3367.869703846042
Data Scientist,Kochi,70582,64353,82518,73436.02883841265
Mobile Developer,Bhubaneswar,22180,17514,31242,24378.0
Technical Writer,Delhi,640887,589269,810903,700086.4008921608
AI Engineer,Mysore,205711,93887,332059,212973.56088975558
Software Engineer (Backend),Bangalore,92142,80121,123671,101896.0
Site Reliability Engineer,Hyderabad,449193,387716,561052,474384.86528981087
Software Engineer (Frontend),Coimbatore,425875,359738,492011,425874.5
Network Engineer,Kolkata,1852,1560,2279,1919.9975086494487
Machine Learning Engineer,Mumbai,201102,178707,227606,203157.3036360371
UI/UX Designer,Bangalore,167860,150607,198356,174481.87755077833
Software Engineer (Frontend),Indore,39139,33968,41448,37708.0
Data Engineer,Bhubaneswar,809787,723060,877210,800135.0659134769
Data Scientist,Mumbai,44870,28536,60931,44734.02869995291
Software Engineer,Visakhapatnam,321501,230359,372888,301623.80400808627
Data Scientist,Bangalore,230431,172025,290438,231232.04793460568
Machine Learning Engineer,Bangalore,207265,174526,242494,208510.27361236577
Software Engineer (Backend),Bangalore,475598,435053,705531,570292.5797117723
Data Scientist,Bhubaneswar,106699,51351,170139,110745.1675572297
Machine Learning Engineer,Kolkata,198006,178810,222857,200833.56978042715
Software Engineer,Hyderabad,79601,62515,100670,81592.9999675472
Software Engineer (Frontend),Bhubaneswar,39275,28194,48202,38198.52638256683
Software Engineer (Backend),Surat,37429,31467,44287,37877.309984762906
Machine Learning Engineer,Mumbai,174857,163810,203305,183558.21042210926
Technical Writer,Mumbai,281470,269668,293271,281470.4406023074
Software Engineer (Backend),Mumbai,988759,431695,1320626,876161.0601021724
Data Scientist,Hyderabad,468628,315978,626644,471311.89803555293
Machine Learning Engineer,Mysore,179386,160669,205332,183000.78852118138
AI Engineer,Surat,168588,32483,139483,85983.7586000931
Software Engineer (Backend),Bangalore,202128,133540,276462,205001.70106736466
Software Engineer (Backend),Gurgaon,34587,32599,36574,34586.5
Machine Learning Engineer,Hyderabad,217807,188423,258779,223601.27426236973
Data Scientist,Bangalore,485,231,788,509.71369505474894
Full Stack Developer,Visakhapatnam,60855,31455,92138,61796.572261222274
Software Engineer (Frontend),Indore,42094,30265,80182,55223.78847670896
Full Stack Developer,Hyderabad,3540842,1642415,2254980,1948697.7835612898
AI Engineer,Surat,348292,105675,413538,259607.1855065662
Software Engineer (Frontend),Hyderabad,29030,24319,27372,25846.043329842418
Data Scientist,Bangalore,167680,74079,280248,177163.91389299743
Software Engineer,Bangalore,583615,470985,704420,587703.060894748
AI Engineer,Mumbai,42115,37453,53748,45601.15203381782
Full Stack Developer,Pune,54550,23636,95659,59647.923891829225
Machine Learning Engineer,Bhubaneswar,130101,110994,140431,125712.98345275028
Data Scientist,Coimbatore,320191,252919,435043,343981.6520118055
AI Engineer,Jaipur,2554667,43594,147437,95515.88435916872
Research Scientist,Jaipur,242922,237771,260307,249039.66154822364
AR/VR Engineer,Bangalore,743281,695231,791329,743280.0
Software Engineer (Backend),Trivandrum,202577,176680,254167,215424.15168703836
Full Stack Developer,Hyderabad,214099,133252,322559,227905.5955645261
System Administrator,Mumbai,184502,136377,177863,157120.27107165387
AI Engineer,Coimbatore,13008,11243,16258,13751.356129676878
Software Engineer,Nagpur,140215,123686,148597,136142.04853755073
AI Engineer,Noida,78316,25388,85830,55609.450523895415
Database Administrator,Jaipur,142353,118218,155074,136646.54975631172
Software Engineer (Frontend),Lucknow,73990,71324,76655,73989.5
Machine Learning Engineer,Kolkata,140138,131040,147192,139116.40201480506
QA Engineer,Ahmedabad,87798,76435,121734,99084.90363222058
Software Engineer,Lucknow,2913288,217544,370612,294078.150593178
Software Engineer (Frontend),Visakhapatnam,12842,310356,485919,398137.5
Machine Learning Engineer,Hyderabad,97585,87380,110098,98739.28046000285
Software Engineer (Frontend),Hyderabad,125533,119279,131786,125532.5
Software Engineer (Frontend),Mumbai,12985,12113,13855,12984.0
Full Stack Developer,Hyderabad,85771,58649,133714,96181.62381247431
Software Engineer (Backend),Kochi,14037,13683,17011,15347.50711934203
AI Engineer,Goa,144511,106253,174846,140549.78698268486
Data Scientist,Trivandrum,757933,643082,825517,734300.0099880284
Blockchain Developer,Noida,566423,373015,749889,561452.3173634112
Software Engineer (Frontend),Mumbai,146705,116295,176510,146403.3577534579
Cybersecurity Analyst,Goa,164681,31953,78666,55310.225207961215
Software Engineer,Nagpur,97880,88054,126789,107422.36254431913
Software Engineer (Backend),Kochi,643963,461560,874573,668066.9174298835
Robotics Engineer,Kochi,153197,127911,178880,153395.99869548925
Software Engineer,Nagpur,34136,27910,40335,34122.55671432062
AR/VR Engineer,Jaipur,88573,84004,93141,88572.5
Software Engineer,Ahmedabad,32574,29750,45950,37850.45396083084
Lead Data Scientist,Hyderabad,223907,128679,287738,208209.18534440076
Product Manager,Jaipur,150158,138211,162499,150355.2696215902
Machine Learning Engineer,Delhi,170322,153098,180195,166647.09803051502
Android Developer,Mumbai,237346,129203,345488,143852.3379777725
AI Engineer,Mumbai,218499,202168,260191,231180.24662525556
Technical Writer,Mumbai,41885,21593,62175,41884.70062392827
Full Stack Developer,Mysore,108655,50123,167508,108816.0644861456
AI Engineer,Nagpur,53136,37451,67156,52304.28724544123
Software Engineer,Hyderabad,117070,91439,134042,112741.06108922863
Full Stack Developer,Chennai,201320,161057,337991,249524.70964343203
Software Engineer (Frontend),Chandigarh,2485,1710,3258,2484.0
Network Engineer,Trivandrum,46790,39556,58101,48828.913831464015
Software Engineer,Delhi,102583,66019,111896,88958.36537335132
Machine Learning Engineer,Hyderabad,162999,141934,180356,161145.5175805269
Software Engineer,Mysore,15400,169288,314403,241845.69779272418
Full Stack Developer,Ahmedabad,310256,238966,409474,324220.4971800021
AI Engineer,Bangalore,1472378,449259,2051756,1250507.6304470398
Software Engineer,Delhi,31522,28926,32281,30604.337661972568
Machine Learning Engineer,Mumbai,178004,144977,208567,176772.78194414615
Software Engineer,Bangalore,524487,498648,654417,576533.1277296373
Lead Data Scientist,Noida,352204,165958,622384,394171.70573834365
Software Engineer (Backend),Mumbai,406905,242134,642177,442155.83553875424
Data Scientist,Hyderabad,180064,119091,265695,192393.61749519972
Full Stack Developer,Hyderabad,1089163,831840,1500620,1166230.5000745428
Data Scientist,Ahmedabad,102520,80813,130633,105723.32263707696
Full Stack Developer,Bangalore,2081288,1493057,2458321,1975689.5173578884
Software Engineer (Backend),Hyderabad,22989,18098,24621,21359.5
UI/UX Designer,Bangalore,127081,117943,136687,127315.32735510246
Data Scientist,Trivandrum,8954,7258,10405,8832.09071974581
Software Engineer,Kolkata,68265,93314,67296,80305.33451748328
Machine Learning Engineer,Noida,136322,121785,149963,135874.52612829913
Full Stack Developer,Surat,7709,5722,10007,7864.755036852022
Principal Engineer,Hyderabad,40792,36790,44793,40791.666491785014
Embedded Systems Engineer,Gurgaon,105727,83334,128119,105726.95816562063
Data Scientist,Hyderabad,9315,7460,11817,9638.935145615316
Information Security Engineer,Bangalore,747211,613810,1016579,815194.9993389184
Software Engineer,Ahmedabad,115187,114180,134625,124403.06757824574
AI Engineer,Visakhapatnam,782423,606120,976348,791234.6800775108
AI Engineer,Bangalore,58030,15658,52572,34115.47048089446
Machine Learning Engineer,Bangalore,152327,142459,178897,160678.76337877783
Software Engineer (Frontend),Bangalore,240017,217040,262992,240016.0
AI Engineer,Hyderabad,303961,87252,377413,232333.27962256112
Full Stack Developer,Chandigarh,30854,21902,45203,33553.417054019366
Data Scientist,Visakhapatnam,77611,69227,91638,80433.1801119272
AR/VR Engineer,Jaipur,150664,142942,158385,150663.5
Software Engineer (Backend),Mumbai,520391,294414,746367,520390.5
DevOps Engineer,Bangalore,242800,162758,270595,216676.5
Blockchain Developer,Chennai,20553,17648,23853,20751.008653859608
Software Engineer (Frontend),Kochi,189212,96736,280943,188839.91027657592
Machine Learning Engineer,Mumbai,145500,126877,159837,143357.3089978911
Data Scientist,Bangalore,227548,163252,274027,218639.82427806684
Software Engineer,Ahmedabad,125976,73597,185945,129771.55427148307
Cybersecurity Analyst,Bangalore,421093,2278164,5067161,3672662.998077863
Machine Learning Engineer,Delhi,219219,186099,256802,221451.45759311607
AI Engineer,Bangalore,1163728,934573,1469364,1201969.3352999422
Full Stack Developer,Bangalore,96330,73701,129448,101574.87541961076
Android Developer,Lucknow,482368,333684,585604,459644.69737394794
Software Engineer,Nagpur,3596283,16536,17818,17177.462227177122
Software Engineer (Frontend),Gurgaon,21608,13495,29722,21609.36097076496
Network Engineer,Ahmedabad,56187,53567,59581,56574.5907554189
Software Engineer (Backend),Delhi,172257,143165,253822,198494.1657382246
Software Engineer,Mumbai,274741,247499,292931,270215.7044779068
Software Engineer (Frontend),Delhi,177990,119686,201335,160510.95129352662
Software Engineer,Bangalore,758124,424798,1129230,777014.6779352132
AI Engineer,Bangalore,174128,81831,260617,171224.33700905606
Data Scientist,Bangalore,136641,110455,224711,167583.37166473657
Software Engineer,Pune,150159,142054,159972,151013.18270125313
Full Stack Developer,Trivandrum,376177,535232,364776,450004.62135737715
Data Scientist,Bangalore,214494,182448,267030,224739.31796597963
Full Stack Developer,Noida,58994,32024,75502,53763.91115179337
Technical Writer,Mysore,154097,102395,199314,150855.10315190116
Blockchain Developer,Lucknow,213134,126119,364922,245520.9049273598
Software Engineer,Hyderabad,24709,23727,25908,24817.82249160389
Data Scientist,Hyderabad,391030,288012,567451,427732.29664255434
Software Engineer,Surat,40134,24406,57759,41083.06180400998
Data Engineer,Delhi,195171,148295,246160,197227.82632049115
Software Engineer,Trivandrum,1684066,1505916,1913699,1709808.1234237691
AI Engineer,Pune,111610,107739,122224,114981.73545952782
Software Engineer (Frontend),Bangalore,551573,441159,744025,592592.4824018129
Data Scientist,Bangalore,445693,368765,536947,452856.4625753109
Data Scientist,Bangalore,57095,48680,69087,58884.14949262041
AI Engineer,Noida,308903,295349,323561,309455.90500774817
Senior Software Engineer,Bangalore,950228,902022,975853,938937.7426512544
Junior Developer,Coimbatore,175444,142970,193626,168298.6304370634
Machine Learning Engineer,Indore,114074,105679,134745,120212.56197133972
Junior Developer,Noida,186214,170643,222482,196563.13555413834
AR/VR Engineer,Bangalore,27225,22455,34439,28447.38826340931
Data Scientist,Bangalore,231107,187389,289567,238478.64904486618
AI Engineer,Mumbai,144766,44806,188321,116564.01104833998
Product Manager,Trivandrum,97153,81193,108446,94820.05231672266
Machine Learning Engineer,Bangalore,147781,140241,165731,152986.5967761823
Machine Learning Engineer,Bangalore,158358,140280,174939,157610.00865686414
Full Stack Developer,Lucknow,36167,29947,43007,36477.892075294185
Software Engineer,Jaipur,28187,26241,31141,28691.688446984917
Software Engineer (Frontend),Indore,452333,356399,529487,442943.54086266435
Data Scientist,Mumbai,1011651,705040,1425637,1065339.061763606
Software Engineer,Bangalore,30507,28209,42408,35309.09906982732
AI Engineer,Indore,162915,132314,181211,156763.27883252368
Software Engineer,Gurgaon,292202,199268,415592,307430.05871409294
Software Engineer (Backend),Trivandrum,384737,326195,405545,365870.0
Software Engineer,Noida,619424,541623,711118,626370.7378169826
Robotics Engineer,Bangalore,194391,178194,209866,194030.41245943762
Game Developer,Hyderabad,18580,16212,22002,19107.30337276272
AI Engineer,Mysore,105216,76329,138700,107515.13053776119
Software Engineer (Backend),Hyderabad,293027,213353,334811,274082.0
QA Engineer,Jaipur,163891,96428,226506,161467.5135101873
Software Engineer,Noida,112354,106001,124682,115342.37661222719
Site Reliability Engineer,Surat,67372,62436,94373,78404.5
Software Engineer,Hyderabad,166638,114211,198276,156244.30689326584
Data Scientist,Kolkata,82306,53643,103888,78766.08861534245
Software Engineer,Bangalore,457533,394529,517788,456158.9568924111
Full Stack Developer,Mysore,25421,14058,38068,26063.635530627005
Data Scientist,Jaipur,55727,38163,75818,56991.0613429143
Site Reliability Engineer,Hyderabad,126,104,146,125.0
Software Engineer,Surat,43508,37905,48685,43295.606017871214
Machine Learning Engineer,Delhi,217997,201734,239059,220396.88499015901
Database Administrator,Bangalore,238334,201046,276113,238579.8962351214
Full Stack Developer,Mumbai,21144,17127,22602,19864.90629905088
AI Engineer,Chennai,5817,3555,6864,5210.379368638745
Technical Writer,Hyderabad,42964,36039,49889,47215.066605486136
Software Engineer,Mumbai,223322,140731,319808,230269.8140669297
Data Scientist,Hyderabad,31290,25232,37349,31291.28241021137
Software Engineer (Backend),Gurgaon,260246,238212,282279,260245.5
Software Engineer,Jaipur,18895,16317,19788,18052.543337426367
Data Scientist,Surat,26671,15950,41942,28946.652788498242
Software Engineer,Bangalore,472527,434456,554571,494514.3123960785
Software Engineer,Ahmedabad,36893,30174,50931,40552.74216372099
Machine Learning Engineer,Bangalore,211306,171828,225319,198574.07079732843
Software Engineer,Visakhapatnam,43074,34893,52655,43774.62045907372
Software Engineer,Bangalore,154569,138321,187192,162757.16712600604
Software Engineer,Visakhapatnam,784465,720478,749676,735077.8113741125
Technical Writer,Bangalore,730287,698714,915868,807291.8602819646
Software Engineer (Frontend),Indore,34915,31352,41296,36324.59276138605
Full Stack Developer,Mysore,85168,67111,105225,86168.86975919141
AI Engineer,Visakhapatnam,155031,132537,199903,166220.32691256545
Software Engineer,Surat,315097,222860,373093,297977.0739703692
Data Scientist,Bangalore,543695,423287,646684,534986.0505882495
Software Engineer,Lucknow,41117,41310,47209,44259.992956811635
Computer Vision Engineer,Bhubaneswar,73584,63059,95610,79334.90101542848
Full Stack Developer,Kolkata,125766,72269,177921,125095.40603827545
Software Engineer,Bangalore,456417,388353,507264,447809.2409085466
Network Engineer,Chandigarh,14537,13426,15450,14438.583919154258
Machine Learning Engineer,Pune,145818,132943,167076,150010.2328719878
AI Engineer,Delhi,193610,43399,193221,118310.73838408866
Cybersecurity Analyst,Chandigarh,364276,595653,928093,761873.63699722
Full Stack Developer,Lucknow,163483,88143,229057,158600.39995778847
Embedded Systems Engineer,Delhi,28504,220680,488934,354807.0
Full Stack Developer,Hyderabad,56415,44893,66774,55833.74853797653
Software Engineer (Frontend),Goa,39209,31083,41218,36151.187778852705
Software Engineer,Bangalore,556893,493426,616802,555114.5450645868
Mobile Developer,Bangalore,43464,43421,51376,47398.85510650969
AI Engineer,Hyderabad,169254,85259,255617,170438.44051729387
Embedded Systems Engineer,Bhubaneswar,115453,96206,175516,135861.26334194082
Software Engineer (Frontend),Bangalore,481485,394668,533360,464014.6631649878
Software Engineer (Frontend),Bangalore,289415,228013,286255,257134.28450130188
Software Engineer (Frontend),Coimbatore,581267,525624,662837,594230.7288864825
Software Engineer,Bangalore,37127,19788,60118,39953.72435175178
Software Engineer,Bhubaneswar,14941,8638,21356,14997.672231195013
Machine Learning Engineer,Mumbai,143587,123862,162942,143402.70827618404
Software Engineer,Ahmedabad,107090,84779,120803,102791.55973532524
Software Engineer,Trivandrum,280509,247728,396274,322001.46702106344
Data Scientist,Hyderabad,13836,7552,21423,14487.814486334028
Machine Learning Engineer,Coimbatore,189944,157638,223343,190490.75434954982
Software Engineer,Gurgaon,38473,26399,43901,35150.21511997476
Product Manager,Kochi,243080,226106,271025,248565.86522839224
Machine Learning Engineer,Bangalore,166970,156754,182264,169509.74334482965
Software Engineer,Coimbatore,477571,423513,466103,444808.2192494305
Software Engineer (Backend),Surat,20339,14721,26584,20653.04045440823
Software Engineer (Backend),Bangalore,290561,234448,260909,247678.8646450614
Software Engineer,Pune,535180,501592,584160,542876.3540720859
Software Engineer (Backend),Noida,62957,43168,82744,62956.0
Data Engineer,Goa,55611,29399,96340,62869.70921865816
Data Scientist,Kochi,82142,87814,84318,86066.40080550138
AR/VR Engineer,Hyderabad,55267,52334,64906,58620.459831220796
Software Engineer,Bangalore,55124,47477,53889,50683.47963560897
AI Engineer,Mysore,286599,63768,461945,262857.01129701786
Robotics Engineer,Mumbai,183069,146762,203807,175285.0574058126
Software Engineer,Bangalore,128405,104758,152159,128459.15167894277
Machine Learning Engineer,Lucknow,145173,125116,157428,141272.60899768554
Machine Learning Engineer,Lucknow,85446,69613,100592,85102.90369756856
Full Stack Developer,Hyderabad,324789,268469,388755,328612.2426034891
AI Engineer,Surat,606355,87642,682304,384973.3212020249
Data Scientist,Hyderabad,81324,44318,129263,86790.75312128817
AI Engineer,Hyderabad,304889,235806,341823,288815.108118349
Software Engineer (Backend),Bangalore,159323,95123,269716,182420.20117643988
Junior Developer,Indore,260569,240391,302995,271693.49038061773
Software Engineer,Visakhapatnam,10878,6182,17350,11766.530651186687
Full Stack Developer,Hyderabad,1112948,771949,1610116,1191033.1130738305
Software Engineer,Delhi,629,575,925,750.6788781305224
Machine Learning Engineer,Mumbai,142162,124518,160927,142722.6012159782
Full Stack Developer,Bangalore,301478,215210,417708,316459.35131242947
Senior Software Engineer,Noida,151840,123771,223500,173635.57589733796
Software Engineer,Bangalore,272067,262865,283086,272975.91853432346
Data Scientist,Bangalore,208062,132025,291199,211612.51603557097
Data Scientist,Bangalore,6661127,4328475,10267897,7298186.200996671
Software Engineer,Bangalore,213333,141441,275967,208704.1448920867
Software Engineer,Trivandrum,98765,82286,114876,98581.55591272464
Software Engineer (Frontend),Mumbai,84571,65983,99849,82916.4407864759
Software Engineer,Noida,388952,388113,430291,409202.5562961896
Machine Learning Engineer,Bhubaneswar,190429,167504,221167,194335.9091756578
Software Engineer,Hyderabad,123811,122410,134759,128584.9147717292
AI Engineer,Nagpur,184182,189034,200312,194673.57300711083
Full Stack Developer,Bangalore,187960,144702,209787,177245.08366508601
AI Engineer,Bangalore,407471,183651,610272,396961.8705432693
Data Scientist,Visakhapatnam,21446,11251,34090,22670.92715369103
Mobile Developer,Chennai,327551,267285,389835,328560.9157999812
Software Engineer (Frontend),Hyderabad,237540,215947,357779,286863.36207915726
System Administrator,Ahmedabad,118210,74384,185375,129879.93180950305
Software Engineer (Backend),Chandigarh,504504,380975,628031,504503.0
Cybersecurity Analyst,Bangalore,334557,94279,153216,123748.27870451509
Technical Architect,Bangalore,86011,45325,119829,82577.53234639042
Software Engineer,Goa,35856,32770,36794,34782.29721606461
Software Engineer,Mumbai,162247,122433,190559,156496.30755896948
Software Engineer (Backend),Mumbai,78012,63285,98579,80932.15293107144
Software Engineer,Lucknow,706,643,761,702.4510782286135
Software Engineer (Frontend),Indore,144960,143465,169301,156383.53347898117
Software Engineer (Backend),Bangalore,723477,501532,945420,723476.0
AI Engineer,Chennai,430031,319197,489080,404138.86574349646
Software Engineer (Frontend),Bangalore,13525,11404,15644,13524.0
Software Engineer,Lucknow,246629,187274,272079,229677.12280973425
Software Engineer,Lucknow,1279887,755507,1732230,1243869.1233101625
DevOps Engineer,Bangalore,126638,119794,145975,132884.5
UI/UX Designer,Bangalore,223520,181928,246342,214135.41710494563
Senior Software Engineer,Coimbatore,255816,185760,367927,276844.0154113653
Data Scientist,Bangalore,711002,578499,854443,716471.9456830646
Blockchain Developer,Pune,1768,1580,2044,1812.4292954387108
AI Engineer,Hyderabad,445287,123307,646083,384695.46747400664
Cybersecurity Analyst,Trivandrum,194742,66029,110300,103366.23522595175
UI/UX Designer,Surat,205680,168564,240435,204499.99369822256
Machine Learning Engineer,Hyderabad,97982,87784,104278,96031.35265727385
Software Engineer (Frontend),Noida,35339,28268,44896,36582.54150196792
Computer Vision Engineer,Kolkata,623286,561895,655720,608807.932154936
Software Engineer,Mumbai,80765,76538,82736,79637.59199983245
Machine Learning Engineer,Lucknow,81319,75551,97074,86312.59849254019
Mobile Developer,Nagpur,46002,24551,67452,46001.5
Software Engineer,Hyderabad,221167,187793,268695,228244.524873748
Software Engineer,Bangalore,506123,409146,543469,476307.89883954846
Full Stack Developer,Bangalore,50275,33973,72703,53338.45841263227
Software Engineer,Bangalore,19590,18636,20388,19512.78073815601
Data Scientist,Hyderabad,8452,6163,12268,9215.552464391492
Full Stack Developer,Mumbai,1063926,508259,1590354,1049307.1402472886
Machine Learning Engineer,Ahmedabad,178121,146252,195845,171048.8703478892
QA Engineer,Hyderabad,48316,18256,112947,65601.64435953493
Technical Architect,Bangalore,866878,704734,1008569,856652.1956264434
Data Scientist,Coimbatore,52286,36716,72761,54739.02851768751
Software Engineer (Backend),Trivandrum,106250,93023,122856,107940.33904881525
Machine Learning Engineer,Noida,83148,71753,93637,82695.28558219963
Data Scientist,Bhubaneswar,12303,7875,17294,12584.70927443396
AI Engineer,Hyderabad,61462,44921,73631,59276.25848134444
Machine Learning Engineer,Kolkata,189423,160074,214069,187071.9792433511
Software Engineer,Indore,110413,104336,119069,111702.79573863729
Data Scientist,Indore,408284,341699,481797,411748.60143954016
Machine Learning Engineer,Mumbai,189521,171117,226030,198574.3164467223
Data Scientist,Mumbai,357174,158644,604798,381721.56349829945
Technical Architect,Bangalore,326761,202475,426957,314716.5227011683
Machine Learning Engineer,Mumbai,131792,111596,148382,129989.2054535383
Full Stack Developer,Nagpur,147145,94328,191827,143077.8086633879
AI Engineer,Hyderabad,59800,88540,58486,73513.57638940615
Software Engineer,Pune,522910,439259,662357,550808.7163184641
Software Engineer (Frontend),Bangalore,194028,119001,281205,200103.75081498994
Software Engineer,Hyderabad,108802,70227,138681,104454.39379008353
Data Scientist,Chennai,292392,251677,339629,295653.51411531604
Software Engineer (Frontend),Surat,9800,7609,8804,8206.953362358183
Data Scientist,Hyderabad,62628,32246,91739,61993.262291665
Data Engineer,Chennai,120604,113890,129418,121654.45130853314
Software Engineer (Frontend),Nagpur,68739,66507,70971,68739.0
Machine Learning Engineer,Hyderabad,171146,151342,204974,178158.43141247972
AI Engineer,Mumbai,58378,31557,87691,59624.44744437798
Software Engineer,Surat,405643,279760,527841,403801.3807928559
Software Engineer,Hyderabad,37915,35963,50167,43065.439477393535
Machine Learning Engineer,Bhubaneswar,202111,175585,216697,196141.54203482496
Database Administrator,Chennai,186145,164015,203730,183873.02680462276
AI Engineer,Bhubaneswar,1432237,245279,2619640,1432460.030238183
Software Engineer,Chennai,107244,64752,157647,111200.04442456047
Data Scientist,Goa,287664,233076,495783,364430.27347225515
Data Scientist,Ahmedabad,87542,78944,95240,87092.80955396111
Research Scientist,Kolkata,97802,70365,115694,93029.9300812537
Machine Learning Engineer,Bangalore,188623,167472,222180,194826.59674901614
Full Stack Developer,Mysore,261051,136226,406752,271489.56334882684
Machine Learning Engineer,Bangalore,180021,149531,203336,176434.0381155374
Software Engineer (Frontend),Gurgaon,160514,158777,129726,144251.9091173165
Senior Software Engineer,Bangalore,11146,10461,10820,10640.861100839425
Software Engineer (Frontend),Kochi,54669,33589,66241,49915.48573379016
Software Engineer,Ahmedabad,131519,116201,142943,129572.76556727322
Data Scientist,Bangalore,19397,10791,25563,18177.34589166315
iOS Developer,Kolkata,55221,44968,76884,60926.70492857954
AI Engineer,Jaipur,13681,10168,17591,13879.80880874799
Network Engineer,Mumbai,438926,321213,538257,429735.1964569156
QA Engineer,Coimbatore,19237,13922,24490,19206.49947881723
AI Engineer,Hyderabad,47613,30814,59831,45323.36101082356
Machine Learning Engineer,Delhi,223559,195007,262642,228825.45586356235
Software Engineer,Chandigarh,76723,41410,109717,75563.75850851549
Software Engineer (Frontend),Chennai,95244,53147,137339,95243.0
Software Engineer,Bangalore,775192,596540,885261,740901.2537435801
Software Engineer (Backend),Mumbai,984481,499590,1713949,1106770.3278196703
AI Engineer,Mumbai,408136,85452,609756,347604.47437895346
Software Engineer,Bhubaneswar,633727,548327,692572,620450.0236583448
Software Engineer,Kolkata,305572,292585,317225,304905.392398837
Android Developer,Bangalore,61795,61691,72386,67038.92877546165
Software Engineer,Hyderabad,93630,92234,113836,103035.53472797689
Software Engineer (Frontend),Kolkata,113302,103676,122925,113300.5
Software Engineer,Mysore,4737,3070,6023,4546.931620551427
Full Stack Developer,Hyderabad,108052,67071,156420,111745.8332942779
Software Engineer,Hyderabad,75794,47175,99670,73422.91324676778
Software Engineer (Frontend),Trivandrum,91540,87124,95955,91539.5
AI Engineer,Hyderabad,140304,104113,211061,157587.2949466895
Information Security Engineer,Delhi,26152,17611,33402,25507.018415598362
Software Engineer,Nagpur,122777,109123,134636,121879.9212952013
Software Engineer (Backend),Bangalore,429241,374581,475137,424859.62761945056
Software Engineer,Trivandrum,1829,1616,2570,2093.4709961296135
Full Stack Developer,Bangalore,899869,591784,1145156,868470.2049755853
Site Reliability Engineer,Mysore,208280,183302,322284,252793.03641499847
Software Engineer (Backend),Ahmedabad,3895,2097,5692,3894.5
Software Engineer (Backend),Ahmedabad,211371,202679,220062,211370.5
Software Engineer,Noida,192545,103294,278259,190777.02865514136
Machine Learning Engineer,Hyderabad,138054,129380,161745,145562.82166269343
Software Engineer (Frontend),Bangalore,321542,266605,390248,328426.5
Data Scientist,Coimbatore,255721,185504,347433,266468.9688731909
Full Stack Developer,Nagpur,80713,73675,87238,80457.0707315059
Software Engineer,Visakhapatnam,412121,387735,468596,428165.8794812056
Information Security Engineer,Chandigarh,210005,175248,276172,225710.47879144415
Machine Learning Engineer,Mumbai,209157,176061,248277,212169.61671566177
Machine Learning Engineer,Kolkata,155370,135785,175894,155840.07699564143
Software Engineer,Chandigarh,79348,48200,100242,74221.51024376781
Software Engineer (Frontend),Hyderabad,44999,33035,80439,56737.608656357064
Site Reliability Engineer,Hyderabad,60698,34108,73050,53579.57521911859
AI Engineer,Hyderabad,453906,394664,477579,436122.10775060236
Software Engineer,Chandigarh,123017,108541,135278,121910.07639858148
Machine Learning Engineer,Mumbai,99314,88075,118088,103082.28844429093
Cybersecurity Analyst,Hyderabad,261641,20743,32737,26740.847915323793
Research Scientist,Delhi,542403,293914,837837,565875.7377682412
Data Scientist,Kochi,47591,39175,54941,47058.33408054778
Machine Learning Engineer,Mumbai,173648,155690,185297,170493.63291435587
Software Engineer,Delhi,232077,206133,247077,226605.21143702522
Software Engineer (Backend),Pune,84318,148557,79673,114115.3
Full Stack Developer,Visakhapatnam,3591261,27338,37230,32284.336509572702
AI Engineer,Bangalore,244271,184526,317596,251061.19300082664
AI Engineer,Mumbai,346300,251810,427964,339887.57967644115
Software Engineer,Delhi,402651,372870,416967,394919.1056620535
Software Engineer (Backend),Lucknow,37129,38432,53192,45812.111771568176
Software Engineer (Frontend),Hyderabad,101404,87224,146859,117041.5
Machine Learning Engineer,Chandigarh,209603,179907,227453,203680.86035467839
NLP Engineer,Lucknow,335255,177316,474329,325823.05697994505
AI Engineer,Bangalore,161115,97612,261916,179764.3519028084
Software Engineer,Surat,1348256,1206854,1361158,1284006.5261371569
Software Engineer,Surat,30225,26657,33156,29907.210185884207
Software Engineer,Bangalore,609727,508228,698178,603203.7031692057
Software Engineer,Hyderabad,49087,34559,56691,45625.420694702574
Software Engineer (Frontend),Delhi,338035,325070,410160,367615.8250691092
Product Manager,Bangalore,66932,56690,77768,67229.7851952769
Software Engineer,Bangalore,435648,382858,539097,460978.1426097974
Machine Learning Engineer,Bangalore,160526,142325,171932,157128.79222083144
Full Stack Developer,Hyderabad,719327,636236,1042983,839610.3153173481
QA Engineer,Bangalore,268091,233290,310091,271691.1598196733
Software Engineer (Frontend),Visakhapatnam,322221,258727,531636,395181.8105229836
AI Engineer,Bangalore,630110,474361,820296,647328.9218069958
UI/UX Designer,Bangalore,240235,224794,286567,255680.78853348474
Software Engineer (Frontend),Chandigarh,81169,39268,81530,60399.3954370828
AI Engineer,Hyderabad,272380,47380,483376,265378.9257736734
Full Stack Developer,Noida,52049,42753,58661,50707.101786366344
AI Engineer,Surat,6518,31839,44792,38315.61227641465
Software Engineer (Frontend),Hyderabad,34786,24269,45302,34785.5
Software Engineer (Backend),Bangalore,808689,116924,112367,114646.08371061375
Software Engineer (Frontend),Pune,232581,167768,347865,257817.14128734896
Software Engineer,Chennai,51232,50117,57612,53865.09973707705
Software Engineer,Mumbai,75920,61415,88664,75039.99994236034
Machine Learning Engineer,Bangalore,91465,74619,104996,89807.9359132541
Software Engineer,Bangalore,542973,425164,593769,509467.0860506861
Machine Learning Engineer,Mumbai,111633,99776,123502,111639.44656943248
Machine Learning Engineer,Bangalore,128513,109098,139078,124088.52737966448
AI Engineer,Ahmedabad,56139,44520,60417,52469.03351034297
Software Engineer (Frontend),Hyderabad,153295,138439,168150,153294.5
Software Engineer,Mumbai,87377,76821,90805,83813.49201130502
Data Scientist,Hyderabad,256540,172544,337267,254905.77761069062
NLP Engineer,Delhi,82457,42216,150649,96433.27190666462
Full Stack Developer,Mysore,197273,102306,270580,186443.73289103733
Cloud Engineer,Goa,244934,221817,273447,247632.3483859039
AI Engineer,Bangalore,97875,89497,121804,105650.80148144616
Data Scientist,Kochi,682565,454766,1019888,737327.628436639
Data Scientist,Gurgaon,15281,11740,18257,14999.128273031656
Android Developer,Bangalore,228524,165199,267371,265209.9491258693
Software Engineer (Frontend),Chennai,25502,22753,61316,42034.90064211916
QA Engineer,Mysore,36023,26083,42754,34419.05165125364
Software Engineer (Frontend),Indore,8432,5061,9870,7465.933739990289
Software Engineer (Frontend),Bangalore,5673,3938,8674,6306.487769805284
Machine Learning Engineer,Goa,95076,77231,107678,92454.83992943497
Blockchain Developer,Bangalore,34302,27659,36844,32251.70395820395
Software Engineer,Hyderabad,33609,26870,40785,33827.739928607814
Machine Learning Engineer,Delhi,166026,135960,178475,157217.72985723388
Software Engineer,Indore,12784,10582,17118,13850.39462402444
Full Stack Developer,Bangalore,343743,295255,468551,381903.21032382676
Software Engineer,Mumbai,644455,572060,729887,650973.7002860586
Game Developer,Bangalore,917153,512157,1480855,996506.3904143283
Software Engineer (Frontend),Mysore,306516,291800,321230,306515.0
Data Scientist,Mumbai,102528,70594,127742,99168.51163824197
Android Developer,Indore,5525,2931,8425,5678.077414595058
Software Engineer,Bangalore,623599,577797,586872,582335.0756604874
Full Stack Developer,Bangalore,713527,518279,936657,727468.7545113114
AI Engineer,Mysore,54631,31929,80551,56240.1835779709
Machine Learning Engineer,Nagpur,184213,158521,195480,177001.049047173
Full Stack Developer,Visakhapatnam,15960,12357,18439,15398.153739310554
Software Engineer,Delhi,109352,113685,114728,114207.20651225932
Full Stack Developer,Bangalore,822,592,1022,807.5436882266035
NLP Engineer,Visakhapatnam,234251,210861,257639,234250.81303780928
Full Stack Developer,Nagpur,103294,68883,132994,100939.06877986845
Data Scientist,Delhi,84692,40013,126566,83289.76962578535
AI Engineer,Goa,71633,60923,80802,70862.93608013139
Software Engineer,Lucknow,40902,37206,40727,38967.26527632875
AI Engineer,Bangalore,57398,22192,160782,91487.73497786751
Software Engineer (Backend),Hyderabad,74163,42649,91864,67256.9559082529
Technical Writer,Pune,45158,43270,47046,45158.25823173966
Full Stack Developer,Chennai,86251,53605,135773,94689.27999868638
Machine Learning Engineer,Kolkata,197574,167829,211935,189882.3499160028
Full Stack Developer,Surat,74529,53990,117219,85604.74018154132
Robotics Engineer,Bangalore,125116,103084,145931,124508.02149682742
System Administrator,Bangalore,820994,658964,1010714,834839.1421577885
Machine Learning Engineer,Nagpur,170866,156556,197834,177195.72627074562
Data Scientist,Mumbai,92702,65154,128936,97045.43759425858
Software Engineer,Chandigarh,196378,144229,239636,191932.81571552576
Software Engineer (Backend),Mysore,93751,91114,96387,93750.5
iOS Developer,Bangalore,347166,251884,475174,363529.8910577685
Full Stack Developer,Kochi,32768,23759,37572,30665.884813229575
Data Scientist,Hyderabad,135112,168571,112783,140677.62720816204
Software Engineer,Delhi,1260220,1156712,1383245,1269978.783165477
Full Stack Developer,Hyderabad,37815,18889,61932,40411.09821979799
Full Stack Developer,Bangalore,58236,52892,66157,59525.06172058005
Full Stack Developer,Hyderabad,1029439,690894,1389140,1040017.4728297605
Software Engineer,Bangalore,462952,390268,537503,463885.6561863136
Software Engineer,Mumbai,270918,253107,345200,299154.0317319507
Junior Developer,Bangalore,137079,124704,161060,142882.3832932924
NLP Engineer,Trivandrum,666,356,975,665.8602668954074
Data Scientist,Lucknow,60572,37784,92658,65221.33302730211
Site Reliability Engineer,Indore,263389,238294,288482,263388.0
Software Engineer,Bangalore,541110,476913,647363,562138.3174699037
NLP Engineer,Coimbatore,46380,44151,48608,46380.05681270233
Product Manager,Goa,244509,214393,271434,242913.88199461895
Software Engineer,Gurgaon,94288,88294,104440,96367.97404391557
Network Engineer,Kolkata,4410,3967,4641,4304.78553577217
Full Stack Developer,Hyderabad,54386,44171,63455,53813.48089728494
Data Scientist,Hyderabad,97509,55836,156609,106222.75358470758
AI Engineer,Bangalore,322316,288844,395474,342159.3984660664
Technical Architect,Hyderabad,155225,150352,160098,155225.0
Software Engineer (Backend),Bangalore,61257,58598,63915,61256.5
Database Administrator,Chennai,151405,142681,160050,151365.57475127108
Machine Learning Engineer,Chennai,222434,182860,258758,220809.42266472842
AI Engineer,Visakhapatnam,131045,80794,190577,135686.2510456139
Data Scientist,Kochi,1017240,606574,1674100,1140337.412277602
Full Stack Developer,Surat,1964,1840,2390,2115.7191179460315
Software Engineer,Mysore,21733,19897,27140,23519.2985431789
Software Engineer,Lucknow,7176,6323,8695,7509.110535227246
Machine Learning Engineer,Mysore,162428,147066,175788,161427.33729284935
Full Stack Developer,Jaipur,9260,7004,10684,8844.426059966603
AI Engineer,Mumbai,178721,71495,255215,163355.47900753358
Software Engineer (Frontend),Bangalore,949673,696632,1089513,893073.1221797472
Data Scientist,Bangalore,256348,185666,297855,241760.86501126864
Machine Learning Engineer,Goa,129586,113706,153163,133435.28537770847
Software Engineer (Backend),Goa,161621,104571,218030,161300.8086740761
Software Engineer,Hyderabad,22964,17621,26727,22174.318289243463
Mobile Developer,Coimbatore,30033,26800,35020,30910.76634100406
Software Engineer (Backend),Lucknow,4575,3615,5530,4572.781461700924
Software Engineer (Frontend),Kochi,73927,71019,76834,73926.5
Machine Learning Engineer,Trivandrum,109669,94024,117139,105581.98394471373
Machine Learning Engineer,Coimbatore,130584,106705,147908,127306.79385271468
Machine Learning Engineer,Bangalore,191430,180411,220646,200528.85457937798
Principal Engineer,Noida,126524,114079,121702,117890.78655399007
Technical Architect,Hyderabad,91997,64064,122516,93290.51495929126
Full Stack Developer,Bangalore,62618,44321,72642,58482.15127887398
Software Engineer (Backend),Bangalore,134970,123459,211695,167577.26730534364
Data Scientist,Indore,73044,60298,87927,74113.06048742488
Machine Learning Engineer,Mumbai,171127,152249,189433,170841.59729968553
Database Administrator,Hyderabad,111437,92018,122407,107212.82168803293
Data Scientist,Mysore,569883,315009,901860,608435.0600956369
AI Engineer,Chennai,341638,304718,397066,350892.1686473681
Cybersecurity Analyst,Hyderabad,188270,410460,672110,541285.4802083427
Data Scientist,Bangalore,173888,150078,203336,176707.51667077426
Machine Learning Engineer,Kochi,134335,111393,142366,126879.89114014347
Software Engineer,Kochi,14773,11568,19227,15398.0479260819
AI Engineer,Surat,253634,99175,302362,200769.47001818044
AI Engineer,Hyderabad,198354,120589,240786,180687.61018059746
Data Scientist,Kolkata,2287,1588,3152,2370.3257838379704
Data Scientist,Chandigarh,323054,194165,425466,309816.2554960294
DevOps Engineer,Kochi,116564,38917,41484,40200.5
iOS Developer,Chennai,3424,1365,8912,5138.981612363355
Mobile Developer,Noida,68350,41034,94598,67816.5672947529
AI Engineer,Lucknow,59179,17328,55683,36506.00377730497
Software Engineer (Backend),Mysore,596115,388084,641056,514570.49659155903
Full Stack Developer,Bangalore,683220,483619,849773,666696.2503467472
Android Developer,Noida,938027,692047,951370,821708.6700875121
Full Stack Developer,Hyderabad,32818,25963,46923,36443.68302267965
Software Engineer (Frontend),Goa,129216,101830,132400,117115.7863136867
AI Engineer,Mumbai,629413,455009,912430,683719.9904777723
AI Engineer,Bangalore,115174,14404,138314,76359.42727724655
Software Engineer (Frontend),Bangalore,1090871,1023858,1157883,1090870.5
Junior Developer,Visakhapatnam,61410,51928,71337,61632.95824362963
Software Engineer (Frontend),Pune,9760,9497,10021,9759.0
Software Engineer (Frontend),Visakhapatnam,22167,13608,32201,22904.889071010104
Data Scientist,Hyderabad,5210,4149,5989,5069.560491331762
Android Developer,Pune,65622,57150,93897,75523.61747359973
Software Engineer,Bangalore,14327,11398,17909,14653.963476259909
NLP Engineer,Coimbatore,126979,79335,178018,128677.09654440678
Data Engineer,Ahmedabad,435364,306636,551007,428821.9571389229
Site Reliability Engineer,Kochi,20479,16955,23569,20262.0
AI Engineer,Bangalore,438814,289781,582815,436298.4705136077
Software Engineer (Frontend),Pune,160236,102591,175283,138937.20322824156
Full Stack Developer,Mysore,29836,19553,42891,31222.618902757902
Software Engineer (Frontend),Mumbai,363447,323304,522245,422774.76620461873
Machine Learning Engineer,Mumbai,94577,87796,105985,96891.04854519045
Software Engineer,Gurgaon,808393,413857,1143150,778503.8523960394
Data Scientist,Chennai,266162,150738,401563,276151.315054997
UI/UX Designer,Mumbai,217190,190591,253058,221825.16366198048
AI Engineer,Hyderabad,159308,97565,199565,148565.39557574515
Software Engineer (Frontend),Gurgaon,4682,5391,5719,5555.469424688124
Machine Learning Engineer,Bangalore,183526,160879,206572,183725.971952508
Software Engineer (Backend),Nagpur,191593,175305,271774,223539.88820615335
Machine Learning Engineer,Bangalore,162692,139355,188650,164002.89490368962
QA Engineer,Nagpur,135166,71717,194773,133245.19204975956
Machine Learning Engineer,Hyderabad,132583,109598,143239,126419.08961980027
Software Engineer (Backend),Gurgaon,66815,82292,65051,73671.7
Software Engineer,Trivandrum,7190,6955,8008,7481.559896619627
Software Engineer (Backend),Delhi,61484,63641,84213,73927.5367137358
Full Stack Developer,Trivandrum,29849,23273,36247,29760.613907372273
Software Engineer (Frontend),Hyderabad,67401,65388,69412,67400.0
Software Engineer (Backend),Coimbatore,42154,38891,45416,42153.5
Software Engineer (Frontend),Pune,69570,42809,96329,69569.0
QA Engineer,Indore,5479,4521,6576,5549.237860434176
NLP Engineer,Surat,2769890,204933,302374,253653.5
Software Engineer,Chennai,48710,32932,64322,48627.64034302514
iOS Developer,Delhi,84247,55269,109559,82414.19751567839
Data Scientist,Hyderabad,17927,14801,22728,18764.870157998143
Software Engineer (Frontend),Visakhapatnam,45697,39856,61320,50588.0
Software Engineer (Frontend),Mumbai,56858,53758,59958,56858.0
Software Engineer,Trivandrum,108440,105388,116780,111084.40333510944
Software Engineer (Frontend),Mumbai,63590,38932,62963,50947.731920398015
Computer Vision Engineer,Hyderabad,109013,35739,300487,168113.8098479744
Full Stack Developer,Bangalore,225358,209432,258442,233937.36904778608
Machine Learning Engineer,Kochi,224300,186911,257192,222052.0161451913
Software Engineer,Chennai,51618,45395,52843,49119.2637126762
AI Engineer,Kolkata,130651,72888,214506,143697.51417973396
QA Engineer,Mysore,18087,12044,24707,18376.14266177875
Machine Learning Engineer,Ahmedabad,129871,117350,146490,131920.81608821935
Software Engineer,Ahmedabad,417131,340798,488260,414529.6014594906
Software Engineer,Bhubaneswar,1348,1103,1619,1361.6503136121341
Data Scientist,Ahmedabad,27068,20896,33011,26953.824051903193
Information Security Engineer,Mumbai,246493,193292,313940,253616.4822493858
QA Engineer,Bangalore,133539,103500,167728,135614.7149032371
Machine Learning Engineer,Gurgaon,139350,117796,146690,132243.69381204326
Game Developer,Gurgaon,3339942,2267276,4649761,3458518.7661919245
Software Engineer,Hyderabad,14132,10487,16745,13616.539611143999
Full Stack Developer,Bangalore,152852,104381,208039,156210.6756134699
AR/VR Engineer,Mumbai,8702,7835,10996,9415.912059956954
Full Stack Developer,Coimbatore,304770,198083,405144,301614.3540808088
Data Scientist,Mysore,101193,71267,145449,108358.60302495176
Machine Learning Engineer,Coimbatore,96581,84942,109933,97437.75474395543
Data Scientist,Mumbai,188965,93727,281883,187805.7793795795
Software Engineer (Frontend),Hyderabad,297958,229331,366584,297957.5
Information Security Engineer,Bangalore,797103,677193,959560,818376.9420773361
Network Engineer,Ahmedabad,5055,4849,5268,5059.033898992711
Data Scientist,Bangalore,343995,265992,397943,331967.7409445594
Data Scientist,Lucknow,46750,32071,61827,46949.358660134865
Full Stack Developer,Coimbatore,194547,100175,253237,176706.4228557989
Software Engineer (Backend),Jaipur,588789,504116,710138,607127.54962612
Machine Learning Engineer,Kolkata,153711,133163,174324,153743.97565425243
Data Scientist,Mumbai,359603,211154,537286,374220.52179242525
Software Engineer,Bangalore,114226,114159,121892,118025.88896246557
AI Engineer,Jaipur,108141,160996,72027,116511.99381551416
AI Engineer,Jaipur,81936,47987,124747,86367.66078908736
Software Engineer (Frontend),Goa,68920,54243,97666,75954.5
AI Engineer,Delhi,1092592,259533,1145706,702620.0229468722
AI Engineer,Lucknow,289495,45284,450447,247866.3791527598
Full Stack Developer,Hyderabad,61635,48348,77911,63130.174750118385
Machine Learning Engineer,Hyderabad,200674,161590,223627,192608.87445186105
Software Engineer,Delhi,23503,19039,28427,23733.323350172817
Software Engineer (Backend),Kolkata,161437,97578,212388,154983.71111074847
Software Engineer,Lucknow,41074,40851,44850,42850.87954170948
Data Scientist,Hyderabad,165152,125137,186194,155666.110501676
Software Engineer,Hyderabad,399032,308342,498090,403216.5046648249
Full Stack Developer,Bangalore,543939,494018,600548,547283.5255381458
Data Scientist,Pune,30808,15896,53522,34709.850623940445
Software Engineer (Backend),Bangalore,356635,290798,401491,346145.1604196674
Software Engineer (Backend),Hyderabad,318456,241175,396932,319053.88719249144
Machine Learning Engineer,Coimbatore,215583,173642,246742,210192.38078685
Software Engineer,Chennai,154835,132443,179191,155817.17192981255
Software Engineer,Chandigarh,33226,21698,49504,35601.46811913203
Data Scientist,Bangalore,293190,208136,431986,320061.42469746515
Software Engineer (Frontend),Bangalore,62451,59074,69312,64193.45092905201
Software Engineer,Surat,122726,99774,152566,126170.79347948433
AI Engineer,Lucknow,28649,16865,35570,26217.795938663377
Software Engineer,Surat,26040,25481,26784,26132.948360638744
Data Scientist,Lucknow,94900,67525,142458,104991.85024479704
iOS Developer,Hyderabad,212388,112915,262138,187526.8443238304
Software Engineer (Backend),Mysore,21223,19815,22630,21222.5
Full Stack Developer,Trivandrum,36556,32361,40304,36332.705366617214
Software Engineer,Coimbatore,3364641,471105,725036,598071.3901629772
Data Scientist,Bangalore,586270,469056,749656,609356.4584720762
Robotics Engineer,Jaipur,70044,56835,76773,66804.65769132646
Senior Software Engineer,Bangalore,775448,694348,884632,789490.65731057
NLP Engineer,Trivandrum,209083,159687,329459,244573.20243152382
Full Stack Developer,Surat,442981,362531,676058,519294.5480004068
Lead Data Scientist,Hyderabad,560174,493047,623193,558120.4862411353
Software Engineer,Bangalore,255022,250530,255652,253091.558350205
Software Engineer,Visakhapatnam,198244,197213,198763,197988.50289468735
Software Engineer (Frontend),Bangalore,500376,487184,576908,532046.4038041835
Data Scientist,Trivandrum,332498,256516,415268,335892.2465092046
Machine Learning Engineer,Bangalore,73916,62590,85618,74104.7614140609
Machine Learning Engineer,Trivandrum,76844,65872,83579,74725.96494770929
Lead Data Scientist,Hyderabad,7537,5473,10546,8010.135150830191
Software Engineer (Frontend),Indore,82480,48599,128872,88736.04889538165
Machine Learning Engineer,Kolkata,79298,74859,87808,81334.07011757787
Software Engineer (Backend),Ahmedabad,30658,27842,33473,30657.5
Software Engineer (Frontend),Hyderabad,205085,178071,243758,210914.96974313667
Full Stack Developer,Bangalore,152611,130923,188019,159471.4618494791
Software Engineer (Frontend),Ahmedabad,15744,14636,16851,15743.5
Software Engineer,Bangalore,793901,466880,1132603,799741.8884778437
Research Scientist,Indore,26795,26094,28976,27535.53898531897
Software Engineer,Bangalore,121316,111966,131234,121600.53947000425
Junior Developer,Kolkata,64178,52857,72385,62621.65065136345
Software Engineer,Jaipur,142287,145037,159784,152410.87417209125
Software Engineer,Kolkata,296243,187310,382974,285142.8114032329
AI Engineer,Bangalore,270414,199819,370442,285130.6358894088
Software Engineer (Frontend),Chandigarh,312375,242511,541948,392230.3894223059
Data Scientist,Mumbai,35963,20663,54889,37776.346689956255
Full Stack Developer,Lucknow,79845,66912,88667,77789.71708434128
Mobile Developer,Trivandrum,232861,226480,239240,232860.0
Machine Learning Engineer,Mumbai,119804,109982,135340,122661.16557523962
Computer Vision Engineer,Bangalore,833070,632182,1083835,858008.9940634767
Machine Learning Engineer,Lucknow,200598,176550,220317,198433.8204599428
Software Engineer,Hyderabad,101363,93965,100828,97397.08622594652
Senior Software Engineer,Hyderabad,319270,312124,344974,328549.0958794274
Data Scientist,Bangalore,138909,202987,129279,166133.46203477046
Technical Architect,Bangalore,340602,237922,392582,315252.0
Full Stack Developer,Chandigarh,338828,213662,439006,326334.67716908763
Full Stack Developer,Bangalore,326733,230365,438346,334355.8570141275
Lead Data Scientist,Chandigarh,107895,85590,126042,105816.30526066254
Data Scientist,Noida,767401,408520,1138108,773314.5272649647
Software Engineer (Frontend),Nagpur,191423,168158,231877,200017.8448834233
Data Engineer,Mysore,50215,31941,70620,51281.11176855823
Machine Learning Engineer,Pune,216026,199964,242249,221107.10573088028
Data Scientist,Hyderabad,672048,490623,910553,700588.8145881179
Machine Learning Engineer,Kochi,206415,184897,221443,203170.10633026896
Machine Learning Engineer,Bangalore,146537,126211,155609,140910.2071703506
Software Engineer (Frontend),Ahmedabad,21464,18329,25280,21804.729314595512
Data Scientist,Goa,51929,38714,68211,53462.785087569006
Machine Learning Engineer,Hyderabad,180110,163558,189218,176388.44286995544
Software Engineer,Bangalore,126243,88801,173668,131235.2538489176
AI Engineer,Goa,6860,5334,9459,7396.645456049842
Software Engineer (Backend),Bangalore,100071,95819,104320,100069.5
Machine Learning Engineer,Surat,193994,161295,207722,184508.8156409724
AI Engineer,Hyderabad,116067,32361,159756,96058.96549032182
Software Engineer (Backend),Mumbai,525647,367692,773732,570712.0
AI Engineer,Bangalore,34863,30399,40662,35530.78957663942
Machine Learning Engineer,Noida,77530,66661,92771,79716.43252006374
Software Engineer (Frontend),Bangalore,3018942,2506012,3712877,3109444.5
Machine Learning Engineer,Bangalore,224998,197606,239131,218369.0299909159
Full Stack Developer,Mumbai,48299,23471,54054,38762.85681673778
Software Engineer (Backend),Indore,5431,3508,4793,4151.091137375228
Software Engineer,Bangalore,133548,107771,163859,135815.52025967883
Data Scientist,Nagpur,1966490,1528783,2493572,2011177.7772404272
Software Engineer (Backend),Bangalore,291339,312198,357244,334721.3389882722
Software Engineer (Frontend),Pune,195371,209825,236209,223017.5953104006
Blockchain Developer,Lucknow,12062,4732,33093,18912.90540531764
Machine Learning Engineer,Jaipur,189000,174868,209672,192270.77535778054
Site Reliability Engineer,Ahmedabad,22424,26967,31600,29284.115671754917
Software Engineer,Hyderabad,107363,85287,132868,109078.29279856413
Software Engineer (Backend),Pune,122798,65070,165860,115465.74715020412
Data Scientist,Chennai,64629,48708,102199,75454.2090272361
Data Scientist,Mumbai,242690,181610,282600,232105.396105313
Mobile Developer,Mumbai,4218,3387,5606,4497.113276574526
Data Scientist,Mysore,9911,8111,14517,11314.286324731973
Data Engineer,Hyderabad,28189,16658,40255,28457.006850535556
Game Developer,Noida,1710,1223,2222,1722.6068493669025
Senior Software Engineer,Chandigarh,705936,451386,826125,638756.1567979478
Software Engineer (Frontend),Hyderabad,166726,133193,196064,164628.5
Machine Learning Engineer,Mumbai,148982,128087,172155,150121.22693043435
Software Engineer,Coimbatore,120201,62093,170800,116446.75060377817
Robotics Engineer,Bangalore,179533,148939,192735,170837.6355397777
Software Engineer (Frontend),Mumbai,229852,198324,271166,234745.33601966064
Full Stack Developer,Bangalore,110019,135750,80784,108267.60922740914
Data Scientist,Mumbai,2035793,133774,297542,215658.92194049535
Machine Learning Engineer,Visakhapatnam,99200,91917,114598,103258.23197963771
Data Scientist,Goa,178793,142508,194143,168326.05461253447
Software Engineer,Chandigarh,122001,108318,168569,138444.00622691322
Data Scientist,Bangalore,870256,691815,1041352,866583.7927875229
AI Engineer,Hyderabad,1748882,299394,1988777,1144085.9844605965
Information Security Engineer,Surat,41811,18908,72236,45572.74956337368
AR/VR Engineer,Mysore,18502,11833,23514,17674.203596639156
Information Security Engineer,Goa,60476,45364,67940,56652.133711621485
Full Stack Developer,Mumbai,69947,55539,79769,67654.30192578968
Information Security Engineer,Hyderabad,84450,72590,106521,89556.06689734267
Software Engineer (Frontend),Bangalore,73746,51371,84853,68112.27281258297
AI Engineer,Pune,32552,30146,39560,34853.47616456545
Software Engineer,Mumbai,253974,252354,258070,255212.52998993316
AI Engineer,Mumbai,24404,661948,1233165,947556.9060222782
Software Engineer (Backend),Bangalore,313771,211321,348288,279804.98335963243
Full Stack Developer,Mumbai,419394,303938,569036,436487.14127436513
AI Engineer,Trivandrum,65006,58271,73133,65702.90103867312
Software Engineer (Frontend),Lucknow,27764,19111,31906,25509.33113367189
Software Engineer,Hyderabad,4463,4176,5212,4694.333257875878
Software Engineer,Hyderabad,441639,429841,496864,463352.64182391495
Data Scientist,Bangalore,13422,11968,15451,13710.031492023401
Software Engineer,Gurgaon,28735,18441,37496,27968.98348317027
Software Engineer,Hyderabad,41626,37296,48338,42817.33042968702
Full Stack Developer,Bangalore,1892232,1538076,2282705,1910390.577892266
Machine Learning Engineer,Mumbai,100295,92137,115496,103816.69084549294
AR/VR Engineer,Ahmedabad,33750,30644,43865,37254.5
Database Administrator,Coimbatore,248919,200857,280507,240682.07265696756
Full Stack Developer,Hyderabad,60277,558056,721025,639541.2600156984
Machine Learning Engineer,Hyderabad,143116,128066,156579,142323.2936899937
Product Manager,Mumbai,174192,152707,190103,171405.92538409046
Site Reliability Engineer,Kolkata,25077,12450,36169,24310.010788124826
Network Engineer,Goa,169015,119922,231462,175692.72835356515
Product Manager,Lucknow,161455,135227,170040,152634.16732836096
Software Engineer (Frontend),Chennai,67355,64369,70339,67354.0
AR/VR Engineer,Jaipur,21040,17632,26320,21976.21114951154
Full Stack Developer,Hyderabad,60633,47660,84764,66212.38653498981
Technical Architect,Trivandrum,19077,20987,24606,22796.985487103382
Software Engineer (Frontend),Goa,20185,17857,21951,19904.42472875581
AI Engineer,Bangalore,3255159,2098182,4569264,3333723.5712396977
Information Security Engineer,Surat,39261,21973,66397,44185.670970592895
Product Manager,Indore,252087,215941,294360,255150.83670743293
Data Scientist,Bangalore,1315502,992157,1581757,1286957.915809484
Software Engineer (Backend),Bhubaneswar,38954,40546,35552,38049.34001018776
AI Engineer,Mysore,348747,287183,381756,334470.07753823453
Cybersecurity Analyst,Mumbai,143076,15786,34378,25082.36153386061
Full Stack Developer,Bangalore,69295,57264,82793,70029.11928669125
Machine Learning Engineer,Trivandrum,193322,172754,230088,201421.6107699942
Data Scientist,Noida,257259,211049,306797,258923.20882815775
Software Engineer (Backend),Jaipur,22158,15358,28771,22065.256867833767
Software Engineer (Backend),Bangalore,446053,416028,484356,450192.6582868
Software Engineer,Chandigarh,20786,11211,29017,20114.597815963563
AI Engineer,Mysore,73752,50778,97877,74328.48749877785
UI/UX Designer,Pune,128470,117456,145130,131293.61932421493
QA Engineer,Noida,103483,66084,138467,102276.14006511852
Software Engineer,Bangalore,325448,294318,333678,313998.3537469886
Full Stack Developer,Kochi,637836,366514,879469,622991.960642839
Machine Learning Engineer,Hyderabad,124758,112175,139850,126013.2426929566
Machine Learning Engineer,Nagpur,79732,65941,86999,76470.24342356953
Software Engineer,Chandigarh,104001,84839,128220,106530.00382840392
Software Engineer,Hyderabad,625894,396679,858348,627514.1326408
AI Engineer,Gurgaon,368620,120523,589762,355143.163145842
Data Scientist,Hyderabad,43587,21473,71794,46634.06245069353
Machine Learning Engineer,Mumbai,139442,113495,150245,131870.49720539214
NLP Engineer,Hyderabad,59417,45619,73214,59417.02855767726
Product Manager,Bangalore,245498,232766,275945,254355.7941158135
Software Engineer,Bangalore,55722,36071,82484,59277.715716225764
Software Engineer,Bangalore,590026,530189,674254,602221.7880257401
Software Engineer (Frontend),Mumbai,72600,47202,85868,66535.0
Machine Learning Engineer,Delhi,168327,138117,177584,157850.97562468745
Software Engineer,Noida,603778,461681,746380,604030.8481098935
Full Stack Developer,Hyderabad,38019,36182,40467,38325.24650837482
AI Engineer,Kolkata,151865,85307,213504,149405.93810468202
AI Engineer,Bangalore,314885,258389,348719,303554.7329768846
Blockchain Developer,Bangalore,32597,18017,51343,34680.47390229572
Software Engineer,Chandigarh,53720,42492,65744,54118.329450390534
Machine Learning Engineer,Bangalore,176113,155942,185259,170601.33432839566
Software Engineer (Backend),Hyderabad,147651,140606,199606,170106.73415811307
Software Engineer,Bangalore,23939,17389,27844,22617.19168687349
Machine Learning Engineer,Mumbai,88892,74443,103562,89003.04889401159
AI Engineer,Nagpur,149216,116978,162346,139662.5073454535
Software Engineer,Mumbai,241966,167866,325696,246781.1834320759
Software Engineer (Frontend),Mumbai,179014,138379,243263,190821.0
Full Stack Developer,Indore,84149,51213,128374,89793.72077531114
Software Engineer (Backend),Jaipur,43706,38213,52632,45423.3126666309
NLP Engineer,Mumbai,14661,12422,17014,14718.432701307953
Blockchain Developer,Bangalore,668111,490480,949969,720225.0508625557
UI/UX Designer,Mumbai,121921,109504,138240,123872.88627347464
Network Engineer,Coimbatore,78591,74391,82859,78625.45137238062
Technical Architect,Bangalore,70173,48591,87824,68207.5
Software Engineer,Chennai,231977,193921,297930,245926.12428819784
Software Engineer,Mumbai,456907,366630,569184,467907.65971390787
Software Engineer,Bangalore,103283,99070,107635,103352.82416489455
Full Stack Developer,Bangalore,1196211,926930,1678763,1302847.0165669727
Senior Software Engineer,Hyderabad,165870,132195,199658,165927.23057120648
Software Engineer,Ahmedabad,77141,51605,103620,77613.2210988797
AI Engineer,Trivandrum,883065,655342,1216688,936015.573917155
Data Scientist,Gurgaon,27628,23821,41784,32802.930475373476
Lead Data Scientist,Hyderabad,477714,433540,557652,495596.50350450375
Software Engineer,Bangalore,479114,368160,501194,434677.2288092607
AI Engineer,Mumbai,59790,46038,76595,61316.575194461184
Software Engineer,Coimbatore,86616,74744,100361,87552.60603356565
Machine Learning Engineer,Bangalore,179313,160946,191495,176220.99273074843
QA Engineer,Bangalore,558579,585700,611981,598841.0810503118
Software Engineer,Bangalore,552071,438780,620696,529738.6573836146
Data Scientist,Ahmedabad,15596,13613,17850,15732.181169410153
Full Stack Developer,Bangalore,575923,260012,927060,593536.9714681816
Software Engineer,Chandigarh,289223,165882,417726,291804.65071473306
Software Engineer (Frontend),Bangalore,67296,64318,70273,67295.5
Lead Data Scientist,Mysore,532781,468947,560880,514914.1170945905
Software Engineer,Mysore,2115854,852544,5674024,3263284.8146678293
Data Scientist,Bangalore,17992,15942,23039,19490.893673549115
Machine Learning Engineer,Coimbatore,110809,93820,119397,106609.0258712148
Software Engineer (Frontend),Noida,23134,21201,25066,23133.5
Full Stack Developer,Bangalore,45716,35601,54563,45082.55130123993
UI/UX Designer,Surat,300681,249845,352319,301082.7115154419
Full Stack Developer,Noida,13637,7014,23984,15499.205497933635
Machine Learning Engineer,Hyderabad,219647,183341,251938,217639.75053376536
Software Engineer (Frontend),Hyderabad,86093,67148,105038,86093.0
AI Engineer,Mumbai,51544,14282,61827,38054.64854486515
Software Engineer (Backend),Delhi,359081,353371,468483,410927.35904837376
Game Developer,Lucknow,290047,236513,325642,281077.66013397515
DevOps Engineer,Bangalore,324452,18081,20999,19540.531095541905
AR/VR Engineer,Pune,73230,77922,85525,81723.72359370058
Data Scientist,Delhi,74592,38083,114895,76489.42771298814
DevOps Engineer,Bangalore,104522,100112,187774,143943.24698778527
Machine Learning Engineer,Kochi,190662,166602,224502,195552.49668715315
Data Scientist,Hyderabad,20010,17302,24273,20787.830996762877
Technical Writer,Jaipur,1212,653,1770,1212.3515626912592
Information Security Engineer,Gurgaon,67801,44137,108729,76433.81724431709
Machine Learning Engineer,Visakhapatnam,78829,66143,87182,76663.0608313547
Machine Learning Engineer,Visakhapatnam,91273,78087,108065,93076.58817580086
Robotics Engineer,Bangalore,127187,115285,140738,128011.85382092267
Data Scientist,Coimbatore,76881,60226,85463,72844.76799080086
Software Engineer,Hyderabad,95623,114065,82071,98068.62893810315
Data Scientist,Delhi,20935,14591,26826,20708.8075491122
Software Engineer (Backend),Hyderabad,135758,67360,212123,139741.8421852283
QA Engineer,Indore,23024,17849,28551,23200.599781254154
Full Stack Developer,Chandigarh,260107,240064,315862,277963.17759692157
Software Engineer (Backend),Lucknow,119653,77473,109213,93343.65499037699
Technical Writer,Chennai,138227,129418,147034,138226.56960306969
Machine Learning Engineer,Nagpur,164043,154968,184681,169824.84174068217
Software Engineer,Bangalore,1440310,590886,701150,646018.3296730474
Mobile Developer,Nagpur,67088,63901,70274,67087.5
Machine Learning Engineer,Pune,191146,167559,206987,187273.60568619578
Software Engineer,Nagpur,207905,163130,244189,203659.6817037061
Software Engineer,Hyderabad,88032,81438,97713,89575.92473820658
AI Engineer,Coimbatore,11229,7134,15757,11446.169861457576
Machine Learning Engineer,Hyderabad,204662,174601,239856,207228.82231833515
Full Stack Developer,Bangalore,51313,46186,65322,55754.206547542846
QA Engineer,Bangalore,13590,11252,16988,14120.404368958985
Full Stack Developer,Hyderabad,8661,7010,10581,8796.238347511988
Software Engineer,Bangalore,859619,458482,1234041,846261.8484727442
Software Engineer (Backend),Mumbai,98558,107640,94258,100949.6047558691
Cybersecurity Analyst,Mysore,6129334,70949,73874,72411.7669417858
Database Administrator,Bangalore,183364,166942,195537,181240.18432256626
AI Engineer,Indore,4241,2655,5943,4299.825846988551
Machine Learning Engineer,Hyderabad,110134,97828,116029,106928.71840142003
Senior Software Engineer,Hyderabad,1018070,615911,1078436,847174.3382872243
Machine Learning Engineer,Delhi,214203,194170,238588,216379.22251904476
Junior Developer,Kochi,222539,178832,237123,207977.76169482947
Blockchain Developer,Nagpur,31874,23638,35649,29643.68154520553
Software Engineer,Bhubaneswar,2017373,1803164,2172920,1988042.602281814
Data Scientist,Kochi,194587,159070,229842,194456.53059277177
AR/VR Engineer,Jaipur,81799,67347,96250,81798.5
Software Engineer (Backend),Delhi,59390,38605,60967,49786.686981642626
Full Stack Developer,Bhubaneswar,1258265,17425,25170,21297.97096122462
Software Engineer (Backend),Visakhapatnam,606689,578239,635137,606688.0
Full Stack Developer,Bhubaneswar,247872,190793,294320,242556.65445637546
Data Engineer,Bangalore,27879,18127,39524,28826.242215134116
Full Stack Developer,Mumbai,3461,3140,4083,3611.8059905469795
Software Engineer,Mumbai,76494,54613,88554,71583.86001849768
Data Scientist,Bangalore,73113,42703,108595,75649.75948634537
Data Engineer,Mumbai,62071,48906,72947,60927.03688649312
Data Engineer,Goa,84953,72280,102871,87576.010099332
AI Engineer,Indore,373872,214752,541633,378193.3107334755
Software Engineer (Backend),Nagpur,47028,37973,56083,47028.0
Principal Engineer,Pune,66891,55522,70393,62957.777077199404
Software Engineer,Bangalore,87085,67421,99594,83507.99522214639
Data Scientist,Bangalore,934854,677647,1163809,920728.2774990031
Software Engineer,Trivandrum,53854,53475,55256,54366.28576164531
Software Engineer (Backend),Noida,70803,41183,106729,73956.2879998133
Technical Writer,Ahmedabad,267834,258104,277563,267834.3729523182
Machine Learning Engineer,Bangalore,216754,204440,238462,221451.57607835706
AI Engineer,Bangalore,160606,130960,211052,171006.12494664965
Full Stack Developer,Nagpur,54340,42250,56931,49590.816386818675
Software Engineer,Surat,43196,41381,46999,44190.611413524006
Embedded Systems Engineer,Bangalore,25968,72429,114881,93655.0
Software Engineer (Frontend),Bhubaneswar,180266,111517,200716,156116.8943105911
AI Engineer,Jaipur,64269,17577,106837,62207.54332171064
Game Developer,Bangalore,56852,48389,66312,57351.2056755561
Software Engineer (Frontend),Mysore,83668,58218,109116,83667.0
AI Engineer,Delhi,87390,69017,96450,82734.23605090372
Software Engineer,Coimbatore,99178,65289,119658,92473.79561087066
Network Engineer,Gurgaon,1988,1855,2143,1999.8342534026815
Software Engineer (Backend),Bangalore,828988,633597,1024377,828987.0
Machine Learning Engineer,Nagpur,194184,157882,219935,188909.08947842702
Machine Learning Engineer,Hyderabad,84739,80020,95394,87707.87981435788
Data Scientist,Ahmedabad,49309,28752,54008,41380.69120572376
Data Scientist,Chandigarh,34687,28374,42047,35211.0997768879
Machine Learning Engineer,Surat,119483,112387,131275,121831.55194337587
Embedded Systems Engineer,Bangalore,138519,108301,168734,138518.188945055
Lead Data Scientist,Mumbai,360510,279858,392138,335998.38561775314
AI Engineer,Gurgaon,79861,30309,223121,126715.61510484976
Machine Learning Engineer,Bangalore,104860,86566,125288,105927.8082692124
Software Engineer (Frontend),Gurgaon,9870,8129,13634,10881.81810484259
Full Stack Developer,Nagpur,193342,126014,248599,187307.37009514318
Information Security Engineer,Chennai,250378,142064,351828,246946.5764600259
Research Scientist,Lucknow,43742,43432,47828,45630.487886337636
Software Engineer,Mumbai,128478,84751,199671,142211.7817984026
AI Engineer,Mumbai,198726,44697,255407,150052.82502957777
Full Stack Developer,Kochi,59380,45375,70184,57780.06917545997
Software Engineer (Backend),Hyderabad,155634,91638,211817,151727.9480926206
AI Engineer,Bangalore,112062,79047,149218,114133.25027581926
Robotics Engineer,Mysore,45507,42103,52732,47417.869891568494
Software Engineer (Backend),Bhubaneswar,77753,80553,101367,90960.41485097076
Software Engineer (Frontend),Bangalore,209834,144118,242877,193497.5
Full Stack Developer,Visakhapatnam,56271,24666,96483,60575.234441418215
Software Engineer,Coimbatore,151916,154770,168922,161846.97022896027
Software Engineer,Mumbai,20003,17706,23720,20713.160003733443
AI Engineer,Hyderabad,666546,148508,883904,516206.66203497106
Technical Architect,Bangalore,237548,229920,278153,254037.10335936892
Lead Data Scientist,Indore,51765,33224,80631,56928.13350227077
Software Engineer (Frontend),Visakhapatnam,101045,61037,163783,112410.45035395067
Database Administrator,Coimbatore,241006,202507,283733,243120.8303263065
Machine Learning Engineer,Kolkata,105840,86895,117447,102171.2068853459
Technical Architect,Hyderabad,69203,60928,86415,73671.65101580191
Software Engineer,Hyderabad,50723,48373,54070,51222.04408695857
Machine Learning Engineer,Gurgaon,92694,77548,107150,92349.6284120786
Machine Learning Engineer,Lucknow,118629,105938,133114,119526.66500653297
Data Scientist,Bhubaneswar,236905,213261,258077,235669.34033331022
Full Stack Developer,Bhubaneswar,683029,366343,990017,678180.3036956771
Software Engineer,Pune,87569,51719,123964,87841.97612546389
Mobile Developer,Ahmedabad,122510,94847,164096,129471.82099197348
Full Stack Developer,Bangalore,482804,242065,718068,480066.56180082227
Data Scientist,Mumbai,11079,9710,14371,12040.713258835043
Technical Architect,Bangalore,1554082,1460431,2001361,1730896.6648381338
System Administrator,Bangalore,1060900,790072,1228880,1009476.3231620386
Machine Learning Engineer,Mysore,149847,135080,176428,155754.12308821315
Full Stack Developer,Hyderabad,434654,236786,632765,434775.96690273925
Research Scientist,Lucknow,169528,156860,172316,164588.66440317867
Network Engineer,Gurgaon,561254,491861,622897,557379.8618079236
Machine Learning Engineer,Bangalore,160674,145666,170546,158106.4956747382
Technical Architect,Bangalore,409695,226501,523865,375183.2324469291
Machine Learning Engineer,Mumbai,132700,111092,151324,131208.940499559
Network Engineer,Jaipur,132904,109318,165282,137300.4228041605
Software Engineer,Mumbai,1123418,785593,1214286,999939.910171292
AI Engineer,Hyderabad,42625,19329,74398,46863.68700148202
Software Engineer,Mumbai,73243,57086,79765,68426.12374511511
Software Engineer,Hyderabad,31606,21601,41714,31657.962604091445
Machine Learning Engineer,Hyderabad,131400,110057,151752,130905.06457010598
Software Engineer (Backend),Gurgaon,279869,179343,303756,241549.8843292491
Software Engineer (Backend),Hyderabad,39561,28318,41775,35046.93962032178
Software Engineer,Coimbatore,1129783,921749,1276965,1099357.5443245077
Machine Learning Engineer,Mysore,104131,96952,116735,106843.591054703
Software Engineer (Frontend),Mumbai,80267,50819,123867,87343.45378664182
System Administrator,Delhi,653871,407226,832574,619900.4933232908
Machine Learning Engineer,Mysore,80040,68263,89205,78734.92849277903
Software Engineer,Visakhapatnam,120559,93876,144220,119048.62159110821
Full Stack Developer,Trivandrum,422041,309253,510728,409991.0078309387
Machine Learning Engineer,Ahmedabad,104783,93643,120097,106870.76446239394
Software Engineer (Frontend),Hyderabad,132267,125878,134540,130209.26761222788
Software Engineer (Frontend),Kolkata,86611,66310,100728,83519.83800439988
Senior Software Engineer,Pune,35414,27375,46451,36913.46027493173
Data Scientist,Surat,37904,21001,55547,38274.74236513162
Data Scientist,Kochi,31142,27894,39046,33470.33278495627
Principal Engineer,Goa,74665,70876,78452,74664.46807203614
Software Engineer (Frontend),Chennai,33954,36689,28964,32827.242046131854
AR/VR Engineer,Noida,749,593,937,765.3648295073249
Data Engineer,Bangalore,4740,3349,5644,4496.998967185078
Software Engineer (Frontend),Jaipur,14885,10237,23133,16685.368993521814
Software Engineer,Bangalore,78446,72117,77698,74908.30788387847
NLP Engineer,Jaipur,1904342,1109161,2912521,2010841.8110317967
Software Engineer,Hyderabad,64314,62480,72883,67681.55329062029
AI Engineer,Hyderabad,1181007,198226,2055232,1126729.5907956392
Mobile Developer,Visakhapatnam,144999,143219,154840,149029.97280012612
Software Engineer,Visakhapatnam,438359,572718,422197,497458.01459733536
AI Engineer,Bangalore,82582,55293,101003,78148.10030720258
Full Stack Developer,Bangalore,357680,239544,624376,431960.51097737625
AI Engineer,Mumbai,721239,513464,1036903,775184.3427927755
Full Stack Developer,Delhi,30984,21647,33901,27774.419248922466
Full Stack Developer,Mumbai,273807,180044,412150,296097.083023288
AI Engineer,Jaipur,552589,426014,629110,527562.6492592325
Principal Engineer,Bangalore,775846,893632,856035,874833.9634912141
Software Engineer (Frontend),Bhubaneswar,6368,6141,6594,6367.5
Full Stack Developer,Delhi,21598,16238,27926,22082.278487792144
Software Engineer,Noida,527453,301250,753370,527310.6078439855
Software Engineer,Hyderabad,141319,91952,199949,145951.0172944279
Software Engineer,Mumbai,1457358,2583226,695427,1639327.267294937
NLP Engineer,Trivandrum,21378,34166,37602,35884.0
Software Engineer (Backend),Chennai,158437,134484,182389,158436.5
Technical Architect,Bangalore,1287414,1125994,1567145,1346569.742789986
Software Engineer (Backend),Bangalore,107836,76895,155801,116348.0
Full Stack Developer,Bangalore,61165,36984,96568,66776.42305776752
Data Scientist,Trivandrum,73164,41388,110743,76066.45124645834
Data Scientist,Bangalore,1683828,889714,2282831,1586272.923571847
AI Engineer,Mysore,57603,34749,76784,55767.04222196882
Machine Learning Engineer,Hyderabad,172433,142750,202649,172700.06790868897
AI Engineer,Coimbatore,1033076,201002,1755360,978181.5445976222
Machine Learning Engineer,Mumbai,189612,162546,225740,194143.6728787328
Game Developer,Mumbai,719095,520014,979388,749701.6409996715
Data Engineer,Bangalore,216572,152142,306144,229143.8755651923
Data Scientist,Bangalore,27684,13804,43521,28663.065794449445
Full Stack Developer,Hyderabad,87719,50353,114892,82622.85932149988
Software Engineer (Backend),Surat,179279,148545,243813,196179.48869425833
Data Scientist,Trivandrum,177673,98346,293261,195804.28270355673
Blockchain Developer,Mumbai,1339618,1031816,1416551,1224183.8233500428
AI Engineer,Ahmedabad,28534,14057,46716,30387.31493332094
Data Scientist,Bangalore,133247,97927,203870,150898.8723085604
AI Engineer,Mumbai,853026,645850,1363628,1004739.7672780323
Data Engineer,Hyderabad,161327,84037,222017,153027.53708243702
Product Manager,Gurgaon,265674,235402,314556,274979.82707622467
Cybersecurity Analyst,Lucknow,168559,38822,43456,41139.78885130744
Computer Vision Engineer,Visakhapatnam,579336,408589,816447,612518.7034393535
Software Engineer,Bhubaneswar,21969,15707,27093,21400.13183759181
Software Engineer (Frontend),Bangalore,231909,131847,291329,211588.30356478132
Software Engineer (Backend),Kolkata,141652,115706,162849,139278.21079448433
Technical Architect,Hyderabad,1211102,908761,1513443,1211102.0
AI Engineer,Bangalore,1460940,831296,2305287,1568291.9688770715
Product Manager,Bangalore,51899,44525,54962,49743.82327122238
Product Manager,Bangalore,164329,150303,189399,169851.72333642634
Software Engineer,Mumbai,148189,126348,220895,173622.26405024805
Full Stack Developer,Gurgaon,300163,244205,322916,283560.955713192
AI Engineer,Visakhapatnam,118255,41834,170650,106242.83547834468
Software Engineer (Backend),Chandigarh,140509,101982,203525,152754.35890721338
Software Engineer,Bangalore,62914,40649,87431,64040.395362124196
Machine Learning Engineer,Jaipur,219073,175707,245980,210843.79211196862
Software Engineer,Mumbai,134157,176221,134933,155577.77646399086
Data Scientist,Nagpur,296163,360252,344081,352167.1678380829
AI Engineer,Chennai,806999,686229,860553,773391.5467285782
Machine Learning Engineer,Hyderabad,172015,147123,201778,174451.08192678398
Software Engineer,Mumbai,10619,7117,13889,10503.790329445606
Cloud Engineer,Kochi,224271,202356,265294,233825.38303007715
AI Engineer,Visakhapatnam,2228747,529385,2189801,1359593.7539028968
Data Scientist,Bangalore,14095,10986,17469,14228.181583364678
iOS Developer,Bangalore,38603,26119,51978,39049.21086153247
Machine Learning Engineer,Bangalore,213178,197058,238435,217746.75908658636
Full Stack Developer,Surat,39324,34470,44076,39273.49336257828
Software Engineer,Bangalore,244279,231010,273704,252357.5175925225
Machine Learning Engineer,Bangalore,79360,66206,93930,80068.13532904943
Software Engineer,Mumbai,27773,21708,29664,25686.592732617974
Software Engineer,Bangalore,553238,486038,624239,555139.3521581001
Data Scientist,Bhubaneswar,37786,21804,50970,36387.35937954663
Software Engineer (Frontend),Kolkata,6087,5622,6551,6086.5
Full Stack Developer,Hyderabad,80285,49320,120742,85031.67809595932
Information Security Engineer,Hyderabad,130222,106930,158364,132647.20913731222
Software Engineer (Backend),Visakhapatnam,28190,22774,33937,28355.959209939694
Data Scientist,Chennai,39402,23096,59492,41294.70086230697
AI Engineer,Hyderabad,238283,50360,269504,159932.25254932643
Software Engineer,Mumbai,90505,54068,129815,91942.0887805357
Machine Learning Engineer,Noida,216560,190291,257614,223952.70704175296
Software Engineer (Frontend),Indore,23722,18883,22902,20893.427044225406
Machine Learning Engineer,Bangalore,160554,140743,188178,164461.13566296425
Game Developer,Bangalore,181931,159461,209389,184425.76226984902
Computer Vision Engineer,Coimbatore,187632,147630,209393,178511.70196976635
Software Engineer (Backend),Bangalore,43533,37885,54671,46278.655575777506
AI Engineer,Bangalore,482036,462756,582705,522731.35183940583
Full Stack Developer,Mysore,304883,260134,364702,312418.275651117
Data Scientist,Lucknow,13070,7554,18267,12911.035990965924
iOS Developer,Pune,20999,12826,30169,21497.925607766563
Cybersecurity Analyst,Bangalore,406684,350682,456107,403395.3679132836
Machine Learning Engineer,Mumbai,157167,145207,177215,161211.48213071807
AI Engineer,Mumbai,578996,104397,427119,265758.1879154532
Data Scientist,Chennai,182750,144704,203180,173942.2532323494
Machine Learning Engineer,Hyderabad,136212,128526,144182,136354.5043921198
Software Engineer (Backend),Bangalore,2455771,1283855,3339861,2311858.027151318
Software Engineer (Backend),Bangalore,659251,586834,782120,684477.3675095174
Software Engineer (Backend),Visakhapatnam,46546,34255,56211,45233.37589253465
Software Engineer (Backend),Bhubaneswar,21897,19262,22790,21026.858552302405
Full Stack Developer,Bangalore,492121,280138,648760,464449.0799021693
Software Engineer,Bangalore,449809,411612,529312,470462.3890079243
Software Engineer,Gurgaon,277807,260808,307105,283956.58244493185
Machine Learning Engineer,Pune,151362,138606,163479,151042.67737322126
Software Engineer (Frontend),Mumbai,40153,26456,53849,40152.5
AI Engineer,Goa,123837,100665,169785,135225.58852543295
Principal Engineer,Hyderabad,11218,145818,161140,153479.0
Full Stack Developer,Mumbai,532457,190563,1472821,831692.7439955936
AI Engineer,Kolkata,4552,3157,6627,4892.536458026566
Software Engineer,Trivandrum,37090,27333,47083,37208.615016955024
Full Stack Developer,Bhubaneswar,163952,117230,236405,176818.1852533414
AI Engineer,Gurgaon,170542,116467,238729,177598.66500051913
Principal Engineer,Jaipur,9114,8833,9394,9114.236808578558
Network Engineer,Bangalore,781870,781479,798720,790100.1489148312
Machine Learning Engineer,Mumbai,177207,148246,193611,170928.732186899
Machine Learning Engineer,Bangalore,187714,165458,200618,183038.58014396008
Software Engineer,Bangalore,1030542,677762,1100585,889174.1635485371
Full Stack Developer,Mumbai,3683,3288,4618,3953.5265838881883
Data Scientist,Mumbai,50259,33661,70967,52314.17729525858
Mobile Developer,Indore,19608,18517,20698,19607.5
AI Engineer,Noida,61112,42547,100265,71406.67119039447
Software Engineer,Hyderabad,20261,33166,89737,61452.02454305743
Research Scientist,Mumbai,51081,43500,71296,57398.35425791239
Machine Learning Engineer,Delhi,178151,144842,208786,176814.3104456417
Full Stack Developer,Chennai,2123615,1887525,2622144,2254835.2754183626
Full Stack Developer,Chennai,44346,37266,46989,42128.14989323326
Software Engineer,Jaipur,24072,22612,23439,23026.006552978215
Data Scientist,Bangalore,90353,51543,150748,101145.98024354118
Principal Engineer,Kolkata,100323,71473,135574,103524.30295482269
Software Engineer,Mumbai,296512,228509,345113,286811.55119517905
Machine Learning Engineer,Hyderabad,214384,192190,248059,220125.2215532991
AI Engineer,Indore,145615,37725,194559,116142.64494512475
Research Scientist,Mysore,69695,46497,82986,64741.91025116158
Full Stack Developer,Bangalore,166346,94091,257693,175892.4067306066
Machine Learning Engineer,Bangalore,221951,179715,259718,219716.87360346608
Cybersecurity Analyst,Lucknow,143362,429613,522897,476255.4384841832
Software Engineer,Chennai,19536,19237,20538,19887.962052755887
Machine Learning Engineer,Mysore,182068,171789,216284,194036.63793184495
Data Scientist,Chennai,38405,26353,49832,38092.9022417437
Software Engineer,Ahmedabad,27152,26098,27132,26615.33463546513
Android Developer,Hyderabad,213274,172911,253636,213273.92862402173
Embedded Systems Engineer,Kolkata,4454,4276,4631,4377.354937087584
Software Engineer,Noida,131220,121689,134693,128191.67965003799
iOS Developer,Bangalore,75283,45457,105542,75499.99772851332
Research Scientist,Mumbai,90497,63941,108681,86311.76579481114
Software Engineer,Coimbatore,1141569,1049342,1092795,1071069.1529168691
AI Engineer,Chennai,102786,72630,122230,97430.29055524795
Data Scientist,Bangalore,98283,44273,164562,104418.06978547815
NLP Engineer,Bangalore,700941,747798,788637,768217.9676958586
Full Stack Developer,Hyderabad,205868,98535,332958,215746.70350476087
Data Scientist,Delhi,53562,45322,66813,56068.11208020362
Software Engineer (Frontend),Mumbai,34262,30949,42165,36557.0
Computer Vision Engineer,Goa,97581,88792,101993,95392.65446014373
Software Engineer (Frontend),Bangalore,319888,265984,466133,366059.3471828927
Software Engineer (Backend),Chandigarh,225102,243604,228880,236242.4609948248
AI Engineer,Gurgaon,1079608,180449,1395263,787856.9158461747
Full Stack Developer,Hyderabad,446374,326064,631347,478705.74968305515
Principal Engineer,Kolkata,35738,27627,47911,37769.17865897599
Data Scientist,Bangalore,140534,132605,173128,152866.85147323422
Software Engineer (Frontend),Trivandrum,777169,694284,938183,816233.849598542
Software Engineer (Backend),Hyderabad,246230,196611,370199,283405.58351911366
Machine Learning Engineer,Pune,130630,105752,155438,130595.70714462052
Software Engineer,Chandigarh,349595,283886,405955,344920.7569868965
Mobile Developer,Chandigarh,70117,38315,89222,63768.960476671054
AI Engineer,Trivandrum,1010322,290606,1020143,655374.8217569034
Game Developer,Noida,115828,72927,156131,114529.52818603195
Software Engineer,Kolkata,221988,214773,231935,223354.77797825175
Software Engineer (Backend),Mumbai,1090444,687351,1717197,1202274.6923722036
Android Developer,Gurgaon,106086,102741,109430,106086.00369927583
AI Engineer,Noida,301665,169000,490350,329675.6583879633
Mobile Developer,Bangalore,225703,199723,316642,258182.6249367515
Software Engineer,Bangalore,530195,350401,680922,515661.98158629506
Software Engineer (Backend),Nagpur,4355,5142,5263,5203.050508917122
Software Engineer,Chandigarh,6047,4357,7245,5801.740336155808
Full Stack Developer,Hyderabad,225487,177180,283687,230433.7288531729
Robotics Engineer,Bangalore,172497,158176,184207,171191.83315447354
Software Engineer (Frontend),Bangalore,265903,216083,277102,246592.9805183526
Software Engineer (Frontend),Jaipur,37172,34197,32158,33178.20668113381
Software Engineer,Mysore,47560,45017,46200,45609.127023570116
Software Engineer (Frontend),Visakhapatnam,38559,24455,47071,35763.14002273162
Data Scientist,Indore,249,173,324,249.04563030206936
AI Engineer,Jaipur,140765,106968,176939,141953.9383871276
AI Engineer,Bangalore,49931,40523,63383,51953.79565161476
Software Engineer,Mysore,212184,139970,288072,214021.40670071283
Machine Learning Engineer,Hyderabad,140043,121324,167419,144371.7451823114
Software Engineer,Pune,28201,21544,34257,27900.739348482763
Data Engineer,Bangalore,137457,127748,161163,144455.87813673745
AI Engineer,Goa,740821,279253,2101255,1190254.2706001117
Data Scientist,Indore,244839,180077,338670,259373.98943371262
AI Engineer,Trivandrum,41156,7950,56448,32199.846180441746
Machine Learning Engineer,Mysore,191878,169079,226810,197944.93342188242
Software Engineer (Backend),Jaipur,33623,26671,38044,32358.155135872556
AI Engineer,Coimbatore,50576,41408,53228,47318.42158578035
Machine Learning Engineer,Noida,157986,127072,186080,156576.88335637437
Android Developer,Chennai,118875,104459,109436,106948.07127032112
AI Engineer,Bangalore,805397,652975,1111112,882044.0974154435
QA Engineer,Bangalore,308278,254172,341018,297595.59714441054
Android Developer,Ahmedabad,2147,1370,2293,1832.027243083929
Software Engineer (Frontend),Chennai,72686,50369,83581,66975.37866214656
Full Stack Developer,Trivandrum,6153691,4470310,6929906,5700108.615139369
Machine Learning Engineer,Hyderabad,217116,174863,255033,214948.28457023337
Software Engineer,Delhi,61601,34519,83915,59217.277859248614
Machine Learning Engineer,Gurgaon,216374,179111,255445,217278.75544747035
Network Engineer,Goa,714838,659444,738755,699099.7422164888
Database Administrator,Bangalore,180151,158373,201203,179788.40795730118
Full Stack Developer,Hyderabad,180954,99128,268421,183774.84457897657
System Administrator,Surat,7423,7698,11505,9602.083060106641
Lead Data Scientist,Pune,543968,352350,644882,498616.5211657535
Data Scientist,Bangalore,399296,324814,479036,401925.49479946156
Machine Learning Engineer,Chennai,212201,193903,241845,217874.76232402422
AI Engineer,Nagpur,24639,20447,31484,25966.018860083263
Software Engineer,Visakhapatnam,35662,30646,42407,36526.85241239597
Data Scientist,Coimbatore,61966,41618,73062,57340.62610861607
Data Scientist,Chennai,89597,77463,114397,95930.48884984612
AI Engineer,Nagpur,1983845,1206081,3170020,2188050.844786661
Software Engineer,Coimbatore,88180,44737,117978,81358.08380184902
Machine Learning Engineer,Bangalore,105009,87531,124431,105981.54305836305
Full Stack Developer,Gurgaon,17732,13591,20826,17208.892622857395
Data Engineer,Hyderabad,927334,586183,1319163,952673.4363615962
Machine Learning Engineer,Nagpur,96335,89467,102347,95907.28058017188
AI Engineer,Bhubaneswar,604450,388339,1038917,713628.1657113438
Full Stack Developer,Surat,334073,210092,524527,367309.89805008535
Software Engineer (Frontend),Indore,64223,31055,105319,68187.36594194976
Full Stack Developer,Indore,165220,115362,241761,178562.10015275638
Machine Learning Engineer,Lucknow,216838,183680,255179,219429.96713009645
Software Engineer,Coimbatore,379209,292155,416491,354323.6866901782
Software Engineer,Trivandrum,553060,282199,819703,550951.014413126
Software Engineer,Bhubaneswar,262551,106922,626437,366679.8088561467
Full Stack Developer,Lucknow,56494,47451,60471,53961.34577373552
Software Engineer,Bangalore,2978,2257,3691,2974.7263961776252
Full Stack Developer,Chandigarh,29254,20833,40351,30592.597625445826
AI Engineer,Bangalore,1149450,999226,1249223,1124224.9666205077
Full Stack Developer,Hyderabad,754305,510452,1041310,775881.6550958111
Data Scientist,Nagpur,1447,687,2120,1403.7909369588965
AI Engineer,Bangalore,65758,62299,78827,70563.10474273455
Full Stack Developer,Mumbai,376293,326294,476611,401453.0162332493
Senior Software Engineer,Bangalore,264687,184155,347181,265668.644935008
System Administrator,Hyderabad,37701,32874,41062,36968.42965571281
Software Engineer,Chandigarh,83036,69912,98622,84267.47591880985
Machine Learning Engineer,Mumbai,182154,166792,207178,186985.5820927762
Machine Learning Engineer,Kochi,108498,97978,126982,112480.67146409967
Full Stack Developer,Delhi,828391,761032,962469,861750.9573249439
UI/UX Designer,Hyderabad,273063,259235,288933,274084.8153998784
Software Engineer (Backend),Mumbai,14632,10426,18445,14436.169299382855
Senior Software Engineer,Mumbai,234,155,312,233.7912908802789
Software Engineer (Frontend),Hyderabad,181970,154823,213904,184364.1687725599
Data Scientist,Lucknow,13887,10398,16053,13225.982975370276
AI Engineer,Bangalore,4558257,1602752,9178186,5390469.298676711
AI Engineer,Hyderabad,26844,24280,31725,28003.005076066143
Full Stack Developer,Bangalore,239661,188305,323310,255807.9435616624
Software Engineer (Frontend),Trivandrum,27502,26581,28423,27502.0
Data Scientist,Hyderabad,72727,50777,108866,79822.0555152538
Data Scientist,Bangalore,56469,26553,100336,63445.2289363028
QA Engineer,Surat,50730,34934,62661,48797.96556296095
Software Engineer (Frontend),Bangalore,222407,172961,228402,200682.1365253732
Data Scientist,Bangalore,690543,3234,6627,4931.097740960397
Software Engineer (Backend),Hyderabad,181705,202218,207621,204919.8965938299
Software Engineer,Bangalore,1054700,905104,1509601,1207352.952376598
System Administrator,Goa,45697,27109,64284,45696.5
System Administrator,Bangalore,165296,135665,240771,188218.30659912567
Machine Learning Engineer,Kolkata,100268,82124,109486,95805.41459601285
Software Engineer,Mumbai,637410,597642,690808,644225.2820270162
Machine Learning Engineer,Chennai,135277,127366,159363,143365.01724028873
Mobile Developer,Bangalore,51842,34115,69558,51837.36262796789
Machine Learning Engineer,Chandigarh,121004,101144,140618,120881.31791311366
UI/UX Designer,Kochi,241323,221241,258909,240075.3574496294
Research Scientist,Chennai,62382,44293,85554,64923.995009660975
Robotics Engineer,Trivandrum,126638,119630,143029,131329.81281668722
Full Stack Developer,Visakhapatnam,80158,59939,99775,79857.15077876387
Data Engineer,Hyderabad,19449,13121,26782,19951.723882743405
Cybersecurity Analyst,Trivandrum,301168,49047,66718,57883.178601601874
Technical Writer,Hyderabad,187767,121760,237618,179689.15610261628
AI Engineer,Indore,5089875,928189,5790364,3359277.135873566
Software Engineer (Frontend),Mumbai,55112,33389,102812,68100.93088020451
Blockchain Developer,Pune,156216,68421,232034,150228.11207999688
Software Engineer (Frontend),Goa,54873,52457,57288,54872.5
Software Engineer (Frontend),Pune,904612,836737,972486,904611.5
Software Engineer (Backend),Chandigarh,6685,7464,9698,8581.471863129222
Software Engineer,Hyderabad,391107,402714,423191,412953.019336917
AI Engineer,Mumbai,96840,47251,161894,104572.85283735793
Software Engineer (Frontend),Ahmedabad,17637,10391,15730,13060.5
Lead Data Scientist,Hyderabad,318762,211137,458228,334683.07584613445
Software Engineer,Hyderabad,554272,557526,615101,586314.1143809253
Software Engineer (Frontend),Goa,238447,143029,328682,235856.38211400865
Software Engineer (Backend),Trivandrum,106597,83059,122454,102756.86742184548
AI Engineer,Bangalore,18699,14528,20456,17492.63629947615
Software Engineer,Gurgaon,72702,65709,81838,73774.1000260349
NLP Engineer,Surat,240823,226798,324138,275468.5679029323
Software Engineer,Indore,37576,34116,55678,44897.44680521218
Lead Data Scientist,Bangalore,703641,465605,884086,674846.2471702943
Lead Data Scientist,Goa,210232,130816,288159,209487.8895200868
Data Scientist,Chennai,77376,47924,108122,78023.25567784207
Machine Learning Engineer,Bangalore,95183,84809,109942,97376.2526687443
Software Engineer (Frontend),Bangalore,120650,87139,154248,120693.5
Blockchain Developer,Goa,24886,17635,33524,25579.967156361192
Full Stack Developer,Goa,525144,427447,565556,496501.9879890461
Software Engineer (Frontend),Bangalore,77661,41201,114119,77660.0
AI Engineer,Ahmedabad,16745911,654283,943137,798710.2113054051
Machine Learning Engineer,Hyderabad,104549,95022,113310,104166.53478844135
Software Engineer,Bangalore,579065,498902,703116,601009.3386694888
Software Engineer,Mumbai,72908,53745,81913,67829.4049276956
Software Engineer (Frontend),Mumbai,31602,17395,44870,31133.14399972231
Data Scientist,Chennai,70664,37291,101104,69198.04924281205
Full Stack Developer,Noida,140760,88096,180093,134094.87388451083
Full Stack Developer,Hyderabad,47967,43912,53334,48623.40448369931
Software Engineer,Hyderabad,3400300,244220,279725,261972.98485072108
iOS Developer,Mumbai,540433,229391,803332,516361.8958140578
Software Engineer (Backend),Bangalore,258185,209429,229793,219611.2172905773
UI/UX Designer,Bangalore,295505,280295,350994,315645.04481220734
Full Stack Developer,Bangalore,475812,309002,703563,506283.0420769467
Machine Learning Engineer,Bangalore,220107,176439,263403,219921.75287604774
AI Engineer,Nagpur,3878,3059,4803,3931.677888744386
Data Scientist,Kolkata,43053,40642,53232,46937.471026826635
AI Engineer,Bangalore,132635,99877,150820,125348.67243797869
Information Security Engineer,Hyderabad,16339,12439,20283,16361.425710089727
Software Engineer (Backend),Mumbai,43492,31641,50358,41000.223901826896
Software Engineer (Backend),Pune,16429,14305,17530,15918.275829265165
Lead Data Scientist,Surat,26087,19566,28957,24262.270627458085
Principal Engineer,Mumbai,86734,79819,93647,86733.73069007306
UI/UX Designer,Mumbai,214157,172620,238101,205360.7604821485
QA Engineer,Mysore,67248,60890,73625,67258.0188198214
AI Engineer,Delhi,36935,32183,42866,37525.111793832984
AR/VR Engineer,Mysore,79596,96663,102399,99531.48225578922
Data Scientist,Mysore,8088,6149,10732,8440.965152694203
Data Scientist,Mumbai,160102,135221,191751,163486.55539153545
Robotics Engineer,Gurgaon,170597,142102,189063,165583.12993032235
Software Engineer,Kolkata,65824,58550,70747,64648.80556984283
Data Scientist,Bangalore,773119,640373,950320,795346.915227616
Data Scientist,Mumbai,14568,12246,17462,14854.29525312685
Machine Learning Engineer,Ahmedabad,112133,101035,123408,112221.67779312756
AI Engineer,Surat,169381,126600,236951,181775.88503458543
Full Stack Developer,Mumbai,31589,24306,37482,30894.507985632554
Software Engineer (Frontend),Trivandrum,34010,23313,50717,37015.539683344265
AI Engineer,Nagpur,444240,310307,568039,439173.46819129516
Software Engineer,Bhubaneswar,42280,39825,48727,44276.52682186411
Data Scientist,Visakhapatnam,10139,4828,11849,8339.296886830023
AI Engineer,Gurgaon,181873,62496,295594,179045.41774382157
Software Engineer (Frontend),Goa,204677,150284,260417,205351.19050890638
Research Scientist,Noida,49461,44075,68489,56282.436357617524
AI Engineer,Hyderabad,122699,100350,215777,158063.72001995126
Full Stack Developer,Hyderabad,69954,49271,90970,70121.06611589268
Full Stack Developer,Surat,14429,10569,17689,14129.618570599449
Software Engineer (Frontend),Chennai,116704,107487,155390,131438.5
Network Engineer,Gurgaon,121008,84014,170162,127088.56203451655
Full Stack Developer,Coimbatore,790459,493632,1007082,750357.8367935165
Research Scientist,Mumbai,49179,30964,58043,44503.88281096585
Software Engineer (Frontend),Chandigarh,2129816,1519981,2645434,2082707.5
Machine Learning Engineer,Bhubaneswar,149274,120910,176316,148613.67478706484
Lead Data Scientist,Bangalore,556342,446303,646451,546377.4458255675
Full Stack Developer,Surat,56309,38574,73351,55963.278267744514
Software Engineer (Backend),Hyderabad,76516,42393,110637,76515.0
Full Stack Developer,Jaipur,492831,393893,705515,549704.8860854672
AI Engineer,Pune,623696,301503,944384,622944.1496626057
Site Reliability Engineer,Hyderabad,150073,118380,178977,148678.9695536528
AI Engineer,Bangalore,331852,70820,544620,307720.22471533203
Cloud Engineer,Mumbai,142984,134223,162307,148265.59822080613
Software Engineer (Backend),Chennai,27485,20503,28712,24607.588069427486
Software Engineer,Bangalore,566301,498824,714533,606678.9106380373
Full Stack Developer,Bangalore,1745185,1242743,2011938,1627341.1137373832
Software Engineer,Lucknow,597234,462297,657086,559692.2258786497
Software Engineer,Hyderabad,317560,208971,436473,322722.75470552035
Software Engineer,Mumbai,291362,252999,421449,337224.5714343757
Full Stack Developer,Chandigarh,396095,345380,463345,404363.22985966527
Network Engineer,Bangalore,594441,576479,611973,594226.3004136907
Software Engineer,Mysore,358061,241145,492445,366795.4226929561
Software Engineer (Frontend),Noida,47840,41203,55517,48360.58096198237
Software Engineer,Kochi,52145,46106,55087,50596.92878280612
Blockchain Developer,Hyderabad,1906,1345,2225,1785.1228756017335
Full Stack Developer,Hyderabad,346816,309387,404423,356905.61475654715
Data Scientist,Mumbai,63120,43303,93548,68425.85237549446
AI Engineer,Chennai,18927,13403,24724,19064.076824754775
Software Engineer,Hyderabad,1417,1235,1459,1347.4574136490048
Data Scientist,Hyderabad,256678,170515,351468,260992.179686666
Full Stack Developer,Bangalore,89957,70083,117785,93934.44569865876
Software Engineer (Frontend),Chandigarh,2050727,44805,91435,68120.48512681208
Full Stack Developer,Hyderabad,4997,3499,6539,5019.272595253229
Software Engineer,Noida,305910,188389,400566,294478.2516805199
AI Engineer,Chennai,65093,43545,90869,67207.15400790077
Machine Learning Engineer,Delhi,208516,168260,230469,199365.22265213935
Machine Learning Engineer,Mumbai,139192,126855,162545,144700.23607731334
Data Scientist,Mumbai,179457,118142,222037,170089.8937366883
Software Engineer (Frontend),Goa,186227,141833,207354,174594.38898000855
Product Manager,Trivandrum,137299,119468,153414,136441.19203134265
Software Engineer (Frontend),Gurgaon,42780,25492,59145,42318.700963193995
Full Stack Developer,Surat,49554,40623,52470,46547.124956588865
Machine Learning Engineer,Kochi,188766,175828,203822,189825.71735811007
Data Scientist,Noida,163432,154943,185188,170066.31953224336
Software Engineer (Backend),Hyderabad,13794,11446,16140,13793.0
Full Stack Developer,Lucknow,147468,132664,174111,153387.79783796935
Machine Learning Engineer,Jaipur,137677,127921,151293,139607.77087597316
AI Engineer,Bangalore,698572,590521,905973,748247.6892611466
iOS Developer,Bhubaneswar,16646,11066,24759,17913.156110002616
Software Engineer (Frontend),Bhubaneswar,482821,401790,563852,482821.0
Software Engineer (Frontend),Bangalore,385796,252359,519231,385795.0
Software Engineer,Surat,75065,59831,90560,75196.10566248346
Software Engineer (Frontend),Bangalore,451705,366445,529463,447954.4316581945
AI Engineer,Hyderabad,38291,26782,56573,41677.876162344895
Robotics Engineer,Bangalore,114563,99490,133227,116358.99491954484
Software Engineer,Hyderabad,516625,263196,726232,494714.3241000099
AI Engineer,Nagpur,115478,89790,133932,111861.84146923028
AI Engineer,Bangalore,826971,149084,1219214,684149.4833757721
Machine Learning Engineer,Hyderabad,131542,115840,144093,129966.53786746318
Software Engineer (Frontend),Lucknow,54707,44012,60821,52416.71402752236
Machine Learning Engineer,Bangalore,198033,174482,223602,199042.24299242772
Data Scientist,Chennai,1574048,1443313,1730334,1586823.8285576617
AI Engineer,Bangalore,498984,378891,694784,536837.7077439288
Full Stack Developer,Bangalore,225098,191176,279600,235388.28934613933
Software Engineer (Frontend),Chandigarh,551710,294027,867871,580949.359614396
Software Engineer,Bangalore,110527,78541,158705,118623.40199068395
AI Engineer,Mumbai,29524,32614,9421,21018.266119277363
Data Scientist,Pune,5997,4021,7957,5989.617686553505
Software Engineer,Mysore,33732,18167,51725,34946.900513143046
Product Manager,Mumbai,94159,83171,101727,92449.34664691157
Data Scientist,Mumbai,846900,785869,976242,881056.0593531369
Machine Learning Engineer,Bangalore,169277,151941,186236,169089.20081787754
AI Engineer,Hyderabad,35415,28253,43505,35879.20692444872
iOS Developer,Mysore,382308,300197,470689,385443.46595759946
Software Engineer (Frontend),Mumbai,197786,183545,242575,213060.50009441838
Full Stack Developer,Chandigarh,37774,31586,40996,36291.19021943673
Software Engineer,Delhi,533,443,655,549.5644586034002
Software Engineer (Backend),Ahmedabad,41545,38895,44194,41544.5
Software Engineer,Delhi,76622,63042,96826,79934.33645569808
Full Stack Developer,Mysore,74729,39519,122201,80860.14638908928
Android Developer,Mumbai,84342,79223,89461,85196.50158591049
Data Scientist,Chennai,79396,61908,98804,80356.78621971143
Research Scientist,Bangalore,79503,57493,104507,81000.73167568348
Software Engineer (Frontend),Mumbai,357550,325136,389964,357550.0
Software Engineer,Bangalore,584615,450824,644616,547720.5917297149
Senior Software Engineer,Mumbai,665951,567947,839105,703526.6916017721
Software Engineer (Frontend),Noida,39427,38824,45503,42164.109319909534
Software Engineer,Mumbai,910755,925767,980571,953169.5996855169
Information Security Engineer,Hyderabad,788281,390233,1341900,866067.2563928494
AI Engineer,Gurgaon,780863,628073,1050770,839422.1094106416
Full Stack Developer,Hyderabad,360242,266792,513018,389905.9027128621
Software Engineer (Backend),Jaipur,5066,5124,5402,5263.479375574547
AI Engineer,Pune,358722,78265,457960,268112.94744758436
AI Engineer,Mysore,624456,513098,784197,648647.9607258935
Embedded Systems Engineer,Bangalore,183665,145937,221391,183664.25874085526
Software Engineer,Bangalore,111969,91178,134416,112797.51222603628
DevOps Engineer,Chandigarh,127237,684076,1965784,1324930.0
Full Stack Developer,Hyderabad,77883,40724,121855,81290.41088115465
AI Engineer,Bhubaneswar,239620,186611,273123,229867.29425510694
Site Reliability Engineer,Goa,28283,13433,39344,26389.167361579523
AI Engineer,Visakhapatnam,168787,153272,187294,170283.45673496212
Software Engineer (Frontend),Hyderabad,28570,29961,35757,32859.301426267455
Database Administrator,Coimbatore,74332,64233,79260,71747.17331784056
iOS Developer,Hyderabad,34266,31066,37158,34112.52055155748
Machine Learning Engineer,Mumbai,225184,186279,256246,221262.5899356191
Software Engineer (Frontend),Bangalore,219052,203582,247867,225725.0750937282
Full Stack Developer,Bangalore,2197911,1926296,2411257,2168776.9578226316
AI Engineer,Hyderabad,37440,5938,51952,28945.491559748043
Data Engineer,Bangalore,254888,208173,336064,272118.91269328323
Lead Data Scientist,Ahmedabad,546456,506536,637347,571942.1547508148
Software Engineer (Frontend),Nagpur,124842,64437,188613,126525.83748452403
Software Engineer (Frontend),Hyderabad,121041,124691,146589,135640.21538312332
Full Stack Developer,Bangalore,96383,85674,119262,102468.49901805351
Full Stack Developer,Lucknow,411490,259755,538275,399015.4747922416
AI Engineer,Bhubaneswar,160658,99709,231158,165434.26135566382
Product Manager,Indore,135297,118726,146895,132810.99698667828
Data Scientist,Jaipur,49828,46610,88618,67614.74329370647
Software Engineer,Hyderabad,19676,17969,19520,18744.660218864286
Machine Learning Engineer,Surat,77770,68401,89056,78729.0065910313
Data Scientist,Bhubaneswar,5489054,5265898,6627661,5946779.810237152
Data Scientist,Hyderabad,173681,148221,235906,192064.26804895047
Machine Learning Engineer,Bangalore,172980,160991,198322,179656.95250839263
Software Engineer (Backend),Bangalore,173878,144849,169366,157107.76041626692
Software Engineer,Bangalore,2019,1700,2299,2000.1179542765644
Data Scientist,Pune,84717,48914,138782,93848.67796515278
Data Scientist,Noida,35567,25420,42685,34052.92514165445
Machine Learning Engineer,Pune,128028,112429,147581,130005.14297548981
Data Scientist,Mumbai,276013,179566,383481,281524.0240825601
Technical Writer,Indore,24971,22866,27076,24971.722653759345
Data Scientist,Mysore,43572,26142,59281,42711.99125924776
Machine Learning Engineer,Mumbai,219249,198966,261230,230098.43583112152
System Administrator,Mumbai,78248,46092,85745,65918.52465412446
Product Manager,Bangalore,265682,231532,316651,274091.7813007264
Full Stack Developer,Surat,641408,403027,934444,668735.900721246
Machine Learning Engineer,Ahmedabad,161041,145336,191576,168456.66383789585
Software Engineer (Frontend),Bangalore,123409,115820,130996,123408.0
AR/VR Engineer,Bangalore,15319,11974,19101,15538.030874367245
Software Engineer (Backend),Coimbatore,76724,61453,78557,70005.38674245092
Software Engineer,Bhubaneswar,120178,110283,139918,125101.17393563705
Machine Learning Engineer,Goa,93968,87041,102300,94670.93033185025
Full Stack Developer,Mumbai,13047,10125,13867,11996.241044256047
Software Engineer (Backend),Chandigarh,240141,141754,272551,207153.00101886172
AI Engineer,Nagpur,80876,74422,91087,82754.71499501642
Machine Learning Engineer,Bangalore,164949,139647,176218,157932.55888695834
Software Engineer,Bhubaneswar,303415,290098,328719,309409.12939407234
Software Engineer,Bhubaneswar,271543,171570,414605,293087.91311164387
NLP Engineer,Hyderabad,431965,233675,718630,476152.8938535273
Software Engineer,Ahmedabad,160527,84943,233837,159390.64639639264
Software Engineer,Coimbatore,6927479,5468565,8133189,6800877.013030551
Software Engineer (Backend),Indore,38841,34543,63027,48785.50380434035
Software Engineer (Backend),Hyderabad,672948,575201,739588,657394.9976511842
AI Engineer,Chandigarh,341453,318884,387910,353397.49600625306
Software Engineer,Coimbatore,30925,27106,43984,35545.52902547047
Software Engineer (Frontend),Lucknow,17701,15328,27540,21434.47436737804
Software Engineer,Trivandrum,13380,100188,145334,122761.49156287475
Full Stack Developer,Bhubaneswar,16013,10955,22906,16930.866292457627
Data Scientist,Kolkata,26439,15199,34489,24844.692095952705
Full Stack Developer,Chennai,105058,47955,156032,101994.43663685548
Software Engineer,Bangalore,111764,96972,121951,109462.23456527335
Full Stack Developer,Bangalore,929629,714863,1115909,915386.4929006852
Junior Developer,Bangalore,68217,57719,75053,66386.52674116527
Machine Learning Engineer,Bangalore,206874,194494,244603,219549.25825788386
Software Engineer (Frontend),Indore,57718,28012,80482,54247.22939600716
Database Administrator,Bangalore,238851,196475,280623,238549.50008048926
Full Stack Developer,Chennai,45976,28943,66003,47473.28541098425
Software Engineer (Frontend),Hyderabad,107780,48171,121582,84877.07553091393
Game Developer,Mumbai,1006944,822851,1156046,989448.8232901082
Software Engineer (Backend),Hyderabad,177826,114647,269165,191906.64144134455
Junior Developer,Bangalore,238692,218012,258406,238209.44275477127
AI Engineer,Mumbai,45747,28795,63496,46146.374407709765
Software Engineer (Frontend),Mumbai,238802,234042,296711,265377.285757499
UI/UX Designer,Gurgaon,216511,176105,229437,202771.28052750044
Principal Engineer,Trivandrum,270217,255087,285347,270217.31952815724
Data Scientist,Goa,67358,38287,87030,62658.90479940137
Machine Learning Engineer,Bangalore,188743,161375,213606,187490.89478194527
Machine Learning Engineer,Hyderabad,179038,165920,199727,182824.11045890683
Product Manager,Ahmedabad,259093,241037,308346,274691.8855346064
Software Engineer (Backend),Goa,20118,25299,27975,26637.85588117321
Machine Learning Engineer,Mumbai,104483,93707,121906,107806.85022889593
Product Manager,Jaipur,253507,225271,288743,257007.25573944533
DevOps Engineer,Noida,55947,814158,1100340,957249.7365624676
Software Engineer (Backend),Chennai,115303,59757,170849,115303.0
Software Engineer,Visakhapatnam,19416,17338,19789,18564.12298825246
Mobile Developer,Mumbai,179247,139697,197494,168596.3093471754
Software Engineer (Frontend),Mumbai,188714,157761,214271,186016.38218621456
Data Scientist,Mumbai,12934,12210,13712,12961.567150670213
Software Engineer,Trivandrum,34299,29179,48549,38864.833900175174
Senior Software Engineer,Mysore,778932,771583,862977,817280.6114549685
Technical Architect,Noida,402388,379054,425722,402388.0
Software Engineer,Mysore,174603,121573,214966,168270.06417690756
Game Developer,Trivandrum,70816,45555,102330,73942.97312336764
Software Engineer,Chandigarh,25855,22169,32975,27572.283930651218
Software Engineer (Frontend),Kochi,119687,83620,172860,128240.61524872578
Computer Vision Engineer,Mumbai,608096,482630,719990,601310.783415626
Full Stack Developer,Mumbai,23872,8455,64899,36677.39856075477
Data Scientist,Hyderabad,846733,734849,1223653,979251.1410726951
Data Scientist,Kolkata,11014,9012,15382,12197.506585168205
Software Engineer,Mumbai,38882,21005,59383,40194.365249555245
QA Engineer,Chandigarh,146462,133827,199507,166667.25287550595
Machine Learning Engineer,Hyderabad,165052,147035,184350,165693.04698245443
Machine Learning Engineer,Hyderabad,118658,107128,133453,120291.01522349686
Software Engineer (Frontend),Bangalore,6867,6369,7364,6866.5
Full Stack Developer,Nagpur,125466,96210,148950,122580.38385903451
Blockchain Developer,Nagpur,751730,535158,1025014,780086.4121105459
Data Scientist,Bangalore,303889,158844,506516,332680.51117789024
Lead Data Scientist,Surat,46427,40309,51360,45835.35373110406
Machine Learning Engineer,Hyderabad,137917,115488,159494,137491.68558933045
Software Engineer,Chennai,118586,105584,144218,124901.42928096614
Software Engineer (Frontend),Nagpur,2931426,1918726,3952427,2935576.729364049
Full Stack Developer,Delhi,118084,103879,128750,116315.02893210924
Full Stack Developer,Bangalore,1577861,1272774,2118097,1695435.9069387391
Software Engineer,Surat,72770,74094,85010,79552.45837659723
Product Manager,Hyderabad,83278,75798,98966,87382.42399207765
Software Engineer (Backend),Nagpur,6576,5355,6267,5811.307080003378
Full Stack Developer,Bangalore,90980,80638,108637,94638.24553215847
Full Stack Developer,Bhubaneswar,929698,1123390,998711,1061051.4482055837
Full Stack Developer,Visakhapatnam,7181,6200,7535,6867.927136423251
AI Engineer,Bangalore,728410,523321,988125,755723.4959081138
Machine Learning Engineer,Mumbai,140261,131503,150903,141203.8862601522
Machine Learning Engineer,Visakhapatnam,102279,95158,117896,106527.79935347979
Machine Learning Engineer,Bangalore,100862,83462,118360,100911.3179882386
Software Engineer (Backend),Lucknow,59564,51418,73911,62664.90933934401
Data Scientist,Hyderabad,16755,14214,25105,19659.754147028856
Software Engineer (Frontend),Mumbai,90791,57808,123774,90791.0
Full Stack Developer,Bangalore,225665,188166,270551,229358.99562398705
Software Engineer,Coimbatore,554346,570694,582547,576620.6893113302
Full Stack Developer,Surat,5439,4398,6102,5250.521016081561
Data Scientist,Mumbai,37664,34569,46955,40762.6049586415
Full Stack Developer,Kochi,88646,63908,134975,99442.11740256276
AI Engineer,Surat,539170,121507,528477,324992.2215111147
Data Scientist,Hyderabad,11106,8759,13000,10880.234932458327
Full Stack Developer,Indore,74887,64895,79180,72037.85963224719
Software Engineer (Frontend),Goa,49399,41934,56862,49398.0
Software Engineer (Frontend),Hyderabad,125480,149629,174997,162313.25831244688
Network Engineer,Visakhapatnam,37561,32079,44277,38178.32395139619
Robotics Engineer,Mumbai,63416,57858,69064,63461.79875048314
Technical Writer,Mumbai,61637,48184,76563,62374.08597557786
Software Engineer (Frontend),Surat,24580,25392,25503,25448.395845236362
Data Scientist,Noida,96301,75332,101952,88642.57430743473
Machine Learning Engineer,Hyderabad,215067,201423,253756,227589.71419968526
Data Scientist,Bangalore,272709,189251,314212,251732.30355439207
Embedded Systems Engineer,Hyderabad,55536,29483,77472,53478.38750831997
AR/VR Engineer,Bangalore,80772,74272,87271,80771.5
Software Engineer (Frontend),Kolkata,285620,277656,293584,285620.0
Software Engineer (Backend),Coimbatore,301518,246742,259950,253346.84255827725
Software Engineer,Coimbatore,234767,224428,231582,228005.40483263117
System Administrator,Bangalore,307852,247658,360449,304054.0250826793
Software Engineer (Backend),Bangalore,147744,82010,208405,145207.8874626942
Software Engineer,Trivandrum,113262,74635,152858,113746.71425306838
Software Engineer,Kochi,190947,138931,267907,203419.5985492012
Game Developer,Chandigarh,49375,40141,53696,46919.10727074388
Software Engineer,Kolkata,146173,137242,148762,143002.8174572193
QA Engineer,Kolkata,36327,26946,55727,41336.982653347106
AR/VR Engineer,Mumbai,1030033,675295,1456154,1065724.5
AI Engineer,Mumbai,125979,78476,179908,129192.43429629278
Data Scientist,Bangalore,88260,78298,99775,89037.1425352367
Embedded Systems Engineer,Surat,27350,26024,28674,27349.755236619952
Information Security Engineer,Bhubaneswar,172065,141006,211149,176078.3160718012
Full Stack Developer,Chandigarh,1115541,896189,1408655,1152422.5502912055
AI Engineer,Hyderabad,25841,22264,32201,27232.683047157312
Machine Learning Engineer,Bangalore,74690,68990,81149,75069.92252197635
Software Engineer (Backend),Bhubaneswar,120356,136548,158013,147280.79183601198
Embedded Systems Engineer,Lucknow,33717,32033,35399,32564.1183175893
Software Engineer,Surat,402633,683139,362331,522735.3859591344
Software Engineer,Goa,100963,88111,108611,98361.43352562566
Machine Learning Engineer,Indore,212261,194462,237022,215742.4678278867
Full Stack Developer,Kolkata,14038,8647,20150,14398.866988848844
Full Stack Developer,Kolkata,21050,19096,23166,21131.36435198856
Software Engineer,Hyderabad,14309,168810,230244,199527.9153870174
Software Engineer,Coimbatore,76952,57914,95364,76639.4030058677
Network Engineer,Bangalore,90633,81441,93027,87234.82470170085
Machine Learning Engineer,Visakhapatnam,98591,82416,109564,95990.65381792278
AI Engineer,Bangalore,54865,29369,78791,54080.37694774747
Software Engineer (Backend),Gurgaon,365417,253991,476843,365417.0
QA Engineer,Kochi,104393,95671,109447,102559.38563853879
Software Engineer,Bangalore,87094,71436,103792,87614.8071056309
Senior Software Engineer,Bangalore,669340,576958,752897,664927.7258505237
DevOps Engineer,Gurgaon,488605,271812,328661,300236.93621763133
Machine Learning Engineer,Bangalore,120059,98717,129709,114213.45757780141
Machine Learning Engineer,Hyderabad,168397,156869,182873,169871.660356061
Data Scientist,Hyderabad,51664,39232,72654,55943.91063397122
Data Scientist,Bangalore,628851,458849,869641,664245.2030384787
Software Engineer (Frontend),Surat,81963,77455,86486,81970.97037462097
Principal Engineer,Gurgaon,62771,56895,68647,60784.46715375731
Data Scientist,Bangalore,128129,109491,190156,149824.03819402322
Software Engineer (Backend),Bangalore,121701,103543,142505,123024.23468328506
Cloud Engineer,Mumbai,168450,151973,189233,170603.2756205434
Full Stack Developer,Mumbai,306324,279312,386111,332712.04473703855
Machine Learning Engineer,Bangalore,124483,110756,137432,124094.30627470085
Software Engineer,Trivandrum,22725,12309,32903,22606.39012230161
Software Engineer,Kochi,66997,67797,74538,71167.75499020131
Cloud Engineer,Noida,288605,272485,314606,293546.2845280012
AI Engineer,Chennai,67034,37253,102806,70030.2060475158
Mobile Developer,Pune,1378,997,1470,1233.5
Game Developer,Hyderabad,38579,29865,43983,36924.294416677185
Machine Learning Engineer,Coimbatore,84446,69500,88735,79117.86115034798
Software Engineer (Backend),Noida,158913,126500,156818,141659.30873564602
AI Engineer,Hyderabad,155367,112881,197978,155429.8011827176
Full Stack Developer,Hyderabad,184014,139932,198945,169439.01497300476
Product Manager,Bangalore,68926,63884,79164,71524.04240666771
UI/UX Designer,Bangalore,224064,212159,266184,239171.9614889115
System Administrator,Noida,14241,14381,19263,16822.315440877854
AI Engineer,Nagpur,249362,49019,219010,134015.14465899512
AI Engineer,Bangalore,26109,22076,33885,27980.70130958644
Software Engineer (Backend),Visakhapatnam,137959,104007,171910,137958.5
Full Stack Developer,Bhubaneswar,30330,22224,44384,33304.670476772735
AI Engineer,Bangalore,655287,457540,710784,584162.7254283068
Full Stack Developer,Mumbai,233912,154554,324852,239703.38398998918
QA Engineer,Hyderabad,1655416,1047706,2063576,1555641.1933290577
Data Scientist,Chennai,11255,8525,13920,11223.058286892086
Embedded Systems Engineer,Bangalore,422304,338401,469305,403853.96668182535
Software Engineer (Frontend),Kochi,52163,40838,71960,56399.22245440209
Full Stack Developer,Jaipur,10482,7226,14634,10930.620256803648
Software Engineer (Frontend),Lucknow,33043,30258,35828,33043.0
Software Engineer (Frontend),Hyderabad,658146,598210,742040,670125.5182367773
NLP Engineer,Kolkata,42553,29720,77474,53597.615965215664
Software Engineer,Gurgaon,337028,316460,363973,340217.1202889922
Data Scientist,Indore,271992,166203,415562,290882.7352133901
Software Engineer (Frontend),Hyderabad,20201,16489,22067,19278.328006330747
Software Engineer,Indore,19984,15688,23609,19649.279572024083
Machine Learning Engineer,Bangalore,115330,105964,123957,114961.00972990232
Software Engineer (Frontend),Nagpur,120534,116744,124323,120533.5
AI Engineer,Mumbai,102144,139330,85492,112411.60520348854
Software Engineer (Frontend),Indore,54399,44291,64506,54398.5
Site Reliability Engineer,Bangalore,262407,187009,384445,285727.1748371081
Software Engineer (Backend),Kochi,141810,75282,208337,141809.5
Software Engineer (Backend),Hyderabad,5846,4512,8742,6627.0
Software Engineer (Frontend),Bangalore,43236,30098,49378,39738.14224509964
AI Engineer,Ahmedabad,78462,58862,98933,78897.80645543341
Software Engineer,Hyderabad,918250,579045,917671,748358.4531404723
Software Engineer,Coimbatore,360580,186703,504315,345509.7091157829
Computer Vision Engineer,Pune,26067,22912,33324,28118.83957235292
Software Engineer,Hyderabad,506876,406261,588514,497387.85932319635
Data Scientist,Indore,682177,414319,1007912,711115.9432207927
Software Engineer,Mumbai,869,561,1077,819.5080930040203
Machine Learning Engineer,Surat,199263,177712,215417,196565.25245326175
Software Engineer (Frontend),Bhubaneswar,119574,101781,150310,126046.40678106874
Software Engineer (Frontend),Chennai,953961,611995,1515730,1063862.9679970895
AR/VR Engineer,Hyderabad,16427,14529,26469,20499.45842376309
AI Engineer,Coimbatore,352251,321627,439685,380656.3453378698
Data Scientist,Chennai,520875,277104,814099,545602.0051605254
Technical Architect,Delhi,225126,214922,235328,225125.0
Software Engineer (Frontend),Bangalore,44172,49513,59549,54531.67519596257
Software Engineer,Bangalore,1373668,1093709,1771033,1432371.5445387608
Software Engineer,Delhi,506815,304283,730198,517240.9318871639
AI Engineer,Lucknow,85358,74193,91927,83060.7123201763
Machine Learning Engineer,Kochi,104972,90776,116848,103812.13343955085
Full Stack Developer,Visakhapatnam,7010,5007,10418,7712.882205930184
Software Engineer,Bangalore,39178,24309,52114,38212.384885109896
Software Engineer,Jaipur,728416,407876,1026253,717065.0370083379
Machine Learning Engineer,Jaipur,137389,127101,155532,141317.26107863444
Data Scientist,Surat,10045,5962,14541,10251.574112586259
Software Engineer,Coimbatore,353560,330301,340231,335266.64867479063
Machine Learning Engineer,Bangalore,102212,94902,111160,103031.47330776471
Software Engineer (Frontend),Chennai,10522,10130,12245,11188.109001713688
Full Stack Developer,Mumbai,130165,68647,194822,131734.92829193693
Full Stack Developer,Pune,782697,565000,925544,745272.1475381642
Full Stack Developer,Hyderabad,94131,64926,124699,94812.92054993463
Software Engineer (Backend),Chennai,770090,575453,777166,676309.9334898958
Blockchain Developer,Nagpur,298920,157903,457356,307630.1946643669
Full Stack Developer,Chennai,28069,21227,36990,29108.929978091986
Technical Writer,Bangalore,750101,732575,1056519,894547.6132929237
Software Engineer,Kochi,68961,44040,91047,67544.32763706075
Full Stack Developer,Pune,133888,97805,193990,145897.92898507492
Software Engineer (Frontend),Noida,175862,141678,210046,175862.0
Data Scientist,Bangalore,605993,389919,744140,567029.9779561169
QA Engineer,Mumbai,94802,64859,108021,86440.53927324867
Principal Engineer,Chandigarh,29225,26955,31494,29225.302035669134
Lead Data Scientist,Ahmedabad,29022,10788,73041,41915.20937704427
Software Engineer,Bhubaneswar,25611,24110,28566,26338.245677615665
Data Engineer,Mumbai,57079,36143,78330,57237.052445192334
QA Engineer,Hyderabad,38131,25482,42272,33877.281270211664
AI Engineer,Bangalore,190701,140371,243464,191917.91618407337
Software Engineer (Frontend),Delhi,45636,38233,65829,52031.305863457295
Senior Software Engineer,Indore,48022,42541,67524,55032.87571642892
Mobile Developer,Bangalore,87196,53606,119112,86359.52637967138
iOS Developer,Surat,346308,274440,393087,333764.1408813661
Full Stack Developer,Hyderabad,36367,17501,51445,34473.5112947234
Software Engineer,Hyderabad,965771,566347,1294035,930191.3178572259
Software Engineer,Mumbai,430244,320759,467906,394333.11746879306
AI Engineer,Hyderabad,74741,40844,122556,81700.59557490317
Full Stack Developer,Kolkata,240657,157046,315063,236055.057563318
Software Engineer,Mumbai,74536,45857,104192,75024.97624156921
Software Engineer,Chandigarh,4886,3740,5935,4837.767556005615
Software Engineer,Mumbai,401555,351710,437137,394423.7881483635
Software Engineer (Frontend),Lucknow,9883,7584,12182,9883.0
Android Developer,Pune,63378,53275,73480,63377.68420432014
Software Engineer (Frontend),Bangalore,161843,139859,154995,147427.8026763624
Software Engineer,Bangalore,232514,122654,319874,221264.14894591633
Computer Vision Engineer,Indore,14082,9963,19901,14932.956556663736
Lead Data Scientist,Hyderabad,244697,200793,312540,256667.29321394913
Full Stack Developer,Mumbai,14045,8774,19418,14096.514978201487
Blockchain Developer,Hyderabad,161436,114539,205274,159907.19750188466
Software Engineer,Ahmedabad,69786,51752,84718,68235.3683775437
Software Engineer,Bangalore,18805,14916,22481,18698.984164263933
Cybersecurity Analyst,Bangalore,732294,707139,1071193,889166.8288917444
AI Engineer,Hyderabad,940725,316397,1705301,1010849.1850080309
Data Scientist,Coimbatore,161834,127971,197426,162699.0053072714
Product Manager,Hyderabad,128759,110874,143829,127352.39278075928
Software Engineer,Delhi,3355617,4601,7073,5837.543285238351
Software Engineer,Bangalore,480810,408788,562776,485782.7721945249
Machine Learning Engineer,Gurgaon,114943,98626,123592,111109.5095588763
Full Stack Developer,Lucknow,62504,45276,78773,62025.20867406583
Software Engineer,Bangalore,69443,67118,71133,69126.06160655679
Software Engineer (Backend),Bangalore,24043,13257,34827,24042.0
Machine Learning Engineer,Nagpur,200654,184856,225903,205379.93954807584
Full Stack Developer,Bangalore,161105,117407,189769,153588.61441884577
Machine Learning Engineer,Goa,163652,138363,188774,163569.07489037697
Software Engineer (Backend),Chandigarh,109032,58962,140438,99700.42478669737
AI Engineer,Surat,28962,6906,35964,21435.47216883598
Data Scientist,Ahmedabad,127785,69269,204600,136935.16793622784
Data Scientist,Surat,406742,325785,463319,394552.43332079117
Software Engineer (Frontend),Noida,406407,358096,474840,416468.0
Research Scientist,Ahmedabad,125873,129771,132569,131170.4745399324
Principal Engineer,Bangalore,250222,100088,625555,362821.9
Machine Learning Engineer,Mumbai,118885,95240,136355,115798.13743210572
Senior Software Engineer,Bangalore,181427,133207,259817,196512.47479448258
Software Engineer,Bangalore,594074,485643,657441,571542.8886256424
Data Scientist,Lucknow,38095,24214,50814,37514.58821843596
Software Engineer,Mumbai,105043,67828,132933,100380.93292472823
Software Engineer,Mumbai,1715423,1006024,2401468,1703746.282250964
Software Engineer (Frontend),Bangalore,23474,27431,35125,31278.84093417962
Senior Software Engineer,Gurgaon,10900,10756,12183,11470.417056295722
Software Engineer,Pune,81195,65954,109745,87850.16419365392
AI Engineer,Jaipur,23137,16958,31524,24241.612017391548
AI Engineer,Ahmedabad,32002,30141,86793,58467.76724186375
Software Engineer (Backend),Hyderabad,230923,151550,313811,232680.5
Machine Learning Engineer,Coimbatore,152591,122950,181165,152057.99201319006
Site Reliability Engineer,Bangalore,523797,297843,539524,418683.5069916374
Software Engineer (Frontend),Hyderabad,1618835,1459511,2922716,2191114.060771972
Computer Vision Engineer,Visakhapatnam,26155,24361,31412,27887.08533839793
Full Stack Developer,Hyderabad,72405,36200,117093,76646.79061211321
Full Stack Developer,Coimbatore,72428,34752,108862,71807.51788480693
Junior Developer,Bangalore,73828,63507,79347,71427.46542624044
Software Engineer (Backend),Indore,24502,19325,29678,24501.5
Research Scientist,Goa,8365,7538,8538,8038.623905568973
Software Engineer (Frontend),Noida,103863,85149,140366,112758.16075900878
Robotics Engineer,Hyderabad,178514,158802,204259,181531.2422185223
UI/UX Designer,Gurgaon,250025,218370,282352,250361.67681754415
Site Reliability Engineer,Lucknow,6517,7105,7559,7332.324739867872
AI Engineer,Bangalore,400739,343636,563714,453675.40514126874
Full Stack Developer,Bangalore,217178,147370,340729,244049.93018102756
Full Stack Developer,Visakhapatnam,89139,63156,113070,88113.62421793252
Machine Learning Engineer,Bangalore,115581,103035,138197,120616.63313531756
Software Engineer (Backend),Hyderabad,72513,69139,75885,72512.0
Senior Software Engineer,Coimbatore,1042234,723795,1381298,1052546.5608450049
Software Engineer,Indore,51441,45349,49684,47517.25509952348
Senior Software Engineer,Hyderabad,130459,119996,134868,127432.51648667807
Machine Learning Engineer,Goa,144253,125569,155897,140733.73616480143
Software Engineer,Bangalore,375754,364989,363291,364140.34489114356
AI Engineer,Kolkata,47090,118633,143427,131030.27494986216
AI Engineer,Goa,851453,346269,1964651,1155460.8034466065
Mobile Developer,Bangalore,92021,83512,89402,86457.20795148885
Software Engineer (Backend),Bangalore,197816,194068,284682,239375.77276475605
Machine Learning Engineer,Mysore,109302,91159,126960,109059.66199564462
AI Engineer,Coimbatore,320407,160505,461706,311106.1266245239
Machine Learning Engineer,Bangalore,206194,179237,231756,205496.64362756308
Machine Learning Engineer,Mumbai,164739,133501,190881,162191.4807294492
Data Scientist,Mumbai,122381,64492,169347,116919.79361386753
Senior Software Engineer,Gurgaon,115021,174853,74008,124431.17136313158
Software Engineer,Gurgaon,3154930,91153,108333,99743.47066681198
Software Engineer,Bangalore,591022,389358,773042,581200.3973005321
AI Engineer,Jaipur,577114,314437,817307,565872.888923375
UI/UX Designer,Delhi,206781,171857,223801,197829.67323147942
Software Engineer,Hyderabad,7925,6194,10471,8332.953792894596
Software Engineer,Indore,146095,69439,219805,144622.64170556457
AI Engineer,Goa,144864,121427,153331,137379.08542074435
Embedded Systems Engineer,Chennai,40849,34865,44851,39858.5923697278
Android Developer,Hyderabad,381456,250535,472511,361523.7405267571
AR/VR Engineer,Kolkata,1326413,986704,1919462,1453083.177288145
Machine Learning Engineer,Lucknow,161218,136813,171232,154023.17748302917
Data Engineer,Indore,122702,72763,144118,108440.92035410722
Software Engineer (Frontend),Bhubaneswar,187523,186616,255263,220939.6621260095
Full Stack Developer,Surat,131982,117571,159791,138681.3210963531
Data Scientist,Coimbatore,3660336,2524954,4655391,3590172.927492557
QA Engineer,Mumbai,79878,63728,91805,77766.82649583988
Full Stack Developer,Pune,104087,71555,146835,109195.52128672285
Game Developer,Bangalore,45802,55969,37583,46776.78773209576
Software Engineer (Frontend),Visakhapatnam,268955,214253,281034,247644.04281671188
Network Engineer,Trivandrum,5637,5271,5912,5592.033481603417
Software Engineer (Frontend),Bangalore,226241,151274,215544,183409.6272090132
Software Engineer,Mumbai,547554,499266,673753,586510.0051823925
Machine Learning Engineer,Ahmedabad,190908,179792,220243,200018.16970707168
UI/UX Designer,Jaipur,197937,181246,228057,204651.7074485318
NLP Engineer,Hyderabad,267001,257764,276237,268414.77066970064
Data Scientist,Hyderabad,19229,16431,20657,18544.227203177175
Software Engineer (Backend),Jaipur,27564,25143,29984,27563.5
Software Engineer,Bangalore,756427,679168,789080,734124.5231639664
iOS Developer,Kolkata,14606,8048,22437,15243.229136040663
Software Engineer,Bangalore,360783,357275,381796,369535.74647640804
AI Engineer,Hyderabad,301101,192870,437209,315040.31910148327
Machine Learning Engineer,Goa,146850,121404,161659,141532.29945760762
DevOps Engineer,Nagpur,75764,58759,81469,70114.0
Software Engineer,Ahmedabad,1896093,1904213,2095444,1999829.257708705
Machine Learning Engineer,Pune,144494,122034,162124,142079.39130485035
AI Engineer,Lucknow,176572,143687,220668,182177.8901191178
Machine Learning Engineer,Noida,126679,118965,142526,130745.7763141008
Software Engineer (Frontend),Gurgaon,14774,12001,17546,14773.5
Software Engineer,Jaipur,18716,15349,21445,18397.410611601044
Machine Learning Engineer,Mysore,90857,83984,95850,89917.46923825599
Blockchain Developer,Hyderabad,159746,92160,234346,163253.59044465367
Machine Learning Engineer,Chennai,77118,71111,82307,76709.56679037656
Software Engineer,Kochi,151453,86404,217586,151995.33889469612
Software Engineer (Backend),Ahmedabad,68083,52837,78071,65454.62363347973
AI Engineer,Chandigarh,35638,22192,61138,41665.81835157636
Embedded Systems Engineer,Chennai,974132,958947,1074205,1016576.7668663599
Software Engineer (Backend),Coimbatore,214,185,334,260.30519353196473
Software Engineer,Mumbai,32576,24565,46248,35407.190023817384
Software Engineer,Goa,524499,496468,570913,533690.6461054793
AI Engineer,Bangalore,59349,17667,76244,46956.14517237158
Software Engineer (Backend),Bangalore,254743,204725,304759,254742.0
Data Scientist,Noida,35546,27664,40842,34253.55617027942
Machine Learning Engineer,Nagpur,131040,111803,149006,130404.84156158887
Software Engineer,Bangalore,522671,421869,566929,494399.4004621457
Software Engineer (Backend),Bangalore,216163,176431,255026,215729.22180587746
Data Scientist,Visakhapatnam,27249,10191,72380,41286.24983642764
Data Scientist,Bangalore,82756,65505,108657,87081.208083851
DevOps Engineer,Hyderabad,95701,63350,88525,75937.88854842416
Machine Learning Engineer,Kochi,101045,81511,111679,96595.45378006267
Software Engineer (Frontend),Hyderabad,46052,42168,57876,50022.504653280106
Machine Learning Engineer,Hyderabad,148683,129019,175388,152203.93944542125
Product Manager,Bangalore,62229,58095,73368,65732.33152580897
Data Scientist,Hyderabad,57515,39936,67881,53909.216184491495
Full Stack Developer,Pune,43237,31834,62817,47326.04783618591
Software Engineer,Mumbai,59594,58735,62224,60479.96127719234
Data Scientist,Indore,1166041,781915,1711518,1246716.7521080524
Software Engineer (Frontend),Chandigarh,62847,46209,72176,59192.5
Android Developer,Goa,553835,456491,651177,553834.5035568997
Software Engineer (Frontend),Mumbai,182413,170115,206638,188376.96708527653
Junior Developer,Mumbai,148500,119900,169987,144944.2376277284
Senior Software Engineer,Mumbai,40502,24516,52942,38729.08488114842
Product Manager,Bangalore,134802,125238,157778,141508.35505227375
Cloud Engineer,Ahmedabad,118180,109697,136172,122935.09116718595
Research Scientist,Nagpur,106018,108430,117360,112895.67856072995
Robotics Engineer,Nagpur,179363,152198,191062,171630.8771233495
Data Scientist,Hyderabad,108774,70953,179666,125309.91543378658
AI Engineer,Bangalore,253174,204611,280919,242765.5620831707
Software Engineer (Frontend),Bangalore,18556,5730,45655,25692.974637454936
Software Engineer,Mumbai,128029,132872,139229,136050.964656186
Data Scientist,Lucknow,63451,58862,66075,62468.5852897044
Machine Learning Engineer,Hyderabad,171430,158630,195264,176947.47252176434
Machine Learning Engineer,Bangalore,108173,100826,119258,110042.288355111
AI Engineer,Hyderabad,43469,37979,52196,45087.97567632378
Full Stack Developer,Mumbai,605482,501076,659568,580322.5631401254
Software Engineer,Lucknow,82834,66667,94919,80793.50357029808
Software Engineer (Frontend),Bangalore,91594,74949,142620,108784.95669137442
Full Stack Developer,Bangalore,1290996,770593,1884021,1327307.5386051997
Embedded Systems Engineer,Ahmedabad,442207,414407,470005,442206.77012293314
Full Stack Developer,Bangalore,228453,213087,244347,228717.37211799092
Data Scientist,Chandigarh,8375,5005,12766,8885.94176475999
Software Engineer,Jaipur,34265,27878,37994,32936.764601103176
Machine Learning Engineer,Delhi,136500,124018,157903,140961.2844884618
AI Engineer,Mysore,116184,35082,182835,108959.15613145006
AI Engineer,Hyderabad,64309,48815,89436,69126.05011060376
Software Engineer,Mumbai,229996,180202,282943,231572.81568941823
Software Engineer,Gurgaon,518230,189339,1275750,732545.2783976401
Full Stack Developer,Bangalore,380510,327278,458238,392758.29354358074
Software Engineer,Mumbai,978445,956900,1051080,1003990.7994967935
Technical Writer,Bangalore,23555,18085,29023,23554.555203461074
Full Stack Developer,Jaipur,337350,226222,524394,375308.8958049919
Software Engineer (Backend),Mumbai,241119,150177,275747,212962.4692590854
Cloud Engineer,Mysore,47437,41104,52745,46924.826863211354
Data Scientist,Bangalore,11688,8998,15770,12384.136774840565
Full Stack Developer,Kochi,645692,532545,983530,758038.1890867352
AI Engineer,Goa,301573,249115,331214,290165.0091574961
Software Engineer,Mumbai,361924,273987,417058,345522.6632670488
Full Stack Developer,Coimbatore,85651,50400,106599,78500.12762118771
UI/UX Designer,Bangalore,171562,138574,200282,169428.3122267546
AI Engineer,Hyderabad,12986,10372,16057,13215.28927986856
Data Scientist,Hyderabad,202346,136589,263960,200274.58678323717
Full Stack Developer,Mumbai,193447,185322,238019,211671.20415769593
Software Engineer,Bhubaneswar,176137,151915,181761,166838.51047239517
Software Engineer,Lucknow,32379,26619,38511,32565.322782476273
Site Reliability Engineer,Bangalore,361821,298816,484642,391729.8390513334
QA Engineer,Bangalore,265739,228079,284938,256508.98847614005
Full Stack Developer,Bhubaneswar,227417,181497,259539,220518.2982393002
AI Engineer,Hyderabad,50181,39440,80056,59748.22601139972
Software Engineer,Kolkata,90867,67480,120402,93941.89417039494
Data Engineer,Mumbai,116794,91702,125084,108393.71543168653
Software Engineer,Kochi,86325,66209,100251,83230.19858739394
Data Scientist,Delhi,85289,64738,101375,83056.965494762
AR/VR Engineer,Bangalore,756317,586325,888302,737314.0511442346
Software Engineer,Gurgaon,98870,94477,104509,99493.42280619613
Software Engineer,Bhubaneswar,17346,10453,22527,16490.491735626318
Machine Learning Engineer,Pune,222943,185410,262433,223922.10925861297
Database Administrator,Mumbai,83738,73316,97810,85563.62815615683
Software Engineer (Backend),Mumbai,134075,121193,146955,134074.0
Machine Learning Engineer,Bangalore,122634,107094,138675,122885.24947219415
Research Scientist,Pune,358217,361644,361738,361691.8945520886
Full Stack Developer,Mumbai,460679,324964,578748,451856.6287131888
Full Stack Developer,Bangalore,546972,488538,607157,547848.1595714567
Software Engineer (Backend),Bhubaneswar,129782,87820,251328,169574.47385867665
Software Engineer (Backend),Hyderabad,110956,100012,121900,110956.0
Software Engineer (Backend),Bangalore,392044,320613,465174,392894.1815984674
AI Engineer,Goa,25348,17572,34247,25910.004149367407
Full Stack Developer,Noida,43370,33872,51541,42707.16784545999
Software Engineer,Delhi,4136,3595,5796,4695.974837088797
Software Engineer (Backend),Kochi,54421,36083,85663,60873.26290490736
Data Scientist,Goa,59892,45822,82111,63967.311320930385
Machine Learning Engineer,Pune,193424,161061,229673,195367.79587512751
Software Engineer,Visakhapatnam,770235,582829,927220,755025.0629455028
Software Engineer (Frontend),Coimbatore,151890,123645,180134,151889.5
AI Engineer,Visakhapatnam,180968,117174,260963,189069.04933034646
AI Engineer,Hyderabad,2769,2296,3367,2831.8935973786247
Software Engineer (Backend),Hyderabad,337643,314797,360489,337643.0
Full Stack Developer,Hyderabad,632315,531364,848716,690040.8512006612
Machine Learning Engineer,Goa,198041,171495,227093,199294.1856735796
Full Stack Developer,Bangalore,154577,75609,259480,167545.28901566012
Cloud Engineer,Bangalore,98517,86124,110903,98513.81380715291
Data Engineer,Bangalore,144928,83681,207342,145511.88884496252
Software Engineer (Frontend),Delhi,21403,18757,23111,20934.0
Database Administrator,Bangalore,238200,193842,282675,238259.20263757405
Full Stack Developer,Hyderabad,220764,187065,268870,227968.18884091615
Full Stack Developer,Kochi,494727,437135,623007,530071.4382859131
Machine Learning Engineer,Hyderabad,223576,185742,246089,215916.33916291845
Full Stack Developer,Gurgaon,296403,263891,349336,306613.5969944076
AI Engineer,Indore,17819,13173,25790,19482.149353152923
Full Stack Developer,Hyderabad,49760,40715,52696,46706.24637923496
AI Engineer,Bangalore,928394,707663,1123719,915691.6569691526
Software Engineer (Backend),Kolkata,152593,126464,201179,163821.85175281522
Software Engineer (Backend),Ahmedabad,80411,60985,91153,76069.52377010818
AI Engineer,Visakhapatnam,21634,14181,29652,21917.11879094938
Software Engineer,Mumbai,37001,25138,38806,31972.08730910848
Site Reliability Engineer,Bangalore,83403,71450,94418,82934.40240734062
AI Engineer,Surat,3964,3484,4211,3847.964895091132
Software Engineer (Frontend),Bangalore,107784,88719,126240,107480.18460387594
AI Engineer,Hyderabad,88667,78234,105687,91960.9362870495
Software Engineer (Frontend),Bangalore,447165,368713,523172,445943.24756173114
Network Engineer,Bangalore,301941,264760,349652,307206.3018781052
Software Engineer (Frontend),Noida,32628,31078,34177,32627.5
Software Engineer,Mumbai,68014,60951,83949,72450.58274841984
Game Developer,Hyderabad,7992,6124,10241,8183.2771273458775
Junior Developer,Kochi,227813,198534,253830,226182.4807771027
Software Engineer (Frontend),Indore,122763,114712,134929,124820.80786012416
AI Engineer,Bangalore,51121,25964,77449,51706.87108133819
Software Engineer (Frontend),Hyderabad,15049,28856,30987,29922.132215419417
Software Engineer (Frontend),Mumbai,102108,81609,138810,110210.14346048985
NLP Engineer,Bangalore,377657,310197,425006,367601.90862019616
Software Engineer,Chandigarh,11039,9050,13377,11213.530332594633
AI Engineer,Hyderabad,153378,107267,198164,152716.14662875488
Data Scientist,Mumbai,35849,26909,44572,35740.99806430723
Full Stack Developer,Hyderabad,338758,258757,418626,338691.92441148823
AR/VR Engineer,Hyderabad,83116,50111,116427,83269.34372274451
AI Engineer,Mumbai,215082,168531,252456,210494.04795710868
Machine Learning Engineer,Trivandrum,94736,81097,109024,95061.0828073363
System Administrator,Bhubaneswar,157939,107916,241607,174761.990068183
Product Manager,Visakhapatnam,158407,135424,181041,158232.7801537867
Software Engineer (Frontend),Bangalore,309655,253942,346182,300062.504652288
Software Engineer (Frontend),Ahmedabad,328554,353382,473173,413278.3816131934
AI Engineer,Delhi,78517,11983,56604,34294.26105903211
Software Engineer (Frontend),Gurgaon,71368,48831,84486,66658.82539552188
Full Stack Developer,Bangalore,478822,424462,615415,519938.9106760451
AI Engineer,Coimbatore,247184,135904,377236,256570.51097749523
AI Engineer,Bangalore,176595,111326,244872,178099.59668356026
Software Engineer (Backend),Kochi,592414,314586,645405,479996.25569369574
Full Stack Developer,Bangalore,550678,464167,641357,552762.844284002
Software Engineer,Goa,70422,57474,81003,69238.75057327856
Software Engineer,Lucknow,272611,254287,410795,332541.4675518436
Software Engineer,Ahmedabad,165815,157259,178111,167685.42420958803
Technical Writer,Hyderabad,54676,44554,64799,59186.25635086362
Software Engineer (Backend),Indore,370858,331972,425169,378570.9194924041
Machine Learning Engineer,Hyderabad,169487,135709,180812,158261.12624440785
Software Engineer (Frontend),Chandigarh,155889,135217,172819,154018.61278124907
Software Engineer,Mumbai,4464581,4309599,4717566,4513582.777321309
Software Engineer (Frontend),Hyderabad,779328,343863,1179835,761849.4537040987
Software Engineer,Surat,173624,101075,254441,177758.70792221662
Machine Learning Engineer,Mumbai,136334,125914,162109,144012.1095204485
Machine Learning Engineer,Kochi,92429,81044,105662,93353.59883853685
Software Engineer (Backend),Trivandrum,69686,58393,79451,68922.0
AI Engineer,Delhi,34913,21268,46347,33808.021575971645
Software Engineer (Backend),Coimbatore,44577,25796,68673,47235.19209961428
Data Scientist,Chandigarh,29569,25177,35759,30468.42964832129
Machine Learning Engineer,Bangalore,148599,120723,163839,142281.40051337433
Database Administrator,Hyderabad,71513,58368,82995,70682.0963456082
AI Engineer,Lucknow,98539,44838,163208,104023.1182916013
Machine Learning Engineer,Hyderabad,97955,87879,111761,99820.05685980085
Research Scientist,Trivandrum,65632,62351,71933,67142.20127007156
Full Stack Developer,Noida,27433,12773,40855,26814.77892608056
Technical Architect,Goa,521053,352890,623424,488157.1728767395
QA Engineer,Hyderabad,93444,68810,130465,99637.78666342281
Machine Learning Engineer,Nagpur,144707,122646,154127,138387.02329860962
Computer Vision Engineer,Hyderabad,842258,592391,1141804,867098.0634116703
Machine Learning Engineer,Surat,137424,110350,148554,129452.5928728632
Full Stack Developer,Ahmedabad,1074740,14264,39308,26786.28966602029
Machine Learning Engineer,Mumbai,104492,87985,123206,105596.20359031012
Machine Learning Engineer,Bangalore,198476,161569,212433,187001.56619065246
AI Engineer,Indore,2507211,27702,37216,32459.617946185866
Data Scientist,Bangalore,43689,25631,56271,40951.51935897869
Full Stack Developer,Hyderabad,183493,122836,234071,178454.02566535282
DevOps Engineer,Coimbatore,41140,40614,44604,42609.65570236335
Software Engineer (Frontend),Bangalore,255953,234654,293412,264033.71291668713
Site Reliability Engineer,Chennai,50209,41277,59139,50208.0
Software Engineer,Noida,402373,417023,413925,415474.723494044
AI Engineer,Indore,44965,32212,59089,45651.08319656995
Machine Learning Engineer,Bangalore,94121,83661,106032,94847.05417154315
DevOps Engineer,Hyderabad,323429,505935,802815,654375.4053534544
Software Engineer,Bangalore,164767,103287,229706,166497.10480481206
Software Engineer (Frontend),Bangalore,516319,398517,677936,538226.7771628931
Robotics Engineer,Bangalore,197763,169616,226031,197824.04071069034
Software Engineer (Backend),Hyderabad,310776,180272,441279,310775.5
AI Engineer,Delhi,2435435,346728,3401691,1874209.7816870336
Software Engineer,Chennai,89474,65747,122558,94152.73253544752
Data Scientist,Chennai,258427,206848,319069,262959.0827438473
Software Engineer,Noida,82332,74495,92168,83332.07387480872
Machine Learning Engineer,Hyderabad,176471,149762,208452,179107.48424878175
Software Engineer (Frontend),Mumbai,110887,56374,165398,110886.0
Machine Learning Engineer,Bangalore,211734,187882,237911,212897.24927326146
System Administrator,Bangalore,1799639,1415240,2720334,2067787.4083615928
Machine Learning Engineer,Bhubaneswar,199814,185059,229535,207297.78363074074
Data Engineer,Surat,666447,358617,1000358,679488.0046871132
Software Engineer (Frontend),Hyderabad,22689,9075,56722,32899.05
Software Engineer,Noida,28079,15533,42704,29118.6743507154
Software Engineer,Nagpur,225670,122112,319823,220967.96067131526
Machine Learning Engineer,Surat,189153,170527,226207,198367.494169393
Software Engineer (Backend),Hyderabad,1683156,71680,76248,73964.0
Software Engineer,Bangalore,137658,101528,163911,132719.8750483631
Software Engineer (Frontend),Mumbai,9333,6535,11604,9070.092271740741
Data Scientist,Bhubaneswar,834,676,997,836.6701158735677
Game Developer,Delhi,69582,46005,92838,69422.00527117301
Software Engineer (Backend),Mumbai,261445,171555,299590,235572.99619500406
Data Scientist,Bangalore,888707,506687,1276040,891363.6846277274
Cybersecurity Analyst,Jaipur,364256,183859,543166,363512.9854599029
Software Engineer (Backend),Bangalore,42321,23079,62462,42771.12625171263
UI/UX Designer,Kochi,209630,169117,228878,198997.94113077296
Software Engineer,Ahmedabad,679602,416065,1044100,730082.9431502752
Embedded Systems Engineer,Bangalore,1170904,850800,1318032,1084416.3737768063
Full Stack Developer,Hyderabad,96250,77014,107231,92122.97596127004
Software Engineer (Backend),Mumbai,1125933,686105,1558408,1122257.2105944627
Machine Learning Engineer,Pune,155059,128294,172828,150561.42756626537
Software Engineer (Frontend),Bangalore,385520,323667,461762,392714.92185791756
Machine Learning Engineer,Bangalore,119787,102910,137608,120259.25634534654
Software Engineer,Bangalore,172881,139734,204619,172177.19757754193
NLP Engineer,Chandigarh,299256,283700,314812,299256.34653118474
QA Engineer,Coimbatore,23093,22374,24153,23264.159611898463
Software Engineer (Frontend),Surat,4009,3118,5081,4099.719472309017
Software Engineer (Frontend),Mumbai,149577,131146,231178,181162.62679355923
Software Engineer,Indore,5836,3874,8493,6183.835768637129
UI/UX Designer,Mumbai,170325,139634,184111,161872.952469796
Machine Learning Engineer,Bangalore,206717,194238,220709,207473.9244785531
Software Engineer,Hyderabad,67626,49210,84391,66801.02706997482
AI Engineer,Bangalore,102134,83233,119170,101201.72635271461
Data Scientist,Lucknow,701440,435022,1040424,737723.4230382115
Embedded Systems Engineer,Jaipur,174577,72668,424522,248595.63474023528
Computer Vision Engineer,Mumbai,29828,26016,35650,30833.19268850707
System Administrator,Pune,396897,251019,419818,335418.5
Data Scientist,Visakhapatnam,44954,33480,61491,47485.81845247732
Machine Learning Engineer,Nagpur,134628,115546,143253,129400.25851702441
Data Scientist,Bhubaneswar,97210,70332,162664,116498.14681886791
Machine Learning Engineer,Bangalore,210657,170203,226006,198104.99272272756
Software Engineer (Backend),Hyderabad,47284,45906,53068,49487.34319238152
Software Engineer (Frontend),Mysore,24344,12507,62737,37622.262401594024
Machine Learning Engineer,Bangalore,116189,105654,123659,114656.95393765581
Data Scientist,Bangalore,412036,282755,530736,406746.1406897838
Full Stack Developer,Bangalore,53620,40357,65775,53066.43678762186
Software Engineer,Chennai,20541,18344,23603,20974.188780909222
Data Scientist,Mysore,701519,413581,1175838,794710.38039139
Software Engineer,Mumbai,81241,50083,106986,78534.98580091482
AI Engineer,Hyderabad,81574,64909,100846,82877.8712624264
Software Engineer (Frontend),Hyderabad,247692,203944,394212,299078.5839677667
Software Engineer,Hyderabad,112663,84689,140099,112394.50120099388
Network Engineer,Ahmedabad,86545,86258,87352,86805.9588353149
Machine Learning Engineer,Visakhapatnam,79500,74046,89837,81942.15162285036
AI Engineer,Pune,72599,21680,120565,71123.26267622545
Software Engineer (Backend),Mysore,255124,172528,302400,237464.40441929654
Data Scientist,Bangalore,161499,144128,191608,167868.44383038438
Full Stack Developer,Chandigarh,74647,66722,115462,91092.51480035365
DevOps Engineer,Coimbatore,71370,1478,3059,2268.5
AI Engineer,Bangalore,49582,38500,68603,53552.00851293089
Cloud Engineer,Hyderabad,40743,36664,46540,41602.13809962504
Junior Developer,Trivandrum,230359,203124,269379,236251.98565027473
Data Scientist,Bangalore,150034,106089,214828,160458.85364741166
Software Engineer,Chennai,105602,72289,147888,110089.23664095913
Software Engineer (Backend),Lucknow,75648,60390,90905,75647.5
Software Engineer (Frontend),Hyderabad,44858,32965,85843,59404.92866145674
AI Engineer,Bangalore,42524,36944,45596,41270.41581251568
Software Engineer (Backend),Bangalore,380405,296537,416653,356595.80081837275
Cloud Engineer,Bangalore,216690,200434,240080,220257.4916943927
Software Engineer (Frontend),Hyderabad,23200,14047,30250,22148.5
Full Stack Developer,Mumbai,303732,201920,437907,319913.9789203941
AI Engineer,Jaipur,850624,220862,995855,608358.9354055518
Software Engineer (Frontend),Bangalore,39016,37133,40897,39015.0
Software Engineer (Frontend),Surat,26875,22394,31356,26875.0
Full Stack Developer,Bangalore,113025,91185,159486,125336.30061158523
Software Engineer,Bangalore,469425,349558,502520,426039.26813743624
Software Engineer,Chennai,148180,86557,213899,150228.21741553154
Full Stack Developer,Hyderabad,959089,746662,1083163,914913.1879782176
Site Reliability Engineer,Mumbai,220234,157574,250323,203948.75488691143
Machine Learning Engineer,Mumbai,217686,187634,240567,214100.68935593974
Principal Engineer,Ahmedabad,4232,3809,4653,4160.190131624076
Full Stack Developer,Bangalore,115327,72742,166731,119737.05802933994
Software Engineer (Backend),Chennai,313317,294852,375065,334958.7883369253
Software Engineer,Goa,31053,24903,42626,33765.20588491211
Software Engineer,Gurgaon,219923,165634,326676,246155.68077033054
Cloud Engineer,Mysore,199640,177104,222483,199794.24514676683
Android Developer,Trivandrum,4440,4128,4752,4440.337440590049
Software Engineer,Noida,53070,29263,74553,51908.59761460782
Software Engineer,Gurgaon,7628,6101,9388,7744.904516707751
Software Engineer (Frontend),Hyderabad,12806,9651,15962,12806.5
Machine Learning Engineer,Delhi,159817,129672,190230,159951.4073564525
Full Stack Developer,Noida,137810,107036,199006,153021.43074623344
Site Reliability Engineer,Bangalore,774278,710591,1013364,861977.8982925237
Data Scientist,Bangalore,36275,30743,38262,34503.26007466554
Full Stack Developer,Bangalore,429538,185929,678289,432109.28324365075
Blockchain Developer,Hyderabad,13650,10838,20345,15592.260017495155
AI Engineer,Surat,95349,59014,124944,91979.53982752953
Software Engineer (Backend),Mysore,153517,109807,194358,152083.3927272827
Software Engineer,Hyderabad,20630,19204,23739,21471.857553930568
Machine Learning Engineer,Bangalore,179837,148017,210487,179252.44506236416
Software Engineer,Nagpur,85905,74062,90827,82444.81403426375
Machine Learning Engineer,Chandigarh,197737,178956,225914,202435.64837208702
Machine Learning Engineer,Bangalore,134441,121467,148071,134769.77636233004
Robotics Engineer,Noida,150724,142314,167232,154773.76969213237
Information Security Engineer,Hyderabad,158968,109583,211015,160299.27117583615
Full Stack Developer,Surat,262213,155108,390671,272890.27607165
DevOps Engineer,Bangalore,890357,774939,1165041,969990.1132458218
Software Engineer,Bangalore,632515,511330,677092,594211.6036523764
Software Engineer,Bangalore,628735,606375,590442,598408.6444595172
Machine Learning Engineer,Hyderabad,196965,163623,235908,199766.18749227776
Cloud Engineer,Indore,64874,58432,75648,67040.94500467149
Software Engineer,Bangalore,35000,31394,34633,33014.3617758113
Software Engineer (Frontend),Coimbatore,198368,135891,260844,198367.5
Full Stack Developer,Kolkata,77287,52394,90784,71589.28312351997
Senior Software Engineer,Chennai,475604,400846,616585,508716.1755349029
Software Engineer (Backend),Chennai,165810,121397,258066,189731.64498565314
Full Stack Developer,Bangalore,526071,384735,911654,648194.917940088
AI Engineer,Bangalore,17235,10800,26784,18792.82506499928
Data Engineer,Hyderabad,266790,141662,389516,265589.9467784508
Full Stack Developer,Chennai,58389,40041,81732,60886.682060148756
Technical Writer,Bangalore,126151,113661,138639,125948.16670104465
Software Engineer,Pune,197654,189879,226869,208374.6967032012
Software Engineer,Chandigarh,6117,4318,9065,6691.968870561281
Embedded Systems Engineer,Mumbai,31136,29968,64677,47323.140295404424
Data Scientist,Bangalore,1166709,877297,1289957,1083627.2588791759
AI Engineer,Bangalore,11443,8831,12711,10771.968802510095
AI Engineer,Bangalore,476952,220179,752998,486588.84759148385
Software Engineer,Trivandrum,44035,36292,56414,46353.54856293091
Software Engineer (Backend),Surat,413926,357772,576025,466898.8551094547
Data Scientist,Lucknow,111069,82029,142299,112164.5089787356
Software Engineer,Bangalore,582931,538775,687936,613356.2169145572
Data Scientist,Hyderabad,176980,140540,193585,167063.29282249144
AI Engineer,Nagpur,46142,36965,56101,46533.572494696586
AI Engineer,Hyderabad,649634,256021,1006565,631293.1005825348
Software Engineer (Frontend),Mumbai,105534,89549,122380,105964.95915281687
Software Engineer (Frontend),Lucknow,5853,3010,9581,6295.6859698615335
Full Stack Developer,Bangalore,542642,420814,942741,681777.554122256
Network Engineer,Indore,4940,4370,6781,5575.786913368343
Data Scientist,Visakhapatnam,277619,243276,368113,305695.08672443236
AI Engineer,Delhi,30138,18414,40085,29250.3790795819
Full Stack Developer,Goa,90269,78708,96822,87765.14820351607
Data Scientist,Goa,192533,94859,314981,204920.92343976354
Software Engineer,Jaipur,324917,263141,377811,320476.6803973454
Full Stack Developer,Hyderabad,30093,17044,43048,30046.883048163436
Software Engineer (Backend),Indore,21281,19415,33753,26584.85535215571
AI Engineer,Surat,45672,37570,50728,44149.75595779286
Full Stack Developer,Noida,146896,116932,176846,146889.61610248874
Software Engineer (Frontend),Mysore,3466,3042,4288,3665.8113735884663
Machine Learning Engineer,Kolkata,216315,174308,258477,216393.09762752723
Full Stack Developer,Surat,780656,585785,1197094,891440.0301934306
Computer Vision Engineer,Pune,175346,103749,265933,184841.54135071085
Robotics Engineer,Hyderabad,86732,77862,91919,84890.80831065265
Software Engineer,Ahmedabad,41530,34257,52944,43601.09853828157
Full Stack Developer,Bangalore,229653,131458,356586,244022.36760603273
Software Engineer,Bangalore,65025,60067,72343,66205.60224636362
Software Engineer (Backend),Bangalore,90160,65037,75942,70490.30888756656
Data Scientist,Kolkata,201680,89946,331485,210715.9085896538
Full Stack Developer,Bangalore,26115,22238,32140,27189.28100026784
AR/VR Engineer,Chennai,125307,121576,129038,125307.0
UI/UX Designer,Indore,181662,153349,204004,178676.91313704674
Software Engineer,Hyderabad,532333,496150,528371,512260.9532924291
Full Stack Developer,Nagpur,39314,25252,57982,41617.397319887525
Software Engineer,Bangalore,155610,130281,199327,164804.30668378487
Software Engineer (Frontend),Bangalore,919980,602769,1141343,872056.35371008
Robotics Engineer,Hyderabad,103875,89359,120581,104970.64874410993
Software Engineer,Trivandrum,44343,43896,48623,46259.79400860128
Software Engineer,Mumbai,47358,47595,50662,49129.02472241098
Senior Software Engineer,Delhi,213662,166243,277581,221912.6723051123
Software Engineer,Goa,50648,49400,50884,50142.89350434044
Data Scientist,Hyderabad,36990,45493,39847,42670.16576237334
Full Stack Developer,Hyderabad,62758,37075,109697,73386.58788686547
Software Engineer,Pune,124337,84837,171634,128235.95654998804
Software Engineer (Frontend),Mysore,42242,22487,122468,72477.66821510333
AI Engineer,Mumbai,656018,481005,909338,695172.2389979814
Software Engineer,Pune,46578,42181,50674,46428.161328348506
Software Engineer (Backend),Indore,156710,80243,233177,156710.0
Junior Developer,Bangalore,268648,250777,292283,271530.8316780178
Software Engineer (Frontend),Mumbai,145427,116925,177352,147138.8870389815
Software Engineer,Mumbai,178224,168724,184394,176559.44793637237
AI Engineer,Bhubaneswar,16478,14522,18859,16690.890886854326
Full Stack Developer,Pune,169893,112389,238641,175515.23179170245
Database Administrator,Mumbai,238221,191606,279001,235304.1283782082
Software Engineer (Backend),Coimbatore,18093,17950,20929,19440.096319094344
AI Engineer,Bangalore,65638,38660,98053,68356.90618930785
Full Stack Developer,Coimbatore,59353,37384,88249,62817.228246316125
Data Scientist,Nagpur,1108464,578558,1643993,1111275.9118093888
Software Engineer,Ahmedabad,73469,70401,75425,72913.62864759206
Software Engineer (Frontend),Indore,63488,72551,80996,76774.31570149006
AI Engineer,Gurgaon,28161,15056,34341,24699.086220342255
Machine Learning Engineer,Bangalore,205836,177287,240202,208744.9531108337
Data Scientist,Bangalore,18182,7734,32340,20037.876664902775
NLP Engineer,Delhi,32028,25440,38615,30335.353826031806
Software Engineer,Hyderabad,138682,80527,193921,137224.75361057505
Software Engineer,Jaipur,110512,88767,140868,114817.920989223
AI Engineer,Jaipur,192874,171288,235274,203281.29433093523
Full Stack Developer,Mumbai,233574,200988,261268,231128.25850059924
Full Stack Developer,Chandigarh,110412,69924,163004,116464.4608589542
AI Engineer,Gurgaon,246168,147828,392382,270105.8806612264
AI Engineer,Bangalore,415892,313858,491074,402466.2499036795
Site Reliability Engineer,Bangalore,1488386,1126805,1743010,1434908.1247210705
DevOps Engineer,Bangalore,377842,311822,424835,368329.1612936895
Software Engineer,Jaipur,16219,16990,16572,16781.40283270552
AI Engineer,Hyderabad,202217,159020,244067,201543.91435173975
Site Reliability Engineer,Bangalore,39736,33924,33677,33800.984219538994
Software Engineer (Frontend),Bangalore,636355,426658,868745,647701.5
Principal Engineer,Goa,238073,207266,335656,271461.69422814774
Junior Developer,Goa,231307,205311,247570,226440.8604748703
Android Developer,Gurgaon,122659,90920,151890,121405.42338239319
Full Stack Developer,Bangalore,270638,314682,287004,300843.4041955171
Game Developer,Mumbai,53009,38684,71093,54889.303987359526
Robotics Engineer,Chandigarh,120141,109589,143668,126629.19920127511
Software Engineer,Hyderabad,9206,7982,9461,8722.04633181553
Data Scientist,Bhubaneswar,124451,74354,176653,125503.6452182339
Cloud Engineer,Nagpur,314613,286100,358766,322433.5402393279
Data Scientist,Bhubaneswar,152364,79929,189784,134856.9079124072
Software Engineer,Coimbatore,55545,50229,56471,53350.657703728444
Data Scientist,Pune,25882,15863,37614,26739.01756798434
Software Engineer (Frontend),Hyderabad,42700,38941,54044,46492.5
Full Stack Developer,Surat,1639371,1347431,2129312,1738372.0944889463
Software Engineer,Bangalore,71902,53392,90269,71830.77842542931
Full Stack Developer,Bangalore,374799,269411,463149,366280.86112884094
Full Stack Developer,Mumbai,8253,6480,9460,7970.499750908975
Software Engineer (Frontend),Surat,59409,55163,71019,63091.20841566792
Software Engineer (Backend),Bangalore,1664716,1295019,2064162,1679590.689326619
Software Engineer,Hyderabad,38232,35401,37700,36550.78501245408
Android Developer,Hyderabad,58414,55261,61565,58413.95983977054
Machine Learning Engineer,Mumbai,206053,195295,245242,220269.184413973
AI Engineer,Ahmedabad,76572,58594,123281,90938.0340199203
Software Engineer (Frontend),Jaipur,28119,17560,38443,28002.116204442205
Machine Learning Engineer,Chandigarh,73708,66973,85515,76244.87835171525
Data Scientist,Bangalore,285959,199949,343006,271478.05684312095
Game Developer,Nagpur,32403,25476,38534,32005.411174137334
Software Engineer,Mumbai,233252,196839,279282,238060.88641765784
Site Reliability Engineer,Bangalore,2258,1383,2598,1991.2107597064633
Software Engineer (Frontend),Noida,129475,108795,154212,131503.9603738245
Full Stack Developer,Kochi,35707,27874,40069,33972.40203741942
Machine Learning Engineer,Noida,114992,104841,132304,118573.06679921882
Software Engineer (Frontend),Bhubaneswar,63300,38115,101826,69971.06043769009
Software Engineer (Frontend),Gurgaon,36390,28528,34643,31586.014051925886
Data Scientist,Pune,26666,21727,34062,27894.972395759374
Machine Learning Engineer,Lucknow,218085,199658,255761,227709.79082417174
Data Scientist,Hyderabad,99989,87142,122645,104894.40441910902
Software Engineer (Backend),Visakhapatnam,35652,35906,29962,32934.66996462947
System Administrator,Goa,83910,80772,120161,100466.9206779823
Software Engineer (Frontend),Hyderabad,148172,157329,142544,149936.71528387052
Technical Architect,Hyderabad,116942,105865,141990,123928.04619719344
Machine Learning Engineer,Hyderabad,108016,93958,120491,107224.87664291803
Software Engineer (Frontend),Bangalore,168407,117747,166042,141894.9091142824
Full Stack Developer,Bangalore,1373794,1046139,1688365,1367252.524713526
Senior Software Engineer,Hyderabad,15903,12858,18580,15719.719019986065
Full Stack Developer,Bangalore,272922,224778,361705,293242.18266435154
Software Engineer,Mumbai,116058,104574,128553,116563.96486596935
Machine Learning Engineer,Mumbai,208434,182702,230575,206638.7863585397
Software Engineer,Mysore,71289,49187,92300,70744.08270700101
Full Stack Developer,Delhi,20342,10845,32546,21696.15984633482
Computer Vision Engineer,Mumbai,373051,328283,537398,432841.3725574501
Machine Learning Engineer,Gurgaon,195347,163683,218694,191188.72918987786
Software Engineer (Backend),Hyderabad,483937,22200,25371,23785.890210947295
Android Developer,Indore,951150,604038,1005192,804615.8505530194
Technical Architect,Indore,15879,9306,23571,16438.632939717616
AI Engineer,Nagpur,56607,36394,72980,54687.39099674314
Machine Learning Engineer,Pune,170477,158771,194863,176817.50677197138
Full Stack Developer,Chandigarh,241311,205818,280761,243289.949587316
Data Scientist,Bhubaneswar,46380,51927,45811,48869.56964181748
Cloud Engineer,Bangalore,49632,43054,56098,49576.070037144804
Software Engineer (Frontend),Bangalore,65164,76519,67249,71884.36614977296
Full Stack Developer,Mumbai,29124,631330,1227514,929422.4012657105
Software Engineer (Frontend),Trivandrum,244138,217455,309107,263281.0
Product Manager,Bangalore,185708,149454,206081,177768.11431019873
AI Engineer,Surat,936888,705657,1309522,1007590.0300516442
Data Scientist,Kolkata,15139,13661,18491,16076.371441590254
Software Engineer,Visakhapatnam,27651,8940,10104,9522.848221056032
Software Engineer,Bangalore,547044,461744,655769,558757.197875817
AI Engineer,Lucknow,179134,34713,244991,139852.1809693249
Software Engineer,Mumbai,398123,364258,411090,387674.37861837377
AI Engineer,Goa,244395,229274,288409,258842.1172755005
Data Scientist,Delhi,1085530,960694,1301463,1131079.1834640626
Machine Learning Engineer,Gurgaon,216434,181374,233980,207677.3032883898
Software Engineer (Backend),Noida,6680,6427,7191,6809.459514809638
QA Engineer,Hyderabad,229669,171043,304867,237955.818797815
UI/UX Designer,Bangalore,281287,238452,333298,285875.5420326688
AI Engineer,Visakhapatnam,59707,50940,71223,61081.614938160244
AI Engineer,Mumbai,3073267,24387,195838,110113.10657469268
AI Engineer,Pune,32275,15196,47993,31594.874314711684
Software Engineer (Frontend),Gurgaon,49512,34625,58889,46757.623857274564
Software Engineer (Backend),Mumbai,114527,90458,119230,104844.4840896214
Full Stack Developer,Hyderabad,301342,237371,352612,294991.6810064016
Research Scientist,Bhubaneswar,509422,351731,615649,483690.8344989482
Software Engineer,Surat,38830,26835,56473,41654.32828867159
Data Scientist,Chandigarh,640611,314421,1011693,663057.489307192
QA Engineer,Bangalore,578,541,648,595.1779331283109
Machine Learning Engineer,Jaipur,196631,162372,222824,192598.26352317585
Software Engineer (Frontend),Mumbai,16165,9486,20077,14782.07838004113
Full Stack Developer,Mumbai,325684,228092,457154,342623.76411297335
Senior Software Engineer,Indore,31424,18100,43771,30936.24097581581
Machine Learning Engineer,Mumbai,139654,113100,154789,133944.94338981336
Robotics Engineer,Hyderabad,67539,58114,73153,65634.096644452
Full Stack Developer,Noida,370510,226681,520405,373543.54856924596
Machine Learning Engineer,Bangalore,202736,189267,234528,211898.06197065054
AI Engineer,Ahmedabad,44929,32469,49990,41230.32781784468
Junior Developer,Visakhapatnam,167518,140206,194495,167350.68519208732
Software Engineer,Hyderabad,22064,21184,22407,21795.746929085108
Software Engineer (Frontend),Mumbai,62545,30781,100287,65534.415226824814
Software Engineer,Goa,46140,39055,52210,45633.08544455226
Full Stack Developer,Hyderabad,40243,24803,57235,41019.50704985454
Android Developer,Ahmedabad,44041,26292,61790,44041.041275444615
Software Engineer,Pune,127852,89510,150533,120021.8388040725
Machine Learning Engineer,Bangalore,152775,137413,182786,160100.24199079056
Machine Learning Engineer,Jaipur,131567,113816,151882,132849.24767231438
AI Engineer,Bangalore,621909,491779,693777,592778.3597490841
Data Scientist,Hyderabad,23766,21945,25745,23845.356287039904
Machine Learning Engineer,Bangalore,83582,71868,92910,82389.82097831418
Technical Writer,Mysore,23429,15085,31772,17088.342870105545
Data Scientist,Trivandrum,673367,376414,900965,638690.1492670698
DevOps Engineer,Kolkata,227482,266875,378465,322670.25519041275
Full Stack Developer,Bangalore,77913,59319,112103,85711.65680972725
Data Engineer,Bangalore,55512,47800,60816,54308.28832161625
Data Scientist,Bangalore,282679,251555,358733,305144.4231632422
Full Stack Developer,Hyderabad,242858,198641,316545,257593.4719248918
Data Scientist,Jaipur,160310,111068,226611,168839.59135318367
Cybersecurity Analyst,Noida,142212,87126,91990,89558.85989619319
AI Engineer,Bhubaneswar,162693,131285,200412,165848.99053816072
Machine Learning Engineer,Chennai,73482,64996,83937,74467.00290879924
Full Stack Developer,Nagpur,24194,14221,40556,27388.878317115305
Machine Learning Engineer,Goa,198671,174858,233632,204245.22982473427
Computer Vision Engineer,Surat,599178,436121,738024,587072.909258076
Software Engineer (Backend),Hyderabad,3748,2338,5140,3739.302261208638
Machine Learning Engineer,Bangalore,176217,144669,194185,169427.68042668968
Technical Architect,Visakhapatnam,3722,2878,4565,3721.5
Software Engineer (Backend),Ahmedabad,128879,107898,149276,128587.3990071541
Android Developer,Hyderabad,65579,55409,75749,65579.19580609795
Machine Learning Engineer,Goa,154991,132395,170799,151597.42906460995
Information Security Engineer,Mumbai,761555,374427,1178173,776300.2317925789
Senior Software Engineer,Visakhapatnam,13032,5354,32188,18771.85863229975
Software Engineer,Mumbai,37868,29016,50628,39822.46088116788
DevOps Engineer,Hyderabad,122152,331209,338688,334949.0977553773
AI Engineer,Visakhapatnam,140452,129299,169566,149432.91833519028
Data Scientist,Bangalore,22297,18023,24157,21090.823398645756
Technical Architect,Chandigarh,86706,72631,92107,82369.52377294857
Information Security Engineer,Bangalore,1104680,893051,1505375,1199213.5305896536
AR/VR Engineer,Bangalore,21719,15115,31609,23362.573996776082
Full Stack Developer,Chandigarh,337732,236976,507267,372122.39073223236
Software Engineer (Frontend),Bangalore,177860,71127,211458,141292.8961618023
Software Engineer (Frontend),Chennai,60196,40612,68318,54465.682022172725
Data Scientist,Nagpur,33737,26501,39217,32859.53643675084
Software Engineer (Frontend),Bangalore,83696,44248,135345,89797.19079178873
Blockchain Developer,Gurgaon,117088,77564,153473,115518.90799874463
AI Engineer,Hyderabad,413982,100581,984735,542658.5649502818
Machine Learning Engineer,Ahmedabad,91179,82826,100779,91803.0866359123
iOS Developer,Mumbai,143121,87261,237227,162244.19795147097
Software Engineer (Backend),Bangalore,109155,74507,117243,95875.0
Software Engineer,Hyderabad,39727,25558,49234,37396.388929695306
Software Engineer (Backend),Hyderabad,176069,126792,231176,178984.44803509477
Software Engineer,Nagpur,96417,90345,101241,95793.35675371197
AI Engineer,Kolkata,84101,78523,90410,84466.84142440732
Machine Learning Engineer,Mumbai,113615,91795,129051,110423.4852977673
AI Engineer,Ahmedabad,55751,37442,69988,53715.450899587195
Machine Learning Engineer,Mumbai,124736,104666,141911,123288.91374386195
Software Engineer,Chennai,131193,103071,159912,131491.9131097554
AI Engineer,Bangalore,84588,19753,57138,38445.81462102908
Game Developer,Kolkata,667551,515990,1075421,795705.8510408706
Machine Learning Engineer,Chandigarh,164503,148977,190312,169644.79377181648
Software Engineer,Hyderabad,112287,67282,155125,111203.98376293511
Software Engineer (Frontend),Bangalore,399248,335779,472355,404067.47498036997
Software Engineer (Frontend),Bangalore,347251,196227,348453,272340.1521347268
Data Scientist,Goa,98574,80408,105937,93173.00457753848
Android Developer,Bangalore,146478,140048,152907,146477.77222296363
Machine Learning Engineer,Mysore,104473,89105,110572,99839.0132525918
Software Engineer (Backend),Kolkata,20266,20979,18385,19682.520711243455
AI Engineer,Pune,164858,134078,181791,157934.76914006704
Software Engineer (Frontend),Delhi,98018,92240,128167,110204.25790456569
Software Engineer,Bangalore,594196,488935,696903,592919.5448590056
Technical Writer,Kochi,79441,61637,85609,69430.47382074124
Full Stack Developer,Noida,11396,7158,15911,11534.741085635005
Computer Vision Engineer,Hyderabad,33497,101429,160399,130914.34435791818
Machine Learning Engineer,Bangalore,209396,195255,238664,216960.31288285257
AI Engineer,Mumbai,60176,44994,78179,61586.91016087243
Data Scientist,Nagpur,566337,484410,653318,568864.3346630808
Data Scientist,Hyderabad,601215,497479,742745,620112.7712851595
Database Administrator,Bangalore,154964,145940,175334,160637.5126454528
Machine Learning Engineer,Ahmedabad,145328,121869,161539,141704.72485629353
Software Engineer (Frontend),Mysore,210102,129607,290596,210101.5
AI Engineer,Hyderabad,66069,45818,88424,67121.48772481328
Software Engineer,Delhi,6695,4095,8359,6227.850213188828
Software Engineer (Frontend),Bangalore,1691040,1414489,1922380,1668435.0253143343
Machine Learning Engineer,Bangalore,178836,166637,195476,181056.8981066289
Principal Engineer,Kochi,133410,71827,245192,158510.12799429506
Software Engineer,Mumbai,156625,137090,159721,148405.98196025554
Software Engineer,Mumbai,39999,30636,49193,39914.7920654481
Software Engineer,Bangalore,520591,505343,616231,560787.5292306236
Software Engineer (Frontend),Nagpur,118773,73644,138223,105934.13017971833
Machine Learning Engineer,Mumbai,96005,86373,102006,94189.97492343612
Software Engineer,Visakhapatnam,204612,204868,215445,210156.9580069148
Machine Learning Engineer,Nagpur,154289,143045,183334,163190.42010568606
Software Engineer,Hyderabad,77375,66500,84660,75580.41689838821
Data Engineer,Bangalore,170009,74545,255879,165212.39705331213
Data Scientist,Mumbai,119344,106433,132297,119365.81002245416
Software Engineer (Backend),Hyderabad,88645,43345,138151,90748.55406983173
Machine Learning Engineer,Hyderabad,139918,117741,167315,142528.3153756656
Software Engineer (Frontend),Hyderabad,3918,4524,4488,4506.534766607185
Machine Learning Engineer,Goa,203874,180166,226040,203103.50105806987
Software Engineer (Backend),Hyderabad,492310,398059,613987,506023.68062984
AI Engineer,Delhi,11200,7279,15534,11406.975061713345
Software Engineer,Mysore,392701,315223,632190,473707.01979107416
Software Engineer,Surat,36128,35393,38554,36974.11868271142
Research Scientist,Mysore,440971,404464,468352,436408.92923663586
Data Scientist,Bhubaneswar,1042245,945419,1220038,1082729.2581816525
Software Engineer (Frontend),Coimbatore,90655,74373,88828,81600.74913937438
Software Engineer,Bangalore,168142,162376,164847,163612.3328698248
AI Engineer,Lucknow,27058,16765,38867,27816.09545115034
Software Engineer (Frontend),Pune,583819,503252,559570,531411.8645999082
AI Engineer,Bangalore,335931,293097,346793,319945.59382153454
Machine Learning Engineer,Indore,214945,180908,250604,215756.797197363
Full Stack Developer,Hyderabad,200145,179577,241389,210483.79681115883
AI Engineer,Bangalore,463416,130773,588595,359684.27116943424
AI Engineer,Bangalore,433715,343431,513825,428628.4405344003
Software Engineer (Backend),Mumbai,75026,60041,96058,78049.5
Software Engineer (Frontend),Kolkata,289975,241073,379043,310058.0
Software Engineer,Lucknow,169712,139793,190880,165336.8050375264
Software Engineer (Backend),Hyderabad,202084,191756,243184,217470.03358208155
Software Engineer (Backend),Pune,8769,7949,9588,8768.5
Full Stack Developer,Bangalore,529415,411027,717429,564228.8981888723
Data Scientist,Visakhapatnam,158695,103188,194909,149048.9676889368
Full Stack Developer,Hyderabad,40913,22872,66901,44887.21040589118
Full Stack Developer,Pune,16608,12738,21068,16903.378979841473
AI Engineer,Kochi,247076,182294,394595,288444.97875203396
Software Engineer,Bangalore,244045,181746,280136,230941.50363319338
Technical Architect,Kochi,448554,421201,475907,448554.0
Software Engineer (Backend),Kolkata,9595,237283,249704,243493.86888057474
Software Engineer (Frontend),Mumbai,155189,132661,145610,139136.4031149876
AI Engineer,Mysore,30691,273446,375691,324569.4441638328
Machine Learning Engineer,Bangalore,109340,88822,122138,105480.61825951692
Junior Developer,Mumbai,237825,204912,263531,234222.28090356995
UI/UX Designer,Bangalore,201874,187525,236954,212240.18605592812
Software Engineer (Backend),Hyderabad,348204,239161,639858,439510.39650319074
Embedded Systems Engineer,Indore,58863,45399,51345,48372.53278761997
Software Engineer (Backend),Hyderabad,47681,44601,50759,47680.0
Cybersecurity Analyst,Ahmedabad,164067,648549,758409,703479.571329355
Database Administrator,Bangalore,185857,160192,213332,186762.4395879975
Machine Learning Engineer,Bangalore,122556,104228,139202,121715.36017476585
Data Scientist,Trivandrum,244750,176571,332250,254411.2110404955
Software Engineer (Frontend),Goa,222471,177568,327132,252350.64690265938
Machine Learning Engineer,Indore,112614,95415,125817,110616.56119176035
Software Engineer (Frontend),Pune,204407,196914,211898,204406.0
Full Stack Developer,Coimbatore,1104039,903418,1487954,1195686.3622525798
NLP Engineer,Chandigarh,453437,336080,501086,418583.4996632165
UI/UX Designer,Kochi,197516,180158,212227,196192.76008466858
Machine Learning Engineer,Bangalore,197357,158368,221316,189842.6011364541
AI Engineer,Bangalore,372319,202779,599410,401095.1722637279
QA Engineer,Kochi,8991,8834,9480,9157.54542242478
Software Engineer (Backend),Bhubaneswar,134523,165137,181352,173245.28708647875
AI Engineer,Mumbai,150619,26363,225011,125687.43143234374
Full Stack Developer,Chandigarh,161859,87576,244342,165959.88477797183
Full Stack Developer,Bangalore,12066,5086,19744,12415.5184975798
Software Engineer (Backend),Bangalore,97049,51646,142450,97048.0
AI Engineer,Kolkata,15473,12669,20304,16486.79005154125
Software Engineer (Frontend),Hyderabad,108224,99497,131627,115562.4188046123
QA Engineer,Coimbatore,126228,104584,146151,125367.86301713475
AI Engineer,Mumbai,173248,151619,212846,182233.45840356732
AI Engineer,Bangalore,643630,513527,794362,653944.8717235562
Junior Developer,Lucknow,81715,74810,94926,84868.57506385865
Data Scientist,Bangalore,233764,201999,297076,249537.80738244043
Data Scientist,Ahmedabad,578490,536537,723270,629903.9261430006
AI Engineer,Pune,392124,344378,450378,397378.6887575339
Software Engineer,Noida,82551,74255,95618,84936.91414664916
Technical Architect,Bangalore,853008,730480,1118648,924564.5197515313
Software Engineer (Frontend),Mumbai,510825,459482,574291,516886.5
Android Developer,Jaipur,19127,11589,26982,19286.182263121347
Software Engineer,Trivandrum,27743,22170,32118,27144.52656099358
Product Manager,Hyderabad,93389,81175,103923,92549.78170946563
Software Engineer,Hyderabad,62077,46262,75071,60667.020571355606
Data Scientist,Mysore,452357,414740,506952,460846.42821177526
Machine Learning Engineer,Kolkata,143822,122460,171187,146823.80959866833
Software Engineer,Bangalore,73236,57353,89693,73523.66437285084
Software Engineer (Frontend),Kolkata,480311,400302,560319,480310.5
Software Engineer (Frontend),Indore,12463,20632,7732,14182.4
Software Engineer,Ahmedabad,100490,55439,140505,97972.50053922237
Software Engineer (Frontend),Mysore,18962,17438,25706,21572.28319796454
Software Engineer,Bhubaneswar,134431,112776,170690,141733.4580035826
Technical Architect,Bangalore,417244,321424,451791,386607.5
Principal Engineer,Visakhapatnam,187935,149847,249337,215424.51121705098
Machine Learning Engineer,Bangalore,79580,72884,87387,80135.88401451443
Network Engineer,Bangalore,307233,268567,326839,297703.51258514705
iOS Developer,Mumbai,90678,44759,144150,94455.17191816989
Senior Software Engineer,Bangalore,292989,118837,734432,426635.04993296275
Cybersecurity Analyst,Bangalore,1085627,800877,1329181,1065029.1385280527
Machine Learning Engineer,Mumbai,95973,89435,111207,100321.16747287972
Software Engineer,Nagpur,142404,132677,154563,143620.77189013793
Android Developer,Bangalore,2500830,2095654,2306999,2201326.7611509403
Data Scientist,Hyderabad,107830,82518,147487,115003.30278948003
Software Engineer (Frontend),Nagpur,332196,323595,440527,382061.7175806827
Technical Architect,Mumbai,605648,546358,664936,605647.0
Machine Learning Engineer,Bangalore,74563,70105,80499,75302.93894594509
Full Stack Developer,Coimbatore,51234,46510,64602,55556.516561789686
Machine Learning Engineer,Delhi,181180,159309,205066,182187.7853416187
Software Engineer,Lucknow,186685,170642,178838,174740.36815117986
Research Scientist,Mumbai,170744,150381,172861,161621.56554307978
Software Engineer,Visakhapatnam,34480,24788,41453,33121.043801612905
Data Scientist,Jaipur,30537,26148,36942,31545.05022251025
AI Engineer,Goa,318193,248925,382356,315641.094539035
Computer Vision Engineer,Bangalore,77967,54674,105693,80184.13332560944
Software Engineer,Kolkata,82818,74724,96879,85801.84766538482
Data Scientist,Bangalore,11210,7747,13834,10790.549213817943
Full Stack Developer,Bangalore,113228,97632,127946,112789.54394075907
Machine Learning Engineer,Chandigarh,155927,128034,165860,146947.8530507701
Software Engineer (Backend),Coimbatore,863706,778398,866314,822356.328971921
Software Engineer,Hyderabad,31498,27501,39075,33288.74341624499
Software Engineer,Jaipur,157581,142531,207186,174858.68583132367
Software Engineer,Hyderabad,142264,126920,142548,134734.26161233368
Lead Data Scientist,Bangalore,328222,303034,373561,338297.96057053877
Data Scientist,Bangalore,103681,80798,127666,104232.40595131426
Software Engineer (Frontend),Bangalore,76733,59267,109874,84570.5
Mobile Developer,Bangalore,24476,22042,26244,24143.387611124814
Software Engineer,Mumbai,21534,16794,28527,22660.5948970764
Full Stack Developer,Hyderabad,327572,177982,532300,355141.21617452026
Full Stack Developer,Indore,6150,3883,9265,6574.472790889994
Software Engineer,Bangalore,485034,418053,508537,463295.5506492668
Lead Data Scientist,Bangalore,372224,281780,479782,380781.4540582369
Software Engineer (Backend),Delhi,20369,19589,21148,20368.5
Data Scientist,Bangalore,2069062,1599096,2419258,2009177.5414835277
Software Engineer (Backend),Surat,120227,61079,179374,120226.5
Software Engineer,Mumbai,32326,32155,34403,33279.61282850714
Principal Engineer,Mumbai,1164763,989705,1339821,1290617.2497575784
Software Engineer,Bangalore,518355,432365,613286,522825.5586522191
Data Scientist,Hyderabad,324129,148577,548537,348557.5088267346
Software Engineer,Bangalore,209353,160377,256196,208287.26544754236
Research Scientist,Kolkata,79856,39322,114178,76750.40154974369
Data Scientist,Mumbai,44698,30851,59786,45319.1322640262
Full Stack Developer,Mumbai,19054,9945,27397,18671.36305495053
Software Engineer,Hyderabad,64503,62538,65269,63904.15925191928
Software Engineer (Frontend),Bangalore,15522,9912,21131,15521.5
Software Engineer,Nagpur,61102,56745,59835,58290.561759348355
Software Engineer,Bangalore,567626,469917,683714,576815.7668214417
Software Engineer,Bangalore,363588,337172,375258,356215.74079099786
Machine Learning Engineer,Bangalore,99443,92109,107100,99604.91806467768
Software Engineer,Hyderabad,58350,31435,81081,56258.432473430046
Software Engineer (Frontend),Mumbai,67972,53669,93252,73460.5
Full Stack Developer,Bangalore,45302,33402,54384,43893.40632812939
Site Reliability Engineer,Kochi,345465,186447,546356,366402.1543801601
Software Engineer (Frontend),Trivandrum,98358,93859,102857,98358.0
Software Engineer (Backend),Bangalore,896670,849027,1246595,1047811.0130868526
Software Engineer (Frontend),Delhi,16423,11517,21152,16335.143187327321
AI Engineer,Gurgaon,56442,52604,67260,59932.819791653994
Software Engineer,Mumbai,64214,38677,88750,63714.15756299923
Machine Learning Engineer,Indore,154778,131376,171499,151438.2127804155
Data Scientist,Mumbai,187142,174043,206491,190267.15577570803
AI Engineer,Jaipur,22671,14410,30483,22446.728966135644
Software Engineer (Frontend),Bangalore,29222,23125,30413,26769.469716657786
Data Scientist,Hyderabad,334501,191573,568722,380147.8769154761
Software Engineer,Kochi,1571304,1252271,1905554,1578913.0476506674
Software Engineer,Hyderabad,682179,441069,926196,683633.0372604864
Software Engineer (Backend),Bangalore,821612,629082,900106,764594.5189998222
Data Scientist,Delhi,55530,42303,62705,52504.40410067184
Software Engineer (Backend),Hyderabad,149427,131648,196373,164011.01266702832
AI Engineer,Mumbai,296402,255573,307579,281576.3418480536
Data Scientist,Ahmedabad,400190,326350,437899,382124.58598642575
Software Engineer,Hyderabad,520823,425871,602662,514266.5487442043
AI Engineer,Bangalore,734634,681436,921649,801543.1830918932
Game Developer,Coimbatore,22968,21324,28759,25041.753667462326
Software Engineer (Frontend),Bangalore,278785,203733,329789,266761.55590776575
AI Engineer,Hyderabad,288806,203447,393844,298645.680074627
Machine Learning Engineer,Kochi,186507,154642,221185,187913.73080339062
Cybersecurity Analyst,Chandigarh,179890,41284,130119,85702.2584807605
AI Engineer,Bangalore,687818,387847,1163069,775458.4735658083
Machine Learning Engineer,Bangalore,94542,88755,110346,99550.7484634011
Data Scientist,Mumbai,54578,45455,60530,52993.01197748679
AI Engineer,Lucknow,290294,89357,471740,280549.26014929195
Software Engineer,Gurgaon,161219,157863,159862,158863.1452484943
Software Engineer (Frontend),Nagpur,267600,217389,284360,250874.75421534327
Software Engineer,Mumbai,355539,274252,423044,348648.5566825543
Data Scientist,Nagpur,127092,112343,137953,125148.39733463958
Data Scientist,Mysore,44521,34426,53465,43945.882185421215
AI Engineer,Mumbai,237061,166882,345421,256151.84542994903
Data Scientist,Surat,22694,13041,28847,20944.432614178226
DevOps Engineer,Delhi,222619,33215,63793,48504.0
Full Stack Developer,Bangalore,65003,36483,88588,62535.81383804485
Data Scientist,Hyderabad,9144,7455,10789,9122.49472803478
Product Manager,Gurgaon,55941,46704,63648,55176.3723630619
Software Engineer,Kolkata,1656,1627,1757,1692.4248837502446
Full Stack Developer,Hyderabad,8854,121952,148343,135148.21915758742
Data Engineer,Mysore,157915,125620,200405,163013.07543212344
Software Engineer (Backend),Bangalore,115654,108755,122552,115653.5
Data Scientist,Bangalore,123425,66416,201957,134186.94809212585
Software Engineer,Visakhapatnam,101520,63449,153723,108586.56117114252
Software Engineer (Frontend),Hyderabad,30042,28985,26169,27577.165534467105
Software Engineer,Chennai,9607,5326,14160,9743.689640735116
AI Engineer,Bangalore,51909,47045,58518,52781.962382078025
Software Engineer,Bangalore,477841,447046,460957,454002.1475011675
Software Engineer (Backend),Bangalore,18899,16828,24746,20787.201169582077
Data Engineer,Hyderabad,106823,69152,136957,103055.22779841526
AI Engineer,Bhubaneswar,407660,117778,383766,250772.42619851383
AI Engineer,Delhi,258073,176414,317087,246750.78760203105
UI/UX Designer,Mysore,77143,68862,87314,78088.73480275905
Product Manager,Gurgaon,229257,203682,258599,231141.11128573865
Data Scientist,Hyderabad,929959,599456,1209973,904715.0949772797
Software Engineer (Backend),Mumbai,9638,8370,10984,9677.0
Software Engineer,Mumbai,68143,48144,90477,69311.06528895481
Software Engineer (Backend),Hyderabad,55490,56831,55865,56348.26138442296
Principal Engineer,Chandigarh,64495,36148,92841,64494.96773406774
Machine Learning Engineer,Chandigarh,92935,77224,108770,92997.69992884088
Technical Writer,Bangalore,424914,349268,507320,428294.45938583114
Software Engineer (Backend),Hyderabad,6754,3482,10025,6753.5
AI Engineer,Bangalore,82651,39864,124968,82416.2560589351
Data Scientist,Chennai,4754,3595,5167,4381.636953477757
Software Engineer,Ahmedabad,9603,7055,11066,9061.23799417512
AI Engineer,Delhi,11557,6698,20325,13511.680416044597
AI Engineer,Hyderabad,4656596,668683,5754964,3211824.432587583
Software Engineer,Goa,584584,509408,833534,671471.3088466278
Machine Learning Engineer,Indore,224804,196874,236458,216666.6564490572
Full Stack Developer,Nagpur,37874,31863,46418,39141.022503230844
Technical Architect,Mysore,4619,3044,5031,4038.275799207287
Data Scientist,Visakhapatnam,345193,163699,535575,349637.67148521985
AI Engineer,Visakhapatnam,65296,56021,69397,62709.686873939565
Software Engineer,Bangalore,31426,577945,651851,614898.5897140917
Machine Learning Engineer,Lucknow,198365,170981,228525,199753.69714202837
Software Engineer (Frontend),Bhubaneswar,16942,11923,17678,14800.949084935839
Machine Learning Engineer,Bangalore,219182,187475,260080,223777.92479163664
Software Engineer (Backend),Indore,104120,55682,152557,104119.5
Research Scientist,Bhubaneswar,41226,32897,47068,39983.247946642994
Software Engineer,Mumbai,60289,46414,72529,59471.8921675427
Machine Learning Engineer,Visakhapatnam,162148,133745,185979,159862.60953764545
Software Engineer (Backend),Bhubaneswar,96436,103480,121919,112699.84703016358
Principal Engineer,Chandigarh,649987,487324,888448,687886.5516986756
Software Engineer,Bangalore,431761,400946,529982,465464.547639973
Software Engineer,Bangalore,978,777,1118,947.962497005409
Data Scientist,Gurgaon,88097,51435,133886,92660.84500620057
Technical Architect,Bangalore,39815,40618,53897,47258.02129536147
AI Engineer,Bangalore,293962,201247,350708,275977.96527293976
Full Stack Developer,Bhubaneswar,165515,101049,232087,166568.28529449055
Machine Learning Engineer,Visakhapatnam,216737,173506,233368,203437.48353765992
Software Engineer (Frontend),Pune,88717,73652,93712,83682.742519501
Software Engineer,Mysore,385255,292870,550308,421589.23719116836
Data Scientist,Mumbai,35304,26776,47082,36929.23880340536
Full Stack Developer,Hyderabad,103733,57939,169167,113553.47201683305
AI Engineer,Nagpur,483245,251441,674435,462938.24727957405
AI Engineer,Bhubaneswar,368369,271295,405985,338640.608552854
AI Engineer,Surat,510426,345884,750586,548235.4523762355
AI Engineer,Chennai,204438,197154,241618,219386.75186475465
Data Engineer,Delhi,40510,23132,62306,42719.663595869075
Software Engineer,Hyderabad,63717,50185,76630,63407.81631874533
Software Engineer,Bangalore,145395,127326,147922,137624.53491065
Software Engineer,Bangalore,611054,576849,687770,632310.1968319776
