Job Title,Location,Salary,Min_Salary,Max_Salary,Avg_Salary
Cloud Engineer,Hyderabad,110397,99584,184039,141811.5
Game Developer,Bhubaneswar,160549,116519,239456,177987.5
DevOps Engineer,Mumbai,117241,101545,180174,140859.5
Site Reliability Engineer,Bangalore,193765,182988,366115,274551.5
Technical Architect,Chandigarh,326331,186631,380463,283547.0
Android Developer,Pune,97457,67998,137744,102871.0
Data Scientist,Hyderabad,172205,107817,226282,167049.5
Android Developer,Delhi,150641,90498,171225,130861.5
DevOps Engineer,Chennai,60549,52454,97851,75152.5
Software Engineer (Backend),Jaipur,125274,83464,155066,119265.0
iOS Developer,Hyderabad,188684,98593,182351,140472.0
Machine Learning Engineer,Jaipur,129357,86144,182339,134241.5
Cybersecurity Analyst,Chennai,176381,83867,167658,125762.5
Data Scientist,Coimbatore,166803,85540,195405,140472.5
Data Engineer,Delhi,236658,145521,271313,208417.0
Mobile Developer,Kolkata,99042,50482,100183,75332.5
Cloud Engineer,Pune,220765,124091,237950,181020.5
Cloud Engineer,Goa,234213,151507,283801,217654.0
Research Scientist,Bangalore,158864,154942,287309,221125.5
Software Engineer,Hyderabad,310849,205768,402216,303992.0
Cloud Engineer,Pune,337944,204049,359546,281797.5
iOS Developer,Pune,173154,170905,321871,246388.0
Software Engineer (Backend),Delhi,106068,59839,109388,84613.5
Robotics Engineer,Pune,203176,103131,214910,159020.5
Software Engineer,Pune,271431,180476,339208,259842.0
Software Engineer (Backend),Kolkata,152816,104622,185496,145059.0
DevOps Engineer,Chennai,129001,71281,135789,103535.0
Data Scientist,Chennai,120320,110058,230601,170329.5
AI Engineer,Pune,359847,231592,503199,367395.5
Software Engineer,Bangalore,253664,249049,460865,354957.0
UI/UX Designer,Mysore,140619,102935,227713,165324.0
Software Engineer (Backend),Kolkata,138344,83412,155903,119657.5
Cloud Engineer,Pune,154989,84335,158435,121385.0
Full Stack Developer,Chennai,110146,64165,120240,92202.5
DevOps Engineer,Delhi,101120,67648,118660,93154.0
Full Stack Developer,Hyderabad,404371,304662,568894,436778.0
Full Stack Developer,Chennai,115684,76513,153082,114797.5
System Administrator,Mumbai,157227,151558,293195,222376.5
Software Engineer (Backend),Hyderabad,188303,127098,225792,176445.0
Cybersecurity Analyst,Nagpur,95422,54222,102239,78230.5
Research Scientist,Mumbai,184953,169790,346912,258351.0
Machine Learning Engineer,Pune,421852,218739,448708,333723.5
Lead Data Scientist,Pune,267342,224989,435466,330227.5
Cybersecurity Analyst,Kolkata,222278,123699,240889,182294.0
Data Scientist,Hyderabad,214530,93692,212461,153076.5
Senior Software Engineer,Lucknow,159296,113688,202279,157983.5
Software Engineer (Frontend),Bangalore,174058,112981,184722,148851.5
Data Scientist,Hyderabad,326734,164626,342579,253602.5
Cybersecurity Analyst,Mumbai,119022,64104,125165,94634.5
Machine Learning Engineer,Chennai,90725,57508,129415,93461.5
Computer Vision Engineer,Mumbai,147050,120360,264185,192272.5
Data Scientist,Chennai,171972,141703,298198,219950.5
Product Manager,Trivandrum,209923,178219,378214,278216.5
AR/VR Engineer,Nagpur,140662,118758,234291,176524.5
Cloud Engineer,Hyderabad,108923,90869,176692,133780.5
Software Engineer,Goa,119256,105208,195874,150541.0
Computer Vision Engineer,Lucknow,83442,69854,145899,107876.5
Cybersecurity Analyst,Indore,132399,110165,213967,162066.0
Software Engineer,Bangalore,514966,275676,484805,380240.5
Machine Learning Engineer,Chennai,256172,125074,273341,199207.5
DevOps Engineer,Bangalore,191569,161179,282811,221995.0
Android Developer,Delhi,149509,114178,224875,169526.5
Machine Learning Engineer,Goa,78910,61875,130982,96428.5
Software Engineer (Backend),Noida,80270,51498,100728,76113.0
Cloud Engineer,Bangalore,144254,96067,186308,141187.5
UI/UX Designer,Ahmedabad,57098,52891,114160,83525.5
Research Scientist,Kochi,274578,155650,309502,232576.0
Machine Learning Engineer,Pune,124930,67481,139542,103511.5
Principal Engineer,Hyderabad,218395,170816,341677,256246.5
Site Reliability Engineer,Pune,154910,110125,227454,168789.5
Technical Architect,Coimbatore,529594,342216,668366,505291.0
Software Engineer (Backend),Kochi,94858,61973,114566,88269.5
Blockchain Developer,Lucknow,145158,95143,184493,139818.0
Software Engineer (Backend),Mumbai,456694,272648,501771,387209.5
Software Engineer (Frontend),Mumbai,158620,140811,253494,197152.5
Software Engineer,Delhi,80758,62851,124463,93657.0
DevOps Engineer,Pune,111348,102764,214554,158659.0
Data Scientist,Pune,270676,159483,329498,244490.5
Cloud Engineer,Mumbai,261543,198605,356242,277423.5
DevOps Engineer,Lucknow,42728,38200,74070,56135.0
System Administrator,Hyderabad,118287,72926,139400,106163.0
Cloud Engineer,Delhi,137050,90420,170744,130582.0
Cloud Engineer,Pune,169634,136097,251780,193938.5
Data Scientist,Chandigarh,149001,68989,156683,112836.0
System Administrator,Gurgaon,250769,141756,288289,215022.5
AR/VR Engineer,Mumbai,398293,227304,491202,359253.0
Data Scientist,Bangalore,178898,132344,291412,211878.0
Full Stack Developer,Hyderabad,264763,172110,300840,236475.0
Machine Learning Engineer,Bangalore,285113,126653,278213,202433.0
Technical Architect,Visakhapatnam,146849,87362,176011,131686.5
Cloud Engineer,Noida,320389,185867,348762,267314.5
Information Security Engineer,Trivandrum,100489,62962,121313,92137.5
Data Engineer,Bangalore,118858,84495,155102,119798.5
Network Engineer,Pune,218445,183948,359379,271663.5
Senior Software Engineer,Mumbai,337832,285752,520111,402931.5
Lead Data Scientist,Hyderabad,394444,269092,487725,378408.5
Cloud Engineer,Chennai,240825,147955,290781,219368.0
Network Engineer,Hyderabad,165097,91363,181154,136258.5
Cloud Engineer,Hyderabad,245090,170587,333752,252169.5
Database Administrator,Visakhapatnam,261595,121991,252787,187389.0
Blockchain Developer,Chandigarh,341992,189276,371986,280631.0
Machine Learning Engineer,Mysore,129554,105999,220071,163035.0
Database Administrator,Bangalore,115398,104509,209793,157151.0
Cybersecurity Analyst,Ahmedabad,92439,78190,148711,113450.5
Software Engineer (Backend),Bangalore,292773,214750,366594,290672.0
Technical Writer,Bangalore,130747,103122,225980,164551.0
UI/UX Designer,Chennai,202005,161605,376479,269042.0
Cloud Engineer,Bangalore,317355,235109,442794,338951.5
Full Stack Developer,Gurgaon,147353,101889,204228,153058.5
Principal Engineer,Delhi,219637,179927,353152,266539.5
Cloud Engineer,Chennai,97357,90947,163184,127065.5
Cloud Engineer,Surat,155414,128935,230228,179581.5
Mobile Developer,Bangalore,259357,146207,301462,223834.5
Senior Software Engineer,Visakhapatnam,135943,88338,152932,120635.0
DevOps Engineer,Delhi,169178,130531,243969,187250.0
AI Engineer,Goa,191053,110973,236842,173907.5
DevOps Engineer,Mumbai,294767,176750,364862,270806.0
Data Engineer,Lucknow,147166,88233,175723,131978.0
NLP Engineer,Pune,309851,205722,399024,302373.0
Robotics Engineer,Hyderabad,270793,167028,348006,257517.0
Full Stack Developer,Gurgaon,136063,88019,177942,132980.5
Mobile Developer,Pune,142748,83936,157193,120564.5
Data Scientist,Pune,177593,116129,258024,187076.5
Cloud Engineer,Visakhapatnam,127956,68979,136538,102758.5
Data Engineer,Mumbai,312232,185665,363168,274416.5
UI/UX Designer,Pune,160264,95638,206907,151272.5
Technical Writer,Mumbai,93639,58511,113713,86112.0
NLP Engineer,Pune,139012,122648,226860,174754.0
Software Engineer (Frontend),Coimbatore,102617,70220,126053,98136.5
Software Engineer (Frontend),Visakhapatnam,94035,67604,122530,95067.0
QA Engineer,Chennai,112398,60017,117290,88653.5
AI Engineer,Hyderabad,174523,104978,205409,155193.5
Machine Learning Engineer,Delhi,83825,54413,116237,85325.0
UI/UX Designer,Pune,164608,139680,302723,221201.5
DevOps Engineer,Bangalore,175127,145499,272897,209198.0
AI Engineer,Mysore,116564,109881,223353,166617.0
Full Stack Developer,Chennai,129217,125309,243312,184310.5
Embedded Systems Engineer,Chennai,225366,148839,309329,229084.0
Software Engineer (Backend),Goa,157478,98701,178678,138689.5
Machine Learning Engineer,Bangalore,260321,111269,249356,180312.5
iOS Developer,Bangalore,285847,189769,367714,278741.5
Machine Learning Engineer,Hyderabad,250073,231180,503304,367242.0
Android Developer,Jaipur,117844,72383,136214,104298.5
Senior Software Engineer,Bangalore,250255,207177,395941,301559.0
Mobile Developer,Trivandrum,65669,58341,120972,89656.5
AI Engineer,Delhi,170639,135778,270090,202934.0
UI/UX Designer,Hyderabad,319403,186389,379230,282809.5
Software Engineer (Frontend),Delhi,403552,236483,456310,346396.5
Software Engineer,Goa,96674,55953,108911,82432.0
Database Administrator,Gurgaon,129594,105632,211832,158732.0
Database Administrator,Mumbai,143360,88019,184077,136048.0
Junior Developer,Chennai,113181,78837,135771,107304.0
Junior Developer,Bhubaneswar,134274,82407,136005,109206.0
DevOps Engineer,Mumbai,109826,82755,147976,115365.5
DevOps Engineer,Nagpur,185287,116296,205509,160902.5
Database Administrator,Hyderabad,202211,113667,221311,167489.0
System Administrator,Mysore,64895,45855,94240,70047.5
Full Stack Developer,Chennai,126307,97437,167558,132497.5
Technical Writer,Pune,140592,71714,154965,113339.5
Network Engineer,Bangalore,187619,134704,256625,195664.5
Software Engineer,Hyderabad,183157,144359,267764,206061.5
Data Scientist,Hyderabad,238907,175813,375232,275522.5
Software Engineer,Jaipur,98893,72112,127668,99890.0
Android Developer,Nagpur,173471,101451,187027,144239.0
Software Engineer (Backend),Delhi,131540,90616,161225,125920.5
Software Engineer (Backend),Pune,242588,156980,301292,229136.0
Software Engineer (Frontend),Mumbai,328926,228160,402264,315212.0
Software Engineer (Backend),Pune,129189,95198,185774,140486.0
Research Scientist,Delhi,371097,255774,504148,379961.0
Cybersecurity Analyst,Gurgaon,137151,71211,137286,104248.5
Software Engineer (Backend),Chennai,81598,58508,101716,80112.0
Technical Architect,Noida,459077,339214,666916,503065.0
AI Engineer,Hyderabad,209888,163389,360705,262047.0
Senior Software Engineer,Gurgaon,346966,281065,479677,380371.0
DevOps Engineer,Delhi,141554,115272,208809,162040.5
Machine Learning Engineer,Delhi,250041,159828,329642,244735.0
Site Reliability Engineer,Delhi,73465,69790,147926,108858.0
Junior Developer,Chennai,154695,95543,174967,135255.0
Software Engineer (Frontend),Visakhapatnam,174021,118856,224649,171752.5
Software Engineer (Frontend),Pune,199046,123768,237805,180786.5
Machine Learning Engineer,Chennai,367357,219720,424943,322331.5
AR/VR Engineer,Hyderabad,139339,82036,164430,123233.0
DevOps Engineer,Bangalore,138912,76042,143231,109636.5
Software Engineer (Frontend),Kochi,85971,53719,99690,76704.5
DevOps Engineer,Hyderabad,270633,164886,318790,241838.0
Network Engineer,Kolkata,200248,117305,243294,180299.5
Software Engineer (Backend),Bangalore,77420,76631,136949,106790.0
Cloud Engineer,Hyderabad,153025,91035,178358,134696.5
Machine Learning Engineer,Bhubaneswar,149625,103851,209868,156859.5
AI Engineer,Bhubaneswar,125123,103941,222102,163021.5
Database Administrator,Mumbai,137559,126775,244770,185772.5
Machine Learning Engineer,Mumbai,319013,203159,412628,307893.5
UI/UX Designer,Visakhapatnam,119143,93073,190432,141752.5
Blockchain Developer,Gurgaon,222758,202897,398745,300821.0
Full Stack Developer,Chandigarh,94350,75341,134432,104886.5
Embedded Systems Engineer,Hyderabad,268476,129288,278438,203863.0
Robotics Engineer,Delhi,105308,86252,175626,130939.0
Senior Software Engineer,Bangalore,549948,393028,698442,545735.0
DevOps Engineer,Hyderabad,192854,143210,267301,205255.5
AR/VR Engineer,Mysore,183911,133032,262461,197746.5
Cloud Engineer,Delhi,110102,86534,160572,123553.0
Software Engineer,Noida,178802,112789,210301,161545.0
Site Reliability Engineer,Mumbai,353819,218163,439878,329020.5
System Administrator,Delhi,160775,98838,189936,144387.0
Cybersecurity Analyst,Bangalore,139111,94552,197803,146177.5
AI Engineer,Pune,296565,167814,336756,252285.0
Full Stack Developer,Bangalore,231036,211592,391855,301723.5
Software Engineer (Frontend),Bangalore,184773,155173,264660,209916.5
AI Engineer,Kochi,188789,116337,242658,179497.5
Software Engineer,Hyderabad,288938,181997,346746,264371.5
AI Engineer,Bangalore,332515,218498,481453,349975.5
Blockchain Developer,Kolkata,145549,126377,247834,187105.5
DevOps Engineer,Trivandrum,112840,101569,194207,147888.0
Site Reliability Engineer,Trivandrum,411899,258394,522833,390613.5
Software Engineer (Frontend),Mumbai,142704,137618,236341,186979.5
Embedded Systems Engineer,Mumbai,91432,62887,139483,101185.0
Software Engineer,Bangalore,309679,209848,419229,314538.5
Machine Learning Engineer,Jaipur,139798,103067,207859,155463.0
NLP Engineer,Mumbai,309953,221436,406132,313784.0
Machine Learning Engineer,Trivandrum,346158,220889,464077,342483.0
Machine Learning Engineer,Gurgaon,213021,114463,247840,181151.5
Data Engineer,Hyderabad,195079,155544,294940,225242.0
Product Manager,Hyderabad,212760,97398,218456,157927.0
Cloud Engineer,Indore,47424,41268,80990,61129.0
Senior Software Engineer,Chennai,117241,99258,179319,139288.5
Data Scientist,Mysore,232011,129993,273153,201573.0
Cybersecurity Analyst,Pune,275741,140039,277324,208681.5
Cloud Engineer,Hyderabad,175328,104502,205731,155116.5
Information Security Engineer,Hyderabad,128149,101802,208584,155193.0
Software Engineer (Frontend),Bangalore,128069,97866,174936,136401.0
Computer Vision Engineer,Delhi,410813,245322,526654,385988.0
AI Engineer,Bhubaneswar,109162,57769,115812,86790.5
Technical Architect,Bhubaneswar,333495,181472,379153,280312.5
Machine Learning Engineer,Nagpur,180945,116443,236990,176716.5
Full Stack Developer,Chennai,217341,170546,322186,246366.0
Cloud Engineer,Chennai,124938,74475,138425,106450.0
Robotics Engineer,Pune,189634,116908,236633,176770.5
Cybersecurity Analyst,Bhubaneswar,87343,58828,108529,83678.5
AI Engineer,Mumbai,317756,162373,342275,252324.0
Junior Developer,Pune,122099,108539,192494,150516.5
Software Engineer,Delhi,218509,142747,291563,217155.0
Cloud Engineer,Hyderabad,169344,144680,261521,203100.5
Cybersecurity Analyst,Gurgaon,172259,109157,218379,163768.0
Data Scientist,Delhi,96076,82735,167623,125179.0
System Administrator,Nagpur,173721,111495,226101,168798.0
Cybersecurity Analyst,Chennai,118258,61923,121175,91549.0
Network Engineer,Lucknow,68453,54644,109217,81930.5
Blockchain Developer,Gurgaon,306864,207190,428360,317775.0
DevOps Engineer,Bangalore,366398,202662,399138,300900.0
Machine Learning Engineer,Delhi,170317,96048,199923,147985.5
Product Manager,Lucknow,197672,106230,224092,165161.0
Software Engineer (Frontend),Gurgaon,79963,70327,116574,93450.5
AR/VR Engineer,Nagpur,221216,133533,265835,199684.0
Machine Learning Engineer,Mumbai,237890,115054,236491,175772.5
Robotics Engineer,Bangalore,208615,112721,236728,174724.5
Software Engineer,Ahmedabad,174792,114847,227292,171069.5
Technical Architect,Bangalore,257632,178705,383090,280897.5
Software Engineer (Backend),Pune,253772,153314,293829,223571.5
AI Engineer,Gurgaon,524734,278727,564730,421728.5
Technical Architect,Bangalore,263226,229184,432123,330653.5
Cloud Engineer,Hyderabad,210750,111860,221470,166665.0
Software Engineer (Backend),Mumbai,234692,148125,275529,211827.0
Cloud Engineer,Nagpur,221716,130467,257773,194120.0
Software Engineer (Backend),Mumbai,143753,112340,186377,149358.5
Machine Learning Engineer,Surat,106495,89683,189483,139583.0
Site Reliability Engineer,Surat,138543,87355,176409,131882.0
Full Stack Developer,Noida,125694,72929,138810,105869.5
Machine Learning Engineer,Chandigarh,264344,121686,270022,195854.0
Site Reliability Engineer,Chennai,112590,88225,177644,132934.5
Cybersecurity Analyst,Chennai,140958,121654,233716,177685.0
NLP Engineer,Pune,116113,92495,180622,136558.5
Software Engineer (Frontend),Delhi,161267,153026,279760,216393.0
Software Engineer (Backend),Bangalore,342544,227483,423827,325655.0
Site Reliability Engineer,Bangalore,272877,149412,299784,224598.0
NLP Engineer,Hyderabad,352952,264043,503417,383730.0
System Administrator,Pune,109018,60941,128802,94871.5
System Administrator,Mysore,82278,52881,104128,78504.5
Cloud Engineer,Gurgaon,99253,69574,136718,103146.0
Software Engineer (Backend),Pune,230704,132191,260171,196181.0
Technical Architect,Chennai,318903,215938,445668,330803.0
Game Developer,Chennai,181867,168291,328597,248444.0
Lead Data Scientist,Ahmedabad,232130,139180,253310,196245.0
DevOps Engineer,Delhi,300284,191258,363748,277503.0
AI Engineer,Delhi,602408,277790,589469,433629.5
NLP Engineer,Indore,217544,142291,280211,211251.0
Network Engineer,Bangalore,134648,93292,190399,141845.5
Data Scientist,Chennai,142935,116940,254017,185478.5
Cybersecurity Analyst,Chennai,67658,48638,101375,75006.5
DevOps Engineer,Coimbatore,98967,70887,127277,99082.0
QA Engineer,Delhi,105815,86753,168618,127685.5
Senior Software Engineer,Coimbatore,145400,145181,262063,203622.0
Database Administrator,Delhi,122158,83611,176505,130058.0
Software Engineer (Backend),Delhi,110625,72288,129586,100937.0
DevOps Engineer,Mumbai,233908,125594,256402,190998.0
Junior Developer,Ahmedabad,93594,92946,155730,124338.0
Software Engineer (Backend),Chennai,145346,102220,193235,147727.5
Robotics Engineer,Chennai,263054,204609,437688,321148.5
Cybersecurity Analyst,Delhi,119047,71065,140966,106015.5
Cybersecurity Analyst,Pune,189755,167236,317308,242272.0
Data Scientist,Bangalore,145972,104328,224945,164636.5
Software Engineer,Chennai,97415,89528,172693,131110.5
Software Engineer (Frontend),Mumbai,116069,101435,180074,140754.5
Blockchain Developer,Pune,346759,187677,357281,272479.0
Cybersecurity Analyst,Mumbai,268041,250780,468826,359803.0
System Administrator,Pune,156018,102045,211765,156905.0
NLP Engineer,Hyderabad,191531,148757,287349,218053.0
AI Engineer,Bangalore,401631,225070,478631,351850.5
Software Engineer,Indore,248397,141238,264052,202645.0
Machine Learning Engineer,Delhi,278524,169370,369138,269254.0
Full Stack Developer,Mumbai,271866,157564,279650,218607.0
UI/UX Designer,Surat,151782,113978,241357,177667.5
Software Engineer,Mumbai,178365,87107,174637,130872.0
Software Engineer (Backend),Delhi,199429,124206,222908,173557.0
Software Engineer,Mumbai,359179,233975,455484,344729.5
Product Manager,Visakhapatnam,118729,83854,182004,132929.0
Embedded Systems Engineer,Nagpur,88001,79929,178295,129112.0
Software Engineer (Backend),Noida,122749,70918,140677,105797.5
Senior Software Engineer,Ahmedabad,85768,65424,121167,93295.5
Software Engineer (Backend),Pune,220882,142575,235790,189182.5
Software Engineer (Frontend),Hyderabad,125908,112410,186900,149655.0
Software Engineer (Frontend),Pune,295940,147856,278528,213192.0
Machine Learning Engineer,Mumbai,269170,151229,298144,224686.5
Cybersecurity Analyst,Pune,244823,143928,269754,206841.0
Embedded Systems Engineer,Pune,237569,173397,349913,261655.0
Software Engineer (Frontend),Hyderabad,99607,99599,169278,134438.5
Cybersecurity Analyst,Kochi,87089,48573,94006,71289.5
DevOps Engineer,Mumbai,142446,79375,147085,113230.0
Network Engineer,Surat,118562,78384,167736,123060.0
DevOps Engineer,Lucknow,187453,156938,279857,218397.5
Data Scientist,Chandigarh,190665,163009,339632,251320.5
AI Engineer,Bangalore,135337,134945,285130,210037.5
QA Engineer,Chennai,166947,104905,218459,161682.0
Senior Software Engineer,Trivandrum,178291,162183,304825,233504.0
Data Engineer,Chennai,165613,121466,221104,171285.0
Full Stack Developer,Bhubaneswar,159305,115099,224179,169639.0
Data Scientist,Jaipur,77055,47561,101977,74769.0
DevOps Engineer,Kochi,69835,59519,111775,85647.0
Full Stack Developer,Mumbai,148112,138143,263041,200592.0
Software Engineer,Coimbatore,152817,110952,207211,159081.5
Mobile Developer,Chandigarh,95596,82530,152908,117719.0
Cloud Engineer,Bangalore,156533,149088,275060,212074.0
Lead Data Scientist,Chandigarh,299247,241403,485231,363317.0
Cybersecurity Analyst,Hyderabad,99418,75565,140255,107910.0
Android Developer,Delhi,133999,98256,189630,143943.0
Robotics Engineer,Chandigarh,268816,177736,378926,278331.0
Cloud Engineer,Hyderabad,344692,206044,369739,287891.5
Data Engineer,Pune,223366,164671,307294,235982.5
Full Stack Developer,Delhi,277225,160943,285283,223113.0
Full Stack Developer,Delhi,255987,137599,249471,193535.0
Machine Learning Engineer,Mumbai,442621,228582,438485,333533.5
Principal Engineer,Mumbai,434341,266419,486147,376283.0
Lead Data Scientist,Bangalore,285105,148530,299711,224120.5
DevOps Engineer,Gurgaon,245153,157186,280123,218654.5
Cloud Engineer,Indore,152696,88413,168280,128346.5
Data Scientist,Mumbai,124790,83711,177468,130589.5
System Administrator,Jaipur,98045,63740,124834,94287.0
System Administrator,Hyderabad,199012,109471,217335,163403.0
Cybersecurity Analyst,Chandigarh,139434,78320,156269,117294.5
Data Scientist,Mumbai,197745,152126,329294,240710.0
AI Engineer,Indore,354826,188253,394432,291342.5
Cloud Engineer,Mumbai,240199,197471,359303,278387.0
Senior Software Engineer,Mumbai,458453,287671,516356,402013.5
DevOps Engineer,Chennai,241632,146668,284252,215460.0
DevOps Engineer,Pune,143323,118420,209992,164206.0
Software Engineer (Backend),Nagpur,214305,141139,265732,203435.5
AI Engineer,Pune,339851,287413,604964,446188.5
Full Stack Developer,Pune,297090,221192,424530,322861.0
Principal Engineer,Chandigarh,166218,109185,208012,158598.5
Database Administrator,Noida,203237,150484,308005,229244.5
Embedded Systems Engineer,Mumbai,278948,138171,286281,212226.0
Software Engineer (Frontend),Chandigarh,236842,155550,271778,213664.0
Database Administrator,Bangalore,107103,78181,160513,119347.0
UI/UX Designer,Delhi,92423,81235,180346,130790.5
Software Engineer (Backend),Kolkata,88783,66362,118499,92430.5
Software Engineer (Backend),Surat,137325,100729,169394,135061.5
Cloud Engineer,Noida,294691,196466,370521,283493.5
Cloud Engineer,Bangalore,258848,173467,326437,249952.0
DevOps Engineer,Noida,220292,175042,326278,250660.0
Principal Engineer,Delhi,244744,213703,410242,311972.5
Computer Vision Engineer,Delhi,208181,203574,405365,304469.5
Cybersecurity Analyst,Pune,125695,109395,205034,157214.5
Software Engineer,Delhi,120715,97261,193834,145547.5
Cybersecurity Analyst,Hyderabad,110740,84659,181011,132835.0
Software Engineer (Backend),Hyderabad,296228,242056,480873,361464.5
Senior Software Engineer,Pune,173631,104784,193490,149137.0
Information Security Engineer,Chennai,170253,116100,213942,165021.0
Robotics Engineer,Bangalore,163938,115703,233974,174838.5
Lead Data Scientist,Mysore,145713,113003,223674,168338.5
Game Developer,Nagpur,260498,134769,274020,204394.5
DevOps Engineer,Hyderabad,346362,173521,336659,255090.0
Database Administrator,Bangalore,128157,77637,172923,125280.0
Cybersecurity Analyst,Hyderabad,257141,178131,331539,254835.0
Cloud Engineer,Hyderabad,230336,181917,365424,273670.5
UI/UX Designer,Kochi,134991,64824,148563,106693.5
Technical Writer,Ahmedabad,108219,73129,162954,118041.5
Machine Learning Engineer,Ahmedabad,259367,169273,338012,253642.5
Full Stack Developer,Delhi,92293,75989,145569,110779.0
Machine Learning Engineer,Coimbatore,201597,111790,223296,167543.0
Cloud Engineer,Bangalore,382236,198130,388017,293073.5
AI Engineer,Gurgaon,337724,236164,489110,362637.0
DevOps Engineer,Chennai,152954,92324,172918,132621.0
Junior Developer,Pune,72161,48666,84364,66515.0
AI Engineer,Chennai,113210,98235,200594,149414.5
Software Engineer,Hyderabad,102286,86831,164155,125493.0
AI Engineer,Pune,182855,126799,275061,200930.0
Senior Software Engineer,Hyderabad,137204,98208,178017,138112.5
Software Engineer,Chennai,214810,135055,251305,193180.0
Information Security Engineer,Chennai,97142,59978,120939,90458.5
Machine Learning Engineer,Hyderabad,247826,143427,296245,219836.0
Full Stack Developer,Bhubaneswar,135161,82552,153996,118274.0
Software Engineer (Backend),Pune,184444,146877,266773,206825.0
Full Stack Developer,Bangalore,204489,147700,287452,217576.0
Full Stack Developer,Chennai,122565,87872,162987,125429.5
AI Engineer,Mumbai,362471,182634,394964,288799.0
Software Engineer (Frontend),Bangalore,87113,81987,137996,109991.5
Data Scientist,Noida,170837,134367,264028,199197.5
Mobile Developer,Delhi,317582,175159,339290,257224.5
Cybersecurity Analyst,Noida,227530,139312,276233,207772.5
Cloud Engineer,Chennai,143365,90802,177777,134289.5
Software Engineer,Hyderabad,267196,162528,308681,235604.5
Full Stack Developer,Mumbai,250757,209714,380101,294907.5
Cybersecurity Analyst,Mumbai,183300,108361,214915,161638.0
Data Engineer,Noida,213014,152211,297421,224816.0
Machine Learning Engineer,Nagpur,177498,121463,269325,195394.0
Embedded Systems Engineer,Chennai,208801,125326,243545,184435.5
Data Scientist,Lucknow,157389,119677,255905,187791.0
Software Engineer (Backend),Mumbai,147030,139679,242881,191280.0
Full Stack Developer,Pune,164941,90824,157999,124411.5
Junior Developer,Noida,214411,119391,207538,163464.5
AR/VR Engineer,Chennai,231307,120933,251840,186386.5
NLP Engineer,Mumbai,299636,171391,336349,253870.0
Full Stack Developer,Mumbai,159483,119725,223527,171626.0
Game Developer,Bangalore,112939,99300,195950,147625.0
Lead Data Scientist,Delhi,342612,261388,512770,387079.0
Software Engineer,Mumbai,285438,186565,345336,265950.5
Software Engineer (Frontend),Pune,101683,92529,175794,134161.5
Data Scientist,Hyderabad,414610,179121,388452,283786.5
Mobile Developer,Mumbai,166898,151197,290419,220808.0
Machine Learning Engineer,Nagpur,96522,78928,169132,124030.0
UI/UX Designer,Hyderabad,185654,171708,386440,279074.0
Software Engineer (Frontend),Hyderabad,218782,131208,242366,186787.0
Robotics Engineer,Indore,126723,103055,215096,159075.5
AI Engineer,Delhi,395023,215662,459231,337446.5
Full Stack Developer,Ahmedabad,181518,129589,231502,180545.5
Technical Architect,Delhi,260508,184768,394979,289873.5
Game Developer,Bangalore,538642,252362,527655,390008.5
Blockchain Developer,Chennai,129509,95571,168519,132045.0
DevOps Engineer,Delhi,233481,147768,267695,207731.5
AI Engineer,Bangalore,520611,347788,719000,533394.0
Information Security Engineer,Gurgaon,143157,129611,244128,186869.5
Game Developer,Delhi,163040,99944,214655,157299.5
AI Engineer,Bangalore,304750,229419,475269,352344.0
Research Scientist,Bangalore,187119,156037,287814,221925.5
Cybersecurity Analyst,Trivandrum,98625,77808,150884,114346.0
Software Engineer (Frontend),Mysore,79435,79103,137469,108286.0
Product Manager,Pune,151229,105774,229448,167611.0
Technical Writer,Chennai,234184,163716,370943,267329.5
System Administrator,Chennai,175257,92330,184336,138333.0
AR/VR Engineer,Bangalore,177323,150822,305488,228155.0
Site Reliability Engineer,Hyderabad,398250,238234,467568,352901.0
Machine Learning Engineer,Pune,228029,156307,338809,247558.0
Software Engineer,Mumbai,180101,103959,194829,149394.0
Software Engineer,Pune,141310,99268,191417,145342.5
Software Engineer,Hyderabad,243169,189543,361347,275445.0
Software Engineer (Backend),Mumbai,375405,236334,395398,315866.0
Cloud Engineer,Gurgaon,318327,202992,383678,293335.0
AI Engineer,Ahmedabad,188283,93211,196811,145011.0
Android Developer,Mumbai,156742,136842,243898,190370.0
Machine Learning Engineer,Hyderabad,163215,128983,255706,192344.5
Full Stack Developer,Pune,192495,102110,195389,148749.5
Software Engineer,Chennai,135520,84402,173519,128960.5
Cybersecurity Analyst,Bangalore,234851,131206,254590,192898.0
Computer Vision Engineer,Mumbai,204583,119932,233466,176699.0
Research Scientist,Chennai,232551,203563,370200,286881.5
Software Engineer,Mumbai,192327,169865,315069,242467.0
Full Stack Developer,Pune,64854,62441,115895,89168.0
Software Engineer,Chennai,95331,51462,105344,78403.0
Computer Vision Engineer,Chennai,160389,149143,296034,222588.5
Full Stack Developer,Pune,236472,190505,359170,274837.5
Data Engineer,Hyderabad,94037,73458,146433,109945.5
Software Engineer (Frontend),Goa,105101,77425,138021,107723.0
Database Administrator,Bangalore,277088,118334,253708,186021.0
Cloud Engineer,Bangalore,173084,113222,217809,165515.5
Technical Architect,Pune,340277,271914,603570,437742.0
Software Engineer (Frontend),Pune,99683,95928,179251,137589.5
AI Engineer,Bangalore,211434,107275,218603,162939.0
Software Engineer (Frontend),Trivandrum,182200,106796,187664,147230.0
Cybersecurity Analyst,Indore,83942,57780,116288,87034.0
Software Engineer (Backend),Visakhapatnam,74260,57421,102935,80178.0
Embedded Systems Engineer,Kolkata,220394,108856,231694,170275.0
Software Engineer,Mumbai,70250,54081,109501,81791.0
AI Engineer,Delhi,233205,131805,271949,201877.0
Technical Architect,Bangalore,160694,133996,260593,197294.5
Machine Learning Engineer,Coimbatore,59655,52279,103111,77695.0
Software Engineer,Mumbai,225353,142311,260167,201239.0
Cybersecurity Analyst,Chennai,152331,87351,179942,133646.5
Database Administrator,Delhi,262096,195331,397766,296548.5
Machine Learning Engineer,Hyderabad,215038,163358,360387,261872.5
Cybersecurity Analyst,Delhi,221084,165707,321359,243533.0
Software Engineer (Backend),Chennai,272720,157463,273709,215586.0
Software Engineer (Frontend),Hyderabad,224513,147564,255579,201571.5
Full Stack Developer,Pune,144496,133361,245232,189296.5
System Administrator,Bangalore,109359,105467,200982,153224.5
AR/VR Engineer,Hyderabad,274408,206883,376725,291804.0
Data Scientist,Jaipur,119097,83767,167275,125521.0
System Administrator,Hyderabad,107199,94324,190233,142278.5
Cloud Engineer,Gurgaon,105727,75243,144032,109637.5
Machine Learning Engineer,Ahmedabad,170846,86726,181270,133998.0
QA Engineer,Mumbai,171067,92895,184796,138845.5
Data Scientist,Bangalore,297827,171523,346748,259135.5
Blockchain Developer,Pune,244928,161803,288781,225292.0
Cybersecurity Analyst,Delhi,133133,74161,154622,114391.5
Mobile Developer,Bangalore,220565,147804,275812,211808.0
Principal Engineer,Delhi,450002,346560,663304,504932.0
Machine Learning Engineer,Pune,147280,74915,151786,113350.5
Data Scientist,Bangalore,224794,162117,341618,251867.5
Product Manager,Delhi,419667,251871,506220,379045.5
AI Engineer,Pune,229977,129326,271449,200387.5
Data Scientist,Mumbai,305652,215647,491451,353549.0
Full Stack Developer,Chennai,120385,112977,210076,161526.5
Full Stack Developer,Chennai,160494,114955,212453,163704.0
AI Engineer,Visakhapatnam,186230,120994,274727,197860.5
Machine Learning Engineer,Bangalore,263409,135177,272868,204022.5
Software Engineer (Backend),Delhi,236327,130520,236322,183421.0
Full Stack Developer,Mumbai,267353,195107,376090,285598.5
Computer Vision Engineer,Delhi,150315,95255,198751,147003.0
Data Scientist,Mumbai,175789,140385,301769,221077.0
Full Stack Developer,Pune,94290,62538,126866,94702.0
Cloud Engineer,Chennai,148250,102398,192332,147365.0
Research Scientist,Bangalore,402409,230303,428784,329543.5
UI/UX Designer,Hyderabad,107211,95969,194952,145460.5
DevOps Engineer,Pune,137551,126650,245319,185984.5
Software Engineer (Backend),Pune,332892,203271,351497,277384.0
Machine Learning Engineer,Delhi,181218,89997,181152,135574.5
Cybersecurity Analyst,Chennai,100999,76217,146456,111336.5
Software Engineer,Pune,228856,113044,219426,166235.0
Cloud Engineer,Visakhapatnam,83684,71065,131736,101400.5
Data Scientist,Pune,90033,59151,116158,87654.5
Lead Data Scientist,Coimbatore,228559,156906,323616,240261.0
Cloud Engineer,Noida,107920,86162,176243,131202.5
Mobile Developer,Bhubaneswar,130201,88128,164910,126519.0
Full Stack Developer,Mumbai,216731,109506,207159,158332.5
Data Scientist,Delhi,150548,72907,150350,111628.5
Robotics Engineer,Chennai,215302,149779,301100,225439.5
Full Stack Developer,Chennai,179204,113229,205695,159462.0
Software Engineer (Backend),Delhi,230099,164039,307794,235916.5
Cloud Engineer,Hyderabad,189397,127252,239610,183431.0
Software Engineer (Backend),Mysore,167242,161989,295264,228626.5
Cloud Engineer,Delhi,75747,61868,114095,87981.5
DevOps Engineer,Hyderabad,212945,136697,259440,198068.5
Robotics Engineer,Chennai,164575,99162,206567,152864.5
Database Administrator,Delhi,117870,112514,253920,183217.0
Data Engineer,Surat,200434,165476,316546,241011.0
Principal Engineer,Chennai,224130,151652,300724,226188.0
Junior Developer,Hyderabad,205586,160227,284494,222360.5
NLP Engineer,Mumbai,185757,126950,240061,183505.5
System Administrator,Goa,123330,88788,172134,130461.0
NLP Engineer,Pune,160669,142290,270981,206635.5
Game Developer,Chennai,90995,54854,114303,84578.5
AI Engineer,Chennai,188323,117126,234913,176019.5
Software Engineer (Frontend),Mumbai,121211,88849,168810,128829.5
Robotics Engineer,Indore,386063,184124,380314,282219.0
DevOps Engineer,Hyderabad,114517,72667,136119,104393.0
Software Engineer (Frontend),Jaipur,85185,66784,117556,92170.0
Software Engineer,Chennai,112467,76154,154698,115426.0
NLP Engineer,Pune,127044,104821,196874,150847.5
AI Engineer,Bangalore,390399,245655,504894,375274.5
AI Engineer,Lucknow,237447,169137,356768,262952.5
Database Administrator,Bangalore,230537,165548,338850,252199.0
Machine Learning Engineer,Delhi,124166,77208,148069,112638.5
DevOps Engineer,Surat,235396,136462,258296,197379.0
Data Scientist,Delhi,180329,124441,241359,182900.0
NLP Engineer,Chennai,325908,195676,380303,287989.5
Site Reliability Engineer,Chennai,102433,85518,175679,130598.5
Cybersecurity Analyst,Mumbai,256164,195121,363010,279065.5
Cloud Engineer,Nagpur,81596,71578,132699,102138.5
Mobile Developer,Bangalore,135133,80568,155431,117999.5
QA Engineer,Lucknow,133284,68407,143912,106159.5
Robotics Engineer,Pune,127420,113153,238441,175797.0
Software Engineer (Backend),Coimbatore,271913,185153,337362,261257.5
iOS Developer,Indore,188965,152416,284983,218699.5
Senior Software Engineer,Pune,233323,163415,286992,225203.5
Machine Learning Engineer,Bangalore,281065,148200,304999,226599.5
Software Engineer,Delhi,86133,81240,157752,119496.0
Software Engineer (Frontend),Mumbai,277669,212994,396385,304689.5
Data Scientist,Bangalore,144513,124737,254982,189859.5
AI Engineer,Chennai,114207,61512,126605,94058.5
Data Scientist,Chennai,274956,143824,302048,222936.0
Cybersecurity Analyst,Delhi,212482,113941,213599,163770.0
Software Engineer (Backend),Bangalore,279047,171315,303508,237411.5
Computer Vision Engineer,Kochi,117543,83646,170499,127072.5
Data Scientist,Mumbai,118865,106693,227588,167140.5
Full Stack Developer,Hyderabad,109780,93130,180481,136805.5
Software Engineer,Chennai,77379,76744,147986,112365.0
Information Security Engineer,Hyderabad,175020,96036,197549,146792.5
Machine Learning Engineer,Bangalore,170486,167970,320930,244450.0
Data Engineer,Goa,85314,67093,125302,96197.5
Full Stack Developer,Chandigarh,127098,85233,151506,118369.5
Data Engineer,Bangalore,204407,194121,356953,275537.0
Senior Software Engineer,Kochi,273633,167599,278666,223132.5
Full Stack Developer,Delhi,181439,101897,189286,145591.5
Site Reliability Engineer,Delhi,142178,122233,259334,190783.5
Blockchain Developer,Bangalore,543351,316406,607013,461709.5
Machine Learning Engineer,Mumbai,141210,114075,255523,184799.0
Cybersecurity Analyst,Gurgaon,287018,185177,334491,259834.0
AI Engineer,Pune,281826,175370,360651,268010.5
DevOps Engineer,Jaipur,116554,80542,151870,116206.0
Data Engineer,Hyderabad,122481,88234,165562,126898.0
Database Administrator,Delhi,128945,83280,161950,122615.0
Data Scientist,Chennai,97741,64742,146828,105785.0
Machine Learning Engineer,Chennai,179747,138494,290789,214641.5
Machine Learning Engineer,Chandigarh,171366,94756,206553,150654.5
Game Developer,Chennai,158926,105528,212413,158970.5
Software Engineer,Bangalore,333186,198047,373949,285998.0
iOS Developer,Mumbai,208839,158825,274516,216670.5
Technical Architect,Jaipur,214180,128966,252746,190856.0
Junior Developer,Hyderabad,100207,82699,141031,111865.0
Cloud Engineer,Kolkata,68103,49588,95236,72412.0
Data Engineer,Bangalore,363353,229215,466433,347824.0
Data Scientist,Delhi,380270,171822,371614,271718.0
Cybersecurity Analyst,Chennai,244894,161038,310262,235650.0
Cybersecurity Analyst,Nagpur,118035,92140,175069,133604.5
Junior Developer,Hyderabad,87772,83706,150281,116993.5
Computer Vision Engineer,Delhi,274640,141146,285415,213280.5
Machine Learning Engineer,Mumbai,262525,145371,318901,232136.0
iOS Developer,Chennai,322027,173518,331465,252491.5
Blockchain Developer,Mumbai,310397,258974,480472,369723.0
Cybersecurity Analyst,Mumbai,170910,150199,282272,216235.5
Game Developer,Delhi,169798,100439,206452,153445.5
Software Engineer (Backend),Bangalore,146518,117442,209598,163520.0
Game Developer,Indore,269561,133450,276813,205131.5
Computer Vision Engineer,Hyderabad,369169,278519,534647,406583.0
Computer Vision Engineer,Bhubaneswar,68926,64729,137812,101270.5
Cloud Engineer,Kochi,132184,97510,187223,142366.5
DevOps Engineer,Delhi,120287,89077,180228,134652.5
Robotics Engineer,Hyderabad,173674,95711,199283,147497.0
Software Engineer,Nagpur,89613,58374,118079,88226.5
Cloud Engineer,Pune,349784,186481,373259,279870.0
Lead Data Scientist,Chennai,166370,134773,255899,195336.0
Full Stack Developer,Delhi,148062,103042,194563,148802.5
Full Stack Developer,Chennai,124083,80881,145266,113073.5
Site Reliability Engineer,Trivandrum,287913,140962,313465,227213.5
AI Engineer,Delhi,176457,106028,214148,160088.0
Software Engineer (Frontend),Coimbatore,156545,90442,159029,124735.5
Cybersecurity Analyst,Surat,151258,126752,257995,192373.5
Lead Data Scientist,Lucknow,262374,126654,253814,190234.0
Machine Learning Engineer,Jaipur,228092,108307,220219,164263.0
Technical Architect,Pune,498999,281855,593866,437860.5
Blockchain Developer,Pune,341919,273227,523766,398496.5
Technical Writer,Delhi,101124,59128,130944,95036.0
AR/VR Engineer,Ahmedabad,89088,73942,143208,108575.0
Data Scientist,Hyderabad,141716,69791,160531,115161.0
Full Stack Developer,Bangalore,334893,244829,444467,344648.0
Cloud Engineer,Pune,197499,105728,205360,155544.0
Data Scientist,Bhubaneswar,372063,180417,378453,279435.0
UI/UX Designer,Chennai,217882,130287,301724,216005.5
Machine Learning Engineer,Bangalore,216820,164207,322527,243367.0
Data Scientist,Trivandrum,154361,77483,167238,122360.5
Cybersecurity Analyst,Bangalore,277640,214814,413026,313920.0
Game Developer,Delhi,94932,89514,171189,130351.5
Data Scientist,Pune,170464,102709,201221,151965.0
AR/VR Engineer,Hyderabad,312782,176653,367527,272090.0
Cloud Engineer,Kochi,275628,176451,304014,240232.5
Software Engineer (Backend),Bangalore,340029,223375,386089,304732.0
QA Engineer,Delhi,210830,95094,194079,144586.5
Network Engineer,Bangalore,129014,68230,141114,104672.0
Cybersecurity Analyst,Chandigarh,75911,46658,93319,69988.5
Mobile Developer,Coimbatore,65771,59466,113682,86574.0
Data Scientist,Bangalore,170067,155143,335940,245541.5
Technical Writer,Mumbai,95588,67581,131844,99712.5
Software Engineer (Backend),Mumbai,289141,165745,284162,224953.5
AI Engineer,Hyderabad,372835,183461,380583,282022.0
Cloud Engineer,Pune,126414,94585,184037,139311.0
Technical Architect,Mumbai,362494,195082,401120,298101.0
Robotics Engineer,Ahmedabad,232837,129511,268013,198762.0
AI Engineer,Delhi,242238,129588,252378,190983.0
Software Engineer (Frontend),Pune,95539,95378,162850,129114.0
NLP Engineer,Hyderabad,286357,241424,477133,359278.5
Technical Architect,Noida,162596,147177,290558,218867.5
Software Engineer,Hyderabad,147184,124868,240844,182856.0
Cybersecurity Analyst,Chennai,218886,113510,235085,174297.5
Robotics Engineer,Pune,242192,143206,289578,216392.0
Full Stack Developer,Bangalore,143453,105076,183404,144240.0
Cybersecurity Analyst,Mumbai,200119,110679,219443,165061.0
QA Engineer,Chennai,165470,109337,215936,162636.5
Software Engineer (Backend),Chennai,94916,70656,120768,95712.0
Junior Developer,Mumbai,175087,115214,198447,156830.5
Software Engineer (Frontend),Delhi,94851,80316,139959,110137.5
Principal Engineer,Nagpur,242571,160394,301899,231146.5
Machine Learning Engineer,Pune,262090,206670,413240,309955.0
Software Engineer (Frontend),Pune,225738,142271,253407,197839.0
Machine Learning Engineer,Chennai,263074,214540,421922,318231.0
AI Engineer,Chennai,262456,144778,291999,218388.5
Network Engineer,Coimbatore,147445,92512,182370,137441.0
AR/VR Engineer,Coimbatore,343794,190004,411371,300687.5
Junior Developer,Delhi,47495,37817,64674,51245.5
Cybersecurity Analyst,Hyderabad,118611,95319,188964,142141.5
Machine Learning Engineer,Pune,109087,61766,126800,94283.0
Data Engineer,Hyderabad,144045,129028,248357,188692.5
QA Engineer,Mumbai,175729,136116,274157,205136.5
DevOps Engineer,Indore,80460,67433,124606,96019.5
Game Developer,Indore,69823,57725,120748,89236.5
Computer Vision Engineer,Delhi,478011,239659,508121,373890.0
Full Stack Developer,Chennai,73021,53153,101908,77530.5
Software Engineer (Backend),Delhi,198299,154070,265450,209760.0
Software Engineer (Frontend),Chennai,95078,69568,129386,99477.0
Full Stack Developer,Pune,243173,141136,280596,210866.0
System Administrator,Surat,75929,73543,153119,113331.0
iOS Developer,Pune,129462,112052,219632,165842.0
Embedded Systems Engineer,Mumbai,117627,71154,146113,108633.5
Cybersecurity Analyst,Mumbai,320354,149385,288861,219123.0
Technical Writer,Mumbai,106359,93351,211321,152336.0
iOS Developer,Delhi,203021,149040,265307,207173.5
Software Engineer (Backend),Pune,137558,100882,180956,140919.0
Software Engineer (Backend),Mumbai,177769,168042,294133,231087.5
Software Engineer (Frontend),Bangalore,150955,105358,186776,146067.0
Full Stack Developer,Bangalore,165078,132293,250183,191238.0
Technical Architect,Bangalore,316660,188571,366421,277496.0
Software Engineer (Backend),Surat,116353,110513,194360,152436.5
Cybersecurity Analyst,Lucknow,99870,67684,123380,95532.0
Software Engineer (Frontend),Bangalore,255152,207492,376373,291932.5
Database Administrator,Hyderabad,152807,74814,166101,120457.5
Technical Writer,Pune,151964,87454,174465,130959.5
Data Engineer,Pune,150805,81790,156261,119025.5
Research Scientist,Chandigarh,114644,93381,180220,136800.5
Robotics Engineer,Bangalore,139316,87811,176741,132276.0
Software Engineer (Backend),Chandigarh,147212,87955,167454,127704.5
Technical Writer,Chennai,62890,46178,98262,72220.0
Machine Learning Engineer,Pune,419058,244471,481332,362901.5
Cybersecurity Analyst,Bhubaneswar,71613,52573,103101,77837.0
Cloud Engineer,Delhi,294581,187038,349807,268422.5
Cloud Engineer,Nagpur,84127,59071,110194,84632.5
Android Developer,Mumbai,88141,87598,168519,128058.5
DevOps Engineer,Chennai,130029,75333,152581,113957.0
Machine Learning Engineer,Chennai,275931,151332,309795,230563.5
NLP Engineer,Hyderabad,213377,118138,224483,171310.5
Software Engineer,Hyderabad,110948,72903,144693,108798.0
Cybersecurity Analyst,Pune,187284,104938,193824,149381.0
Software Engineer (Backend),Mumbai,135763,88397,156746,122571.5
Data Scientist,Chennai,98217,73950,144340,109145.0
Full Stack Developer,Bangalore,226137,130553,241387,185970.0
Robotics Engineer,Noida,84643,68584,149887,109235.5
Machine Learning Engineer,Mumbai,520024,259021,525860,392440.5
Database Administrator,Hyderabad,101073,58513,116961,87737.0
Cloud Engineer,Pune,141710,92397,166797,129597.0
Machine Learning Engineer,Hyderabad,76457,69357,137228,103292.5
Data Engineer,Delhi,205465,171791,331322,251556.5
Site Reliability Engineer,Ahmedabad,194216,183925,409854,296889.5
Cloud Engineer,Coimbatore,298271,220603,393884,307243.5
Cloud Engineer,Mumbai,149905,103321,178177,140749.0
Full Stack Developer,Bangalore,88267,79588,144568,112078.0
Network Engineer,Bhubaneswar,54046,50963,97931,74447.0
QA Engineer,Pune,124772,91352,173053,132202.5
Android Developer,Delhi,114195,114136,219476,166806.0
Embedded Systems Engineer,Delhi,124097,59445,130662,95053.5
Database Administrator,Chennai,194412,142236,291608,216922.0
Machine Learning Engineer,Mumbai,150879,82942,178925,130933.5
Machine Learning Engineer,Visakhapatnam,94999,52592,107718,80155.0
Software Engineer (Frontend),Pune,103218,67010,122724,94867.0
Data Engineer,Noida,190188,111415,223964,167689.5
Cybersecurity Analyst,Pune,93293,71290,139653,105471.5
Software Engineer (Frontend),Bangalore,154802,97993,164565,131279.0
Software Engineer (Backend),Bangalore,86915,83362,158893,121127.5
Technical Architect,Pune,192051,166724,313182,239953.0
Cybersecurity Analyst,Chennai,235772,154477,318876,236676.5
Cybersecurity Analyst,Mumbai,126547,98100,186118,142109.0
Software Engineer,Gurgaon,234326,176416,346967,261691.5
Technical Writer,Delhi,127850,63182,139103,101142.5
Information Security Engineer,Delhi,188476,103751,192376,148063.5
Full Stack Developer,Bangalore,131191,126281,235047,180664.0
AI Engineer,Hyderabad,212600,113034,231931,172482.5
AI Engineer,Delhi,208037,122909,266667,194788.0
Cloud Engineer,Bangalore,208975,134202,229888,182045.0
Software Engineer (Frontend),Chennai,86659,73566,128854,101210.0
Cloud Engineer,Hyderabad,209953,150988,255479,203233.5
Software Engineer (Frontend),Visakhapatnam,183091,126428,245721,186074.5
Data Scientist,Mysore,89782,73081,162277,117679.0
Data Scientist,Goa,125187,68991,155874,112432.5
AI Engineer,Pune,170084,131716,251806,191761.0
Full Stack Developer,Jaipur,109527,89255,153821,121538.0
AI Engineer,Coimbatore,310081,147254,313197,230225.5
Product Manager,Bangalore,383686,260828,572233,416530.5
Cybersecurity Analyst,Mumbai,156863,117190,232848,175019.0
Full Stack Developer,Bangalore,161510,104300,179077,141688.5
Software Engineer (Frontend),Ahmedabad,191085,123593,221204,172398.5
Senior Software Engineer,Bhubaneswar,232595,187406,320358,253882.0
Machine Learning Engineer,Bangalore,235641,111881,242795,177338.0
Computer Vision Engineer,Jaipur,193070,124023,260476,192249.5
Software Engineer,Pune,246368,145217,292175,218696.0
Senior Software Engineer,Delhi,548855,345568,657860,501714.0
Machine Learning Engineer,Pune,103324,74069,149829,111949.0
DevOps Engineer,Jaipur,138874,82019,147103,114561.0
Data Scientist,Hyderabad,279096,179529,391279,285404.0
Data Scientist,Mumbai,281523,137763,298680,218221.5
AI Engineer,Mumbai,168103,87570,181428,134499.0
Lead Data Scientist,Bhubaneswar,144448,97005,187428,142216.5
Cloud Engineer,Delhi,143195,100191,179666,139928.5
Robotics Engineer,Chennai,358995,227153,469031,348092.0
DevOps Engineer,Pune,134597,96483,195078,145780.5
System Administrator,Mysore,88870,49960,100579,75269.5
Cybersecurity Analyst,Mumbai,334273,207093,419677,313385.0
Cloud Engineer,Chennai,146184,128117,226964,177540.5
DevOps Engineer,Delhi,93856,57066,103448,80257.0
Software Engineer (Frontend),Pune,90255,72504,126024,99264.0
Full Stack Developer,Lucknow,110964,66649,131913,99281.0
Cybersecurity Analyst,Pune,151624,136276,255003,195639.5
Computer Vision Engineer,Mumbai,380080,271433,550096,410764.5
Cloud Engineer,Bangalore,311445,156072,305637,230854.5
UI/UX Designer,Jaipur,98277,78382,162218,120300.0
NLP Engineer,Mumbai,460226,257254,506768,382011.0
Android Developer,Chennai,77221,76571,148344,112457.5
Cloud Engineer,Delhi,129160,84520,155139,119829.5
Software Engineer,Noida,220567,117074,235776,176425.0
Mobile Developer,Mumbai,154819,97175,178991,138083.0
Software Engineer (Backend),Bangalore,189802,138239,242139,190189.0
Principal Engineer,Bangalore,286952,171873,332929,252401.0
Machine Learning Engineer,Bhubaneswar,219082,115665,247953,181809.0
Cloud Engineer,Hyderabad,97294,70785,134842,102813.5
Information Security Engineer,Noida,274063,164203,338064,251133.5
Data Engineer,Delhi,104027,82701,162846,122773.5
DevOps Engineer,Goa,283713,182751,370463,276607.0
Principal Engineer,Chennai,608476,369749,666697,518223.0
Cybersecurity Analyst,Delhi,118611,67352,135911,101631.5
Cloud Engineer,Bangalore,159457,105447,195679,150563.0
Software Engineer,Bangalore,149078,129243,253229,191236.0
Network Engineer,Jaipur,227143,122091,262283,192187.0
DevOps Engineer,Visakhapatnam,99376,51416,96277,73846.5
Site Reliability Engineer,Mumbai,97793,89137,182836,135986.5
Embedded Systems Engineer,Hyderabad,244016,123164,256768,189966.0
Information Security Engineer,Visakhapatnam,175054,104723,200261,152492.0
Software Engineer (Frontend),Chandigarh,138397,112951,205886,159418.5
Data Engineer,Visakhapatnam,236861,142176,260712,201444.0
Software Engineer (Frontend),Bangalore,157848,130121,227448,178784.5
Software Engineer,Bangalore,142605,111387,224164,167775.5
Full Stack Developer,Bangalore,157946,152755,291277,222016.0
NLP Engineer,Trivandrum,286542,159597,319780,239688.5
Junior Developer,Chennai,68620,47707,82304,65005.5
Cybersecurity Analyst,Mysore,153468,95553,182409,138981.0
Embedded Systems Engineer,Hyderabad,100782,73169,153339,113254.0
Software Engineer (Frontend),Kolkata,122320,71650,128519,100084.5
DevOps Engineer,Hyderabad,174094,146413,267545,206979.0
AI Engineer,Bangalore,214169,207206,425556,316381.0
Full Stack Developer,Chennai,116200,107461,193154,150307.5
Cybersecurity Analyst,Delhi,314320,155912,289604,222758.0
Software Engineer,Chandigarh,243154,133244,247725,190484.5
Database Administrator,Noida,55175,51182,102243,76712.5
DevOps Engineer,Pune,81192,66137,126619,96378.0
Software Engineer (Frontend),Mysore,153613,129967,222906,176436.5
Data Scientist,Pune,226695,133958,296524,215241.0
Blockchain Developer,Bangalore,306603,233406,437207,335306.5
Principal Engineer,Surat,124426,102666,197281,149973.5
Machine Learning Engineer,Bangalore,256936,227942,495552,361747.0
Cybersecurity Analyst,Chennai,103164,74875,142027,108451.0
Machine Learning Engineer,Bangalore,154641,147251,296458,221854.5
Cybersecurity Analyst,Chandigarh,310711,141890,289833,215861.5
Software Engineer (Frontend),Hyderabad,99173,92753,173126,132939.5
Cloud Engineer,Noida,112657,92405,177222,134813.5
Game Developer,Hyderabad,75471,62031,138016,100023.5
Data Scientist,Pune,394040,177974,403733,290853.5
UI/UX Designer,Chennai,81023,69311,146435,107873.0
Network Engineer,Lucknow,74577,63839,129794,96816.5
Software Engineer (Backend),Chennai,188704,149107,257842,203474.5
Cloud Engineer,Noida,73693,49296,93501,71398.5
AR/VR Engineer,Bhubaneswar,214626,147684,307679,227681.5
Technical Writer,Mysore,44330,44168,92849,68508.5
DevOps Engineer,Mumbai,181453,141265,265140,203202.5
Network Engineer,Pune,171550,126506,235380,180943.0
Data Scientist,Mumbai,241140,137909,272249,205079.0
AR/VR Engineer,Bangalore,326109,175534,367753,271643.5
Mobile Developer,Mumbai,189565,108589,204487,156538.0
Full Stack Developer,Bangalore,119295,89762,169854,129808.0
QA Engineer,Nagpur,39536,39288,77982,58635.0
Product Manager,Mumbai,311799,189755,412467,301111.0
Software Engineer (Frontend),Pune,149724,140016,237723,188869.5
Full Stack Developer,Bangalore,372553,220248,424419,322333.5
Robotics Engineer,Pune,261510,144367,297575,220971.0
AI Engineer,Pune,386251,216930,432862,324896.0
Data Scientist,Bangalore,110231,88600,189134,138867.0
AR/VR Engineer,Coimbatore,150875,85949,171803,128876.0
Data Scientist,Bangalore,111242,65536,137813,101674.5
iOS Developer,Goa,392111,205406,387932,296669.0
QA Engineer,Delhi,213446,135965,264789,200377.0
Data Scientist,Chennai,171015,121708,243197,182452.5
Data Scientist,Chennai,110647,59583,120052,89817.5
Data Scientist,Mysore,81345,51641,113379,82510.0
NLP Engineer,Pune,99749,73641,145183,109412.0
Cybersecurity Analyst,Pune,196246,110404,213420,161912.0
Cloud Engineer,Delhi,358517,247052,447788,347420.0
UI/UX Designer,Delhi,316931,176363,374675,275519.0
Full Stack Developer,Bangalore,201469,146594,281311,213952.5
Cybersecurity Analyst,Pune,198686,112227,211648,161937.5
AI Engineer,Delhi,114752,78315,174220,126267.5
NLP Engineer,Mumbai,257479,204293,380052,292172.5
AI Engineer,Indore,111343,103980,218910,161445.0
Software Engineer (Frontend),Coimbatore,92563,54670,96735,75702.5
DevOps Engineer,Bangalore,239917,131246,231242,181244.0
DevOps Engineer,Kochi,321145,175031,343687,259359.0
Machine Learning Engineer,Nagpur,235595,180669,373120,276894.5
Software Engineer (Frontend),Hyderabad,184994,178600,316731,247665.5
Data Engineer,Trivandrum,151529,113891,230479,172185.0
Cloud Engineer,Delhi,144520,88296,168389,128342.5
Blockchain Developer,Mumbai,167686,87215,171148,129181.5
Software Engineer (Frontend),Chennai,174678,99873,189104,144488.5
Embedded Systems Engineer,Hyderabad,173487,143629,274845,209237.0
Data Scientist,Ahmedabad,142488,82297,168155,125226.0
DevOps Engineer,Mumbai,155757,88088,171874,129981.0
iOS Developer,Bangalore,301306,196523,350237,273380.0
DevOps Engineer,Pune,102483,56777,112611,84694.0
Software Engineer (Frontend),Chennai,187114,167317,298601,232959.0
DevOps Engineer,Mysore,208722,184350,360948,272649.0
Machine Learning Engineer,Mumbai,144773,85893,166903,126398.0
Software Engineer (Frontend),Hyderabad,179918,177288,304067,240677.5
Software Engineer (Frontend),Chennai,192524,128047,223490,175768.5
Software Engineer,Bangalore,370597,211213,398228,304720.5
Research Scientist,Kochi,145275,67551,128481,98016.0
Software Engineer (Frontend),Bangalore,191825,170562,311785,241173.5
DevOps Engineer,Bangalore,141944,103514,189073,146293.5
Full Stack Developer,Pune,213256,175729,344694,260211.5
DevOps Engineer,Pune,108084,90855,171945,131400.0
DevOps Engineer,Mumbai,208428,182824,345989,264406.5
AI Engineer,Visakhapatnam,172423,124909,248571,186740.0
Software Engineer (Backend),Pune,239931,166756,294077,230416.5
Machine Learning Engineer,Delhi,174871,98827,216868,157847.5
Software Engineer,Mumbai,216825,154184,295241,224712.5
Software Engineer (Frontend),Mumbai,184538,165866,293998,229932.0
Software Engineer (Backend),Mumbai,268177,189378,332528,260953.0
Software Engineer,Chennai,258062,204259,396862,300560.5
Software Engineer,Bangalore,267377,161208,309430,235319.0
DevOps Engineer,Hyderabad,235472,162431,328601,245516.0
Data Scientist,Bangalore,161275,136173,283172,209672.5
System Administrator,Delhi,86115,52458,108161,80309.5
Software Engineer (Backend),Hyderabad,167981,106968,186739,146853.5
Data Scientist,Hyderabad,244959,112325,244725,178525.0
NLP Engineer,Delhi,339567,239694,489216,364455.0
Cloud Engineer,Chennai,151782,127200,233953,180576.5
Software Engineer,Mysore,143305,89464,180806,135135.0
Senior Software Engineer,Chennai,376034,233156,420511,326833.5
DevOps Engineer,Jaipur,68482,58875,120612,89743.5
QA Engineer,Bangalore,246135,139082,276932,208007.0
NLP Engineer,Hyderabad,298450,199317,364931,282124.0
Software Engineer (Frontend),Noida,164510,137608,255866,196737.0
Senior Software Engineer,Surat,348444,229573,415661,322617.0
System Administrator,Bangalore,115608,65060,134088,99574.0
Cloud Engineer,Jaipur,70633,51258,101410,76334.0
Machine Learning Engineer,Pune,184235,98991,202271,150631.0
Cybersecurity Analyst,Kolkata,86169,65515,133011,99263.0
DevOps Engineer,Pune,143638,98600,198001,148300.5
UI/UX Designer,Chennai,86454,48148,101652,74900.0
Technical Architect,Bangalore,466437,363606,774705,569155.5
Principal Engineer,Delhi,400656,357744,642885,500314.5
Data Scientist,Chandigarh,88496,64514,133498,99006.0
Software Engineer,Pune,101729,92319,180993,136656.0
Android Developer,Bangalore,214756,114947,217411,166179.0
Software Engineer (Frontend),Coimbatore,170359,151108,271696,211402.0
Data Engineer,Delhi,288761,208653,411113,309883.0
Research Scientist,Mumbai,239457,115635,230036,172835.5
Software Engineer (Frontend),Mumbai,306306,159688,275730,217709.0
NLP Engineer,Trivandrum,206537,157031,321130,239080.5
Machine Learning Engineer,Bangalore,384255,214467,454043,334255.0
Full Stack Developer,Mumbai,84292,54132,100744,77438.0
AI Engineer,Noida,143890,139242,301434,220338.0
Blockchain Developer,Nagpur,349453,188622,371380,280001.0
Lead Data Scientist,Bangalore,715050,398627,772933,585780.0
Software Engineer (Backend),Mumbai,191519,159903,276302,218102.5
Blockchain Developer,Jaipur,191018,143852,270544,207198.0
Lead Data Scientist,Chennai,230663,178650,341302,259976.0
Data Scientist,Pune,165682,123630,264971,194300.5
Full Stack Developer,Chennai,85918,81995,161433,121714.0
Software Engineer,Pune,196032,134391,259796,197093.5
AR/VR Engineer,Gurgaon,185618,110728,206500,158614.0
Network Engineer,Pune,222531,109087,234893,171990.0
Software Engineer (Frontend),Delhi,151020,113848,186644,150246.0
Data Engineer,Chennai,181452,141313,272577,206945.0
Android Developer,Mumbai,217939,177284,337237,257260.5
DevOps Engineer,Pune,390734,228748,413282,321015.0
Cybersecurity Analyst,Pune,129250,110658,215381,163019.5
Database Administrator,Mysore,186783,106364,231091,168727.5
Data Scientist,Mumbai,111593,92992,216354,154673.0
Software Engineer,Chennai,80794,67934,129099,98516.5
Technical Writer,Mumbai,89509,53383,115859,84621.0
Machine Learning Engineer,Hyderabad,161979,79167,174344,126755.5
AI Engineer,Jaipur,318746,214165,420722,317443.5
Data Scientist,Delhi,380944,206858,452181,329519.5
UI/UX Designer,Bangalore,251389,171650,360410,266030.0
Network Engineer,Coimbatore,130388,103812,220587,162199.5
Network Engineer,Hyderabad,133124,95782,196347,146064.5
Cybersecurity Analyst,Delhi,115703,92513,167550,130031.5
AI Engineer,Mumbai,99393,97828,209144,153486.0
Full Stack Developer,Delhi,278684,163185,307943,235564.0
Full Stack Developer,Nagpur,75253,67180,126865,97022.5
AI Engineer,Chennai,289572,197093,404934,301013.5
Data Scientist,Bangalore,129753,123612,275854,199733.0
Embedded Systems Engineer,Delhi,102819,85837,168827,127332.0
Cybersecurity Analyst,Mumbai,319510,152165,308937,230551.0
AI Engineer,Gurgaon,114376,102510,226144,164327.0
Data Scientist,Trivandrum,169258,102933,227073,165003.0
Cloud Engineer,Hyderabad,226457,133155,248138,190646.5
Site Reliability Engineer,Ahmedabad,153416,144300,319062,231681.0
Product Manager,Delhi,299572,217082,502966,360024.0
Data Scientist,Bhubaneswar,387001,177316,371603,274459.5
Software Engineer (Backend),Mumbai,163573,101717,177268,139492.5
Blockchain Developer,Pune,267371,215069,403131,309100.0
Software Engineer (Backend),Chennai,98268,76182,138397,107289.5
Software Engineer (Backend),Bangalore,136181,107921,186557,147239.0
Embedded Systems Engineer,Delhi,180725,170271,373130,271700.5
UI/UX Designer,Mumbai,223021,131390,271045,201217.5
AI Engineer,Lucknow,215689,116561,248368,182464.5
Cloud Engineer,Visakhapatnam,203871,100273,195235,147754.0
Junior Developer,Pune,64608,54997,95365,75181.0
Software Engineer (Backend),Pune,202691,152025,280799,216412.0
DevOps Engineer,Bhubaneswar,171340,143948,273811,208879.5
AI Engineer,Delhi,175055,173621,335247,254434.0
Software Engineer,Hyderabad,122003,89911,163075,126493.0
Cybersecurity Analyst,Hyderabad,206864,127419,235076,181247.5
iOS Developer,Mumbai,116667,83748,157177,120462.5
Full Stack Developer,Chennai,108857,92515,178777,135646.0
Cybersecurity Analyst,Mysore,74715,64191,123060,93625.5
Software Engineer (Frontend),Hyderabad,228296,134539,254795,194667.0
Software Engineer (Backend),Chandigarh,140422,104858,196629,150743.5
AR/VR Engineer,Gurgaon,146951,142255,301920,222087.5
Software Engineer (Frontend),Pune,254968,186027,310529,248278.0
Computer Vision Engineer,Hyderabad,326464,209406,405374,307390.0
Data Engineer,Mumbai,77309,66072,131263,98667.5
Embedded Systems Engineer,Jaipur,138960,66543,137680,102111.5
Principal Engineer,Bangalore,144370,115482,223365,169423.5
Junior Developer,Kolkata,131948,111779,188331,150055.0
Data Engineer,Kolkata,99828,99248,193944,146596.0
Software Engineer (Backend),Hyderabad,155296,126951,222188,174569.5
Full Stack Developer,Chennai,98976,61337,114150,87743.5
Cloud Engineer,Pune,110374,87590,150859,119224.5
UI/UX Designer,Bangalore,155104,76863,169374,123118.5
Site Reliability Engineer,Delhi,136626,79163,165390,122276.5
Computer Vision Engineer,Chennai,160360,81437,170464,125950.5
Data Engineer,Chennai,147637,99378,183100,141239.0
Research Scientist,Pune,133624,124413,243094,183753.5
Full Stack Developer,Mumbai,502142,262478,505246,383862.0
Technical Writer,Delhi,50317,41411,89152,65281.5
Machine Learning Engineer,Mumbai,129449,127414,287035,207224.5
System Administrator,Bangalore,173686,113724,226318,170021.0
Cybersecurity Analyst,Bangalore,165574,80687,163706,122196.5
Mobile Developer,Visakhapatnam,291854,149042,277771,213406.5
Data Scientist,Delhi,383642,214695,456100,335397.5
Principal Engineer,Chennai,191450,169522,319322,244422.0
Full Stack Developer,Mumbai,176876,115010,222268,168639.0
Junior Developer,Mumbai,55401,47006,81199,64102.5
Cloud Engineer,Pune,304267,190595,332289,261442.0
Mobile Developer,Pune,319146,200535,369050,284792.5
Cloud Engineer,Bangalore,172344,120228,224930,172579.0
AI Engineer,Bangalore,412132,301481,582850,442165.5
System Administrator,Goa,91256,87007,177685,132346.0
Cloud Engineer,Delhi,354869,240887,460873,350880.0
Technical Architect,Mumbai,245608,145330,294205,219767.5
Software Engineer (Frontend),Mumbai,139017,97842,167952,132897.0
Computer Vision Engineer,Trivandrum,93879,86049,182085,134067.0
Lead Data Scientist,Mumbai,359020,266796,543997,405396.5
AI Engineer,Hyderabad,267763,217569,446678,332123.5
Full Stack Developer,Delhi,107123,96774,183004,139889.0
Cloud Engineer,Bangalore,253013,136718,259535,198126.5
Cybersecurity Analyst,Mumbai,123726,119944,256676,188310.0
Game Developer,Delhi,306016,196366,385881,291123.5
Machine Learning Engineer,Delhi,120501,72983,159680,116331.5
Technical Architect,Hyderabad,147894,111032,236508,173770.0
Junior Developer,Surat,173750,120103,196210,158156.5
Game Developer,Mumbai,120129,96150,198564,147357.0
Information Security Engineer,Hyderabad,437820,234435,476332,355383.5
QA Engineer,Chennai,188087,109245,216872,163058.5
Cloud Engineer,Kolkata,106021,94715,169226,131970.5
Software Engineer (Backend),Pune,98543,90814,165107,127960.5
Cloud Engineer,Chennai,88499,85000,165169,125084.5
DevOps Engineer,Mumbai,301151,153755,304400,229077.5
Mobile Developer,Bangalore,231018,125844,246145,185994.5
Software Engineer (Backend),Bangalore,179905,148900,270431,209665.5
Principal Engineer,Noida,622687,336372,634081,485226.5
NLP Engineer,Delhi,250123,192997,366618,279807.5
Product Manager,Delhi,382579,196919,408693,302806.0
System Administrator,Chennai,124425,90943,172765,131854.0
Full Stack Developer,Hyderabad,260097,214042,371818,292930.0
iOS Developer,Hyderabad,109939,108427,199045,153736.0
NLP Engineer,Chandigarh,122664,91747,175125,133436.0
Embedded Systems Engineer,Trivandrum,132135,86254,174829,130541.5
Information Security Engineer,Hyderabad,344744,201186,381230,291208.0
Cloud Engineer,Delhi,158820,82047,155709,118878.0
Full Stack Developer,Nagpur,326761,202141,407413,304777.0
Technical Writer,Hyderabad,198325,104555,209863,157209.0
Computer Vision Engineer,Kochi,287898,192625,384662,288643.5
Database Administrator,Chennai,246634,169833,357869,263851.0
AI Engineer,Hyderabad,294660,211938,453516,332727.0
Software Engineer (Frontend),Delhi,167930,112384,214474,163429.0
Machine Learning Engineer,Pune,126276,103420,203742,153581.0
Information Security Engineer,Delhi,126339,111342,226505,168923.5
Network Engineer,Delhi,234642,173721,344490,259105.5
Network Engineer,Pune,190959,115598,221452,168525.0
Cybersecurity Analyst,Hyderabad,174665,113549,211386,162467.5
Full Stack Developer,Bangalore,123862,87643,167602,127622.5
Cloud Engineer,Delhi,197711,119364,217856,168610.0
Senior Software Engineer,Delhi,318056,216129,379662,297895.5
Site Reliability Engineer,Goa,266669,132488,274463,203475.5
Data Scientist,Pune,157036,97761,208003,152882.0
AI Engineer,Hyderabad,342761,185367,411900,298633.5
DevOps Engineer,Hyderabad,263899,133384,270314,201849.0
Software Engineer (Backend),Bangalore,320641,248065,423652,335858.5
Machine Learning Engineer,Trivandrum,220752,147816,310590,229203.0
AI Engineer,Surat,117691,85711,189060,137385.5
Data Scientist,Chennai,261268,174892,366558,270725.0
Game Developer,Hyderabad,160283,119037,246511,182774.0
Cloud Engineer,Hyderabad,96100,66033,126875,96454.0
Software Engineer (Frontend),Delhi,334018,235103,402663,318883.0
Mobile Developer,Mysore,154935,84520,158627,121573.5
Software Engineer (Backend),Pune,219147,146343,263617,204980.0
Game Developer,Delhi,151441,102753,192278,147515.5
Machine Learning Engineer,Delhi,131456,122604,241175,181889.5
Machine Learning Engineer,Lucknow,169944,105070,209070,157070.0
Cloud Engineer,Mumbai,222439,137111,251194,194152.5
Technical Architect,Indore,335438,185894,366405,276149.5
Software Engineer (Frontend),Mumbai,169366,97617,184840,141228.5
Software Engineer,Kolkata,149118,90505,175309,132907.0
Cloud Engineer,Pune,83206,82650,147008,114829.0
DevOps Engineer,Bangalore,290158,157912,318221,238066.5
Network Engineer,Pune,300575,159234,317648,238441.0
Android Developer,Pune,87830,63270,124546,93908.0
DevOps Engineer,Chennai,74604,43998,88028,66013.0
AI Engineer,Mumbai,377690,205837,428828,317332.5
System Administrator,Chennai,65029,50637,102444,76540.5
AI Engineer,Mumbai,409118,273749,533795,403772.0
AI Engineer,Pune,389661,205240,442921,324080.5
NLP Engineer,Nagpur,126131,74020,148309,111164.5
iOS Developer,Kochi,303990,204415,386684,295549.5
Data Scientist,Delhi,215212,145819,305724,225771.5
Robotics Engineer,Lucknow,245330,130984,264907,197945.5
UI/UX Designer,Chennai,151914,122459,267987,195223.0
QA Engineer,Trivandrum,120536,98287,196353,147320.0
Database Administrator,Bangalore,110232,66937,135943,101440.0
Software Engineer,Bangalore,186738,98906,205084,151995.0
Software Engineer (Backend),Mumbai,107406,99375,187618,143496.5
Principal Engineer,Pune,681331,516625,1028086,772355.5
Data Scientist,Hyderabad,374850,172966,362983,267974.5
Machine Learning Engineer,Ahmedabad,145747,90760,196357,143558.5
Principal Engineer,Surat,194510,139147,272150,205648.5
Full Stack Developer,Mysore,238396,129885,240551,185218.0
Full Stack Developer,Chennai,211412,110283,222412,166347.5
Full Stack Developer,Hyderabad,194348,123980,235561,179770.5
Software Engineer,Chennai,124377,102460,209464,155962.0
Technical Writer,Hyderabad,158150,82837,184092,133464.5
Software Engineer (Frontend),Delhi,145032,86706,156857,121781.5
Data Engineer,Chennai,134477,95311,184514,139912.5
Cloud Engineer,Mumbai,158001,116703,221906,169304.5
Senior Software Engineer,Visakhapatnam,134238,113355,206734,160044.5
AI Engineer,Hyderabad,317707,207617,437942,322779.5
Software Engineer (Frontend),Lucknow,84784,53115,90004,71559.5
DevOps Engineer,Hyderabad,126675,72713,145590,109151.5
Site Reliability Engineer,Hyderabad,267950,144166,293413,218789.5
Network Engineer,Bangalore,167089,122523,246462,184492.5
Machine Learning Engineer,Pune,322777,205786,420347,313066.5
Software Engineer (Backend),Trivandrum,76314,63283,114335,88809.0
iOS Developer,Trivandrum,203438,121216,222781,171998.5
Data Scientist,Kochi,193971,111405,227070,169237.5
AI Engineer,Pune,176174,101034,220937,160985.5
Site Reliability Engineer,Hyderabad,77839,67936,147352,107644.0
Cloud Engineer,Pune,275805,212348,392712,302530.0
Data Scientist,Visakhapatnam,203149,112060,225272,168666.0
Software Engineer (Backend),Surat,96027,69449,117563,93506.0
Machine Learning Engineer,Hyderabad,232828,191632,383748,287690.0
Machine Learning Engineer,Bangalore,154300,121032,241931,181481.5
Network Engineer,Kochi,124653,78671,148381,113526.0
Software Engineer (Backend),Bangalore,153806,123172,230432,176802.0
Cloud Engineer,Pune,147525,122959,221937,172448.0
Product Manager,Pune,244898,148961,312906,230933.5
Embedded Systems Engineer,Delhi,142720,95328,186840,141084.0
Full Stack Developer,Kochi,230577,180806,310635,245720.5
Cloud Engineer,Pune,107224,86478,152800,119639.0
Full Stack Developer,Kolkata,91614,58505,104616,81560.5
Data Scientist,Pune,209939,109723,226881,168302.0
Mobile Developer,Pune,98659,77225,142072,109648.5
Game Developer,Pune,310198,174420,352174,263297.0
Information Security Engineer,Mumbai,190290,126889,252525,189707.0
Cloud Engineer,Kolkata,145211,90469,165783,128126.0
Cybersecurity Analyst,Mumbai,104614,84683,162390,123536.5
Software Engineer (Frontend),Lucknow,117310,98429,189917,144173.0
Software Engineer (Backend),Hyderabad,356027,204231,376019,290125.0
Mobile Developer,Delhi,215144,119943,231262,175602.5
NLP Engineer,Pune,134234,94952,178037,136494.5
Software Engineer (Backend),Delhi,90049,73774,134985,104379.5
AI Engineer,Bangalore,307253,235376,494333,364854.5
QA Engineer,Pune,305445,175304,357756,266530.0
DevOps Engineer,Surat,89095,65330,124411,94870.5
AR/VR Engineer,Surat,297261,225228,428205,326716.5
Full Stack Developer,Pune,414062,243184,483816,363500.0
Data Scientist,Indore,251545,152584,314564,233574.0
UI/UX Designer,Lucknow,126701,84512,183967,134239.5
Software Engineer (Backend),Noida,292864,193956,354191,274073.5
NLP Engineer,Mumbai,312866,191359,386161,288760.0
Blockchain Developer,Mumbai,284644,181817,368719,275268.0
System Administrator,Chennai,171725,110663,216066,163364.5
AI Engineer,Chennai,130846,85077,177437,131257.0
Database Administrator,Hyderabad,109660,61978,132197,97087.5
Software Engineer,Mumbai,172392,147496,275086,211291.0
AI Engineer,Trivandrum,452396,180506,412223,296364.5
Data Scientist,Mumbai,178254,98141,211663,154902.0
Software Engineer (Backend),Delhi,210305,164547,294722,229634.5
Cybersecurity Analyst,Mumbai,103821,57520,112529,85024.5
Software Engineer,Pune,218628,120164,233828,176996.0
Machine Learning Engineer,Mumbai,194087,128625,273587,201106.0
Technical Writer,Ahmedabad,103636,57267,121489,89378.0
Blockchain Developer,Pune,306242,161308,312833,237070.5
Embedded Systems Engineer,Delhi,403165,236803,470742,353772.5
AI Engineer,Hyderabad,209046,180921,384732,282826.5
Computer Vision Engineer,Chennai,123726,104349,193005,148677.0
Cloud Engineer,Chennai,248620,136975,252129,194552.0
Cybersecurity Analyst,Coimbatore,250615,136945,273830,205387.5
Software Engineer (Backend),Surat,159623,141975,266182,204078.5
Database Administrator,Chennai,129107,75317,155472,115394.5
Junior Developer,Bangalore,104730,60333,107971,84152.0
UI/UX Designer,Noida,118212,69733,151770,110751.5
Cybersecurity Analyst,Coimbatore,103581,85755,163446,124600.5
DevOps Engineer,Bangalore,292680,182057,355632,268844.5
Network Engineer,Mumbai,284530,163139,337052,250095.5
Mobile Developer,Chennai,91172,60537,121633,91085.0
Software Engineer (Frontend),Mumbai,95382,59511,104167,81839.0
Machine Learning Engineer,Mumbai,189119,155596,333619,244607.5
Data Scientist,Visakhapatnam,209349,93535,206681,150108.0
Embedded Systems Engineer,Hyderabad,187762,165411,333545,249478.0
Full Stack Developer,Delhi,162894,119500,224030,171765.0
Research Scientist,Chennai,149007,130573,241078,185825.5
Software Engineer (Backend),Noida,236390,216886,394148,305517.0
Cloud Engineer,Delhi,141517,97777,179328,138552.5
QA Engineer,Bhubaneswar,155631,88967,184504,136735.5
Software Engineer (Backend),Bangalore,94043,75338,140399,107868.5
iOS Developer,Visakhapatnam,179829,120518,207844,164181.0
DevOps Engineer,Mumbai,137144,104357,203831,154094.0
Cybersecurity Analyst,Bangalore,154634,115007,210470,162738.5
Software Engineer,Delhi,247591,148698,301968,225333.0
Robotics Engineer,Mumbai,132572,118935,234323,176629.0
Lead Data Scientist,Mumbai,246449,226989,418998,322993.5
Android Developer,Hyderabad,204034,162975,328074,245524.5
Blockchain Developer,Surat,243805,156406,292835,224620.5
Product Manager,Delhi,134436,115635,225346,170490.5
NLP Engineer,Mumbai,216276,116187,223081,169634.0
iOS Developer,Mumbai,84451,56404,115046,85725.0
Technical Architect,Kochi,285209,247254,490994,369124.0
Senior Software Engineer,Pune,233012,186178,310432,248305.0
Cloud Engineer,Kochi,196634,146138,280175,213156.5
Embedded Systems Engineer,Bangalore,141350,101359,219934,160646.5
AI Engineer,Chennai,233149,120965,250702,185833.5
iOS Developer,Bangalore,232277,190665,370798,280731.5
DevOps Engineer,Mumbai,80826,70706,138154,104430.0
Software Engineer,Mumbai,274433,138592,272068,205330.0
Software Engineer (Frontend),Chennai,190466,131690,233698,182694.0
Software Engineer (Frontend),Chandigarh,222791,121106,223223,172164.5
NLP Engineer,Pune,241878,121375,255432,188403.5
Cloud Engineer,Trivandrum,212419,139626,282199,210912.5
Cybersecurity Analyst,Hyderabad,166980,99893,199847,149870.0
Research Scientist,Trivandrum,113704,113686,224498,169092.0
Machine Learning Engineer,Coimbatore,190656,122127,254954,188540.5
Database Administrator,Chennai,196957,97558,206403,151980.5
Lead Data Scientist,Delhi,374471,273428,511846,392637.0
AI Engineer,Pune,152381,80488,174916,127702.0
DevOps Engineer,Noida,339671,197507,406109,301808.0
Technical Architect,Bangalore,364055,191582,418478,305030.0
Software Engineer (Frontend),Mumbai,216007,191458,346628,269043.0
Cloud Engineer,Hyderabad,87151,74534,143754,109144.0
Software Engineer,Ahmedabad,170252,136738,245268,191003.0
QA Engineer,Chennai,122414,63942,131550,97746.0
Cloud Engineer,Delhi,223170,124179,231141,177660.0
Data Scientist,Hyderabad,222852,108714,245164,176939.0
Software Engineer (Frontend),Chennai,96201,62790,117429,90109.5
Principal Engineer,Trivandrum,542172,276485,517398,396941.5
Data Scientist,Mumbai,99261,56480,119065,87772.5
Full Stack Developer,Pune,76452,50359,95011,72685.0
DevOps Engineer,Kolkata,100623,60270,115059,87664.5
Android Developer,Nagpur,132486,87721,166730,127225.5
AI Engineer,Bangalore,302975,189124,393725,291424.5
Cloud Engineer,Hyderabad,87285,60016,121091,90553.5
Data Engineer,Hyderabad,109135,69402,139601,104501.5
Technical Architect,Hyderabad,552053,296024,614982,455503.0
Embedded Systems Engineer,Gurgaon,219434,145393,309847,227620.0
Machine Learning Engineer,Pune,133690,72258,155459,113858.5
Network Engineer,Mumbai,122331,67649,136750,102199.5
Software Engineer (Backend),Chennai,296494,199377,386643,293010.0
Android Developer,Hyderabad,146207,102240,200655,151447.5
Lead Data Scientist,Bangalore,233751,210792,394582,302687.0
Product Manager,Delhi,360013,266702,536479,401590.5
Software Engineer (Backend),Mumbai,226132,132058,232171,182114.5
Game Developer,Bangalore,310732,185946,382366,284156.0
Data Scientist,Hyderabad,215601,92905,209405,151155.0
Principal Engineer,Trivandrum,256606,171324,331887,251605.5
Junior Developer,Trivandrum,83313,82377,144624,113500.5
Cybersecurity Analyst,Delhi,139849,122060,233704,177882.0
QA Engineer,Ahmedabad,106193,78863,154035,116449.0
Principal Engineer,Pune,502371,398372,777209,587790.5
Software Engineer,Jaipur,209562,152530,292839,222684.5
Cybersecurity Analyst,Noida,76074,69166,143471,106318.5
Computer Vision Engineer,Hyderabad,167609,89042,176703,132872.5
Data Engineer,Pune,231018,153323,302365,227844.0
Machine Learning Engineer,Gurgaon,146887,83996,176732,130364.0
Junior Developer,Hyderabad,89213,76849,135775,106312.0
Information Security Engineer,Hyderabad,132423,84461,152279,118370.0
Software Engineer (Frontend),Chennai,157255,97487,168032,132759.5
Cybersecurity Analyst,Kolkata,95018,62962,121051,92006.5
Software Engineer (Frontend),Delhi,80400,59201,102509,80855.0
Cybersecurity Analyst,Pune,125787,70973,140414,105693.5
Cloud Engineer,Hyderabad,208632,133839,236173,185006.0
Software Engineer (Backend),Pune,104885,100864,179255,140059.5
Senior Software Engineer,Pune,176375,101989,182240,142114.5
Software Engineer,Delhi,142447,101477,190398,145937.5
Site Reliability Engineer,Mumbai,192629,109008,220858,164933.0
Machine Learning Engineer,Noida,91550,87277,179272,133274.5
iOS Developer,Bangalore,404178,245023,448609,346816.0
Software Engineer (Frontend),Pune,115412,75427,143410,109418.5
Senior Software Engineer,Delhi,302781,242084,406562,324323.0
Software Engineer (Backend),Mumbai,252107,129634,244732,187183.0
AI Engineer,Chennai,307193,183759,386288,285023.5
Computer Vision Engineer,Mumbai,256274,129933,278911,204422.0
Data Engineer,Indore,313056,168206,337555,252880.5
Full Stack Developer,Trivandrum,67859,55421,99916,77668.5
DevOps Engineer,Chennai,216479,163719,309751,236735.0
Cloud Engineer,Mumbai,159334,102379,195103,148741.0
Full Stack Developer,Bangalore,389687,238938,466327,352632.5
Mobile Developer,Visakhapatnam,234864,123559,217186,170372.5
Information Security Engineer,Mumbai,208233,136084,266641,201362.5
Software Engineer (Frontend),Mumbai,178843,131828,231243,181535.5
DevOps Engineer,Bangalore,246368,213625,390764,302194.5
DevOps Engineer,Kolkata,147152,92217,174798,133507.5
Android Developer,Mumbai,311134,182556,348534,265545.0
Machine Learning Engineer,Kochi,170108,147128,310278,228703.0
Machine Learning Engineer,Mumbai,168633,80617,170859,125738.0
Software Engineer,Kolkata,119400,77720,149591,113655.5
AI Engineer,Delhi,152066,96495,190379,143437.0
Senior Software Engineer,Hyderabad,313965,219046,421242,320144.0
System Administrator,Nagpur,92206,78376,157933,118154.5
Cloud Engineer,Mysore,231803,133676,255562,194619.0
Data Scientist,Hyderabad,186811,99465,208916,154190.5
Data Scientist,Mumbai,112742,80726,163071,121898.5
Data Scientist,Delhi,249783,124108,275124,199616.0
Software Engineer (Frontend),Pune,414924,268525,447157,357841.0
Data Scientist,Delhi,261909,165963,353890,259926.5
Cloud Engineer,Delhi,82219,71448,129309,100378.5
Machine Learning Engineer,Hyderabad,346007,199878,423542,311710.0
AR/VR Engineer,Chennai,89503,74893,139509,107201.0
Network Engineer,Mumbai,322660,166883,330941,248912.0
Machine Learning Engineer,Delhi,294218,137998,299998,218998.0
UI/UX Designer,Ahmedabad,178528,129622,279327,204474.5
NLP Engineer,Bangalore,239579,143474,285453,214463.5
Data Scientist,Pune,81000,49336,97245,73290.5
Full Stack Developer,Bangalore,134595,130063,259812,194937.5
AI Engineer,Bhubaneswar,171603,167860,351982,259921.0
Software Engineer,Surat,347563,224798,413145,318971.5
Software Engineer (Frontend),Mumbai,85593,83344,150437,116890.5
Data Scientist,Hyderabad,305908,156453,341034,248743.5
Principal Engineer,Mumbai,205680,113498,213673,163585.5
AR/VR Engineer,Trivandrum,152165,116684,233886,175285.0
Blockchain Developer,Indore,227871,138973,251681,195327.0
Cybersecurity Analyst,Hyderabad,158906,154397,316814,235605.5
Software Engineer (Backend),Bangalore,362923,308949,574198,441573.5
Mobile Developer,Chennai,115779,66537,137208,101872.5
Site Reliability Engineer,Surat,246000,204822,428620,316721.0
Junior Developer,Mumbai,90108,53945,90253,72099.0
iOS Developer,Chennai,88893,66667,127131,96899.0
Machine Learning Engineer,Hyderabad,199720,183809,381633,282721.0
Full Stack Developer,Delhi,277852,156555,274624,215589.5
AR/VR Engineer,Chennai,312925,209751,398842,304296.5
DevOps Engineer,Pune,106842,91045,171632,131338.5
Game Developer,Chennai,197810,123983,265010,194496.5
Game Developer,Indore,82487,55275,109985,82630.0
AI Engineer,Hyderabad,91505,82393,178100,130246.5
Machine Learning Engineer,Gurgaon,141055,87356,175514,131435.0
DevOps Engineer,Hyderabad,196645,127349,258049,192699.0
Cybersecurity Analyst,Jaipur,171322,98882,185424,142153.0
Software Engineer (Backend),Delhi,166770,143337,255452,199394.5
Information Security Engineer,Ahmedabad,219223,192004,388547,290275.5
Software Engineer (Frontend),Bangalore,142974,105018,190822,147920.0
DevOps Engineer,Chennai,261822,173208,324725,248966.5
Software Engineer (Frontend),Delhi,73773,61742,110783,86262.5
Technical Writer,Chennai,146171,63224,145984,104604.0
Data Scientist,Jaipur,118626,96409,218984,157696.5
Cybersecurity Analyst,Bangalore,165420,96536,188953,142744.5
Cybersecurity Analyst,Mumbai,145998,125599,237469,181534.0
Senior Software Engineer,Hyderabad,135785,102886,173996,138441.0
Cybersecurity Analyst,Kochi,139778,101448,204315,152881.5
Data Scientist,Mysore,122959,96299,211840,154069.5
Game Developer,Indore,183914,107324,213043,160183.5
Cloud Engineer,Gurgaon,128182,81460,150688,116074.0
AI Engineer,Mumbai,114385,93904,195317,144610.5
Cybersecurity Analyst,Mumbai,257996,220612,394747,307679.5
Robotics Engineer,Hyderabad,239271,231141,517572,374356.5
NLP Engineer,Delhi,167386,95248,173879,134563.5
Software Engineer,Bhubaneswar,106520,61999,123624,92811.5
Computer Vision Engineer,Delhi,334651,208617,409284,308950.5
Embedded Systems Engineer,Coimbatore,66890,46986,100771,73878.5
Software Engineer (Frontend),Kolkata,127133,94312,175722,135017.0
Cloud Engineer,Bangalore,115098,100800,186981,143890.5
DevOps Engineer,Pune,147012,74987,140619,107803.0
Principal Engineer,Delhi,215894,181439,357276,269357.5
Software Engineer (Backend),Pune,131548,82203,143570,112886.5
AI Engineer,Chennai,130205,86948,187824,137386.0
Data Scientist,Chennai,354781,200916,395603,298259.5
Robotics Engineer,Jaipur,309593,168456,331273,249864.5
Cybersecurity Analyst,Jaipur,261485,121785,245262,183523.5
Machine Learning Engineer,Chennai,221865,125645,245589,185617.0
iOS Developer,Hyderabad,253481,192561,342829,267695.0
Data Engineer,Chennai,158018,83898,158512,121205.0
NLP Engineer,Pune,310000,275847,513825,394836.0
AI Engineer,Surat,241061,131500,276337,203918.5
Software Engineer (Frontend),Bangalore,187002,146829,274687,210758.0
Software Engineer,Hyderabad,156290,98811,195164,146987.5
Computer Vision Engineer,Bangalore,468009,277872,582535,430203.5
Cloud Engineer,Nagpur,204562,120246,233144,176695.0
Data Scientist,Bangalore,215142,142329,301733,222031.0
Machine Learning Engineer,Pune,155406,127827,261044,194435.5
Full Stack Developer,Delhi,123156,91348,180519,135933.5
Machine Learning Engineer,Pune,108386,74600,150204,112402.0
NLP Engineer,Chennai,192100,146346,278747,212546.5
QA Engineer,Chennai,130936,84702,157957,121329.5
Software Engineer (Backend),Chennai,172571,142227,241290,191758.5
DevOps Engineer,Coimbatore,292354,151887,302027,226957.0
Software Engineer (Backend),Bhubaneswar,139304,122343,215566,168954.5
Mobile Developer,Hyderabad,227429,136954,261851,199402.5
Technical Writer,Mumbai,182909,150447,311311,230879.0
Data Scientist,Delhi,253564,146691,302263,224477.0
NLP Engineer,Bangalore,118036,90364,178458,134411.0
Data Scientist,Hyderabad,252118,106210,239446,172828.0
AI Engineer,Chennai,154620,89514,183383,136448.5
Machine Learning Engineer,Hyderabad,57852,56640,126159,91399.5
Network Engineer,Mumbai,102911,53486,112344,82915.0
Software Engineer (Frontend),Hyderabad,99879,79193,134197,106695.0
Full Stack Developer,Visakhapatnam,181297,142496,265152,203824.0
Full Stack Developer,Lucknow,99560,59536,115094,87315.0
AI Engineer,Lucknow,118077,94482,189796,142139.0
Senior Software Engineer,Bangalore,297869,237740,423184,330462.0
Information Security Engineer,Delhi,77320,66268,127794,97031.0
Software Engineer,Pune,83047,79918,157923,118920.5
Principal Engineer,Delhi,292539,230722,453153,341937.5
Junior Developer,Chennai,129065,84058,138421,111239.5
Machine Learning Engineer,Pune,94843,68420,138422,103421.0
DevOps Engineer,Chennai,114428,77745,154275,116010.0
Blockchain Developer,Mumbai,233136,140225,286338,213281.5
Research Scientist,Delhi,378578,209080,389575,299327.5
Software Engineer (Frontend),Pune,230433,135670,246125,190897.5
Embedded Systems Engineer,Trivandrum,72877,53258,114585,83921.5
DevOps Engineer,Pune,247963,149138,292550,220844.0
AI Engineer,Bangalore,134361,120433,236093,178263.0
Product Manager,Visakhapatnam,220284,124550,286149,205349.5
System Administrator,Bangalore,273132,182534,354455,268494.5
Cloud Engineer,Mumbai,207854,99804,193000,146402.0
NLP Engineer,Surat,141325,86833,179873,133353.0
Full Stack Developer,Kolkata,108593,58005,110654,84329.5
Cybersecurity Analyst,Kolkata,76715,66624,131946,99285.0
NLP Engineer,Delhi,549404,313945,638688,476316.5
Information Security Engineer,Chennai,81864,69552,139537,104544.5
Database Administrator,Goa,129431,113441,252261,182851.0
Full Stack Developer,Delhi,124009,93894,168544,131219.0
Cybersecurity Analyst,Bangalore,151968,139049,257404,198226.5
Mobile Developer,Bangalore,279762,192324,364491,278407.5
Game Developer,Chennai,93087,63605,138440,101022.5
Blockchain Developer,Delhi,249054,169507,334141,251824.0
Software Engineer (Backend),Chennai,116489,84506,155678,120092.0
AI Engineer,Jaipur,122182,77562,170587,124074.5
Machine Learning Engineer,Indore,132919,82271,169053,125662.0
Full Stack Developer,Bangalore,201995,110781,198337,154559.0
Full Stack Developer,Pune,203413,155622,272176,213899.0
Junior Developer,Pune,211916,125084,209068,167076.0
Cloud Engineer,Pune,231952,157910,286974,222442.0
Software Engineer (Frontend),Mumbai,220836,139461,269481,204471.0
Information Security Engineer,Pune,140383,101996,207119,154557.5
DevOps Engineer,Pune,114312,109779,202829,156304.0
Machine Learning Engineer,Bhubaneswar,281725,157698,332170,244934.0
Software Engineer (Backend),Bangalore,136395,122543,229344,175943.5
Software Engineer,Hyderabad,232570,197058,377742,287400.0
Cybersecurity Analyst,Pune,158017,151130,281681,216405.5
Mobile Developer,Hyderabad,146255,81599,158835,120217.0
AI Engineer,Mumbai,242492,170333,340706,255519.5
Blockchain Developer,Pune,208580,158497,306568,232532.5
Data Scientist,Delhi,180594,129559,269089,199324.0
Software Engineer (Frontend),Chennai,169314,120465,230435,175450.0
Software Engineer (Frontend),Lucknow,79614,67100,113289,90194.5
Machine Learning Engineer,Trivandrum,103905,80604,168247,124425.5
Software Engineer (Backend),Pune,151895,126983,214818,170900.5
AI Engineer,Delhi,269679,167089,360181,263635.0
Product Manager,Nagpur,208893,184473,399367,291920.0
Software Engineer (Backend),Bangalore,146260,85393,156524,120958.5
Cybersecurity Analyst,Mumbai,124829,92866,184884,138875.0
DevOps Engineer,Bhubaneswar,133113,88051,167694,127872.5
DevOps Engineer,Goa,275473,133931,264093,199012.0
Cybersecurity Analyst,Chennai,161539,111188,222487,166837.5
Lead Data Scientist,Chennai,153800,141125,273665,207395.0
Mobile Developer,Bhubaneswar,129030,77955,151203,114579.0
Data Scientist,Delhi,340199,173258,369204,271231.0
AI Engineer,Pune,127708,74963,153582,114272.5
Research Scientist,Trivandrum,157273,86322,174063,130192.5
Android Developer,Mumbai,231363,142676,254523,198599.5
Information Security Engineer,Trivandrum,309519,182440,341623,262031.5
Principal Engineer,Trivandrum,205866,113277,218747,166012.0
System Administrator,Bangalore,275926,147589,298818,223203.5
Database Administrator,Hyderabad,124138,95273,190041,142657.0
DevOps Engineer,Bangalore,305479,183712,358179,270945.5
Software Engineer (Backend),Bangalore,213155,112645,199254,155949.5
Information Security Engineer,Mumbai,201463,113148,217330,165239.0
Site Reliability Engineer,Nagpur,367105,198781,408678,303729.5
Technical Writer,Noida,90347,68335,144408,106371.5
Cybersecurity Analyst,Pune,124453,77828,153078,115453.0
Machine Learning Engineer,Lucknow,150199,134522,268925,201723.5
Machine Learning Engineer,Coimbatore,122567,70129,149913,110021.0
AR/VR Engineer,Mumbai,241322,198022,376810,287416.0
Principal Engineer,Chennai,364379,238795,457682,348238.5
Cloud Engineer,Hyderabad,114338,74411,141408,107909.5
UI/UX Designer,Kochi,125516,68502,150336,109419.0
Data Scientist,Pune,174809,149771,307296,228533.5
Lead Data Scientist,Mumbai,202273,201316,427921,314618.5
Mobile Developer,Pune,91181,77640,140194,108917.0
Junior Developer,Bangalore,64661,59838,106767,83302.5
Database Administrator,Bangalore,143421,70316,145280,107798.0
Data Engineer,Hyderabad,380766,239417,473677,356547.0
Full Stack Developer,Bangalore,215182,208534,361934,285234.0
Software Engineer (Backend),Ahmedabad,109779,107764,200847,154305.5
AR/VR Engineer,Mumbai,141794,101864,207289,154576.5
Blockchain Developer,Mysore,181272,178757,340167,259462.0
Full Stack Developer,Ahmedabad,101887,67404,124476,95940.0
Cloud Engineer,Kolkata,150366,118993,231257,175125.0
AI Engineer,Indore,141030,88438,181131,134784.5
Software Engineer (Frontend),Mumbai,297230,210002,370122,290062.0
DevOps Engineer,Mumbai,166123,137790,256865,197327.5
Cybersecurity Analyst,Kolkata,245847,119778,247503,183640.5
Machine Learning Engineer,Nagpur,190341,108382,228097,168239.5
Data Scientist,Pune,206203,105930,210015,157972.5
Machine Learning Engineer,Pune,219263,118644,244804,181724.0
Blockchain Developer,Ahmedabad,198779,123852,247436,185644.0
Software Engineer,Bangalore,135897,80895,155436,118165.5
AI Engineer,Pune,204001,103106,219855,161480.5
Blockchain Developer,Bangalore,252802,188285,356689,272487.0
Data Scientist,Pune,82759,79685,168625,124155.0
NLP Engineer,Gurgaon,368697,219286,420851,320068.5
NLP Engineer,Delhi,272720,133822,252086,192954.0
Data Scientist,Chennai,325349,186169,379880,283024.5
Machine Learning Engineer,Chennai,110226,56254,115125,85689.5
Cybersecurity Analyst,Chandigarh,142151,83288,161759,122523.5
Full Stack Developer,Bangalore,217590,165504,318000,241752.0
Software Engineer,Bangalore,167558,152257,304200,228228.5
Data Scientist,Kochi,245850,135142,266095,200618.5
DevOps Engineer,Chennai,281606,154592,299801,227196.5
Senior Software Engineer,Chennai,300402,183691,318958,251324.5
DevOps Engineer,Nagpur,88951,63428,129911,96669.5
Software Engineer (Frontend),Goa,224827,140953,272543,206748.0
Cloud Engineer,Coimbatore,98228,76887,139242,108064.5
System Administrator,Delhi,144238,110242,209775,160008.5
Blockchain Developer,Chennai,149375,87519,180209,133864.0
Software Engineer (Backend),Noida,178904,104267,197656,150961.5
Data Scientist,Hyderabad,249667,181375,381636,281505.5
Machine Learning Engineer,Chennai,225299,103116,213055,158085.5
Computer Vision Engineer,Delhi,275701,228242,495691,361966.5
System Administrator,Pune,82213,70819,137883,104351.0
AI Engineer,Chennai,186611,100027,210165,155096.0
Software Engineer,Delhi,216850,113090,238671,175880.5
DevOps Engineer,Delhi,107997,76206,149957,113081.5
AR/VR Engineer,Delhi,196828,116793,223811,170302.0
Cloud Engineer,Noida,215116,126495,234878,180686.5
System Administrator,Kolkata,116516,81428,160756,121092.0
Software Engineer,Bangalore,253550,170202,306894,238548.0
Robotics Engineer,Chandigarh,320551,201510,402918,302214.0
Software Engineer,Bangalore,132752,115862,216558,166210.0
Software Engineer (Backend),Noida,240848,170303,298659,234481.0
Software Engineer,Mumbai,122397,69960,129762,99861.0
DevOps Engineer,Mumbai,314331,198297,383399,290848.0
Embedded Systems Engineer,Lucknow,124085,83942,165011,124476.5
Full Stack Developer,Delhi,108125,87211,152275,119743.0
Software Engineer,Noida,103000,101715,194311,148013.0
System Administrator,Bangalore,262626,142833,285722,214277.5
Computer Vision Engineer,Coimbatore,258107,172541,344128,258334.5
Robotics Engineer,Chennai,278265,181331,373465,277398.0
Full Stack Developer,Hyderabad,220271,141145,260654,200899.5
AI Engineer,Hyderabad,121071,100544,209655,155099.5
Full Stack Developer,Delhi,133957,84726,156491,120608.5
AR/VR Engineer,Delhi,310879,184949,392912,288930.5
QA Engineer,Hyderabad,161794,91515,189166,140340.5
Machine Learning Engineer,Chennai,206765,99962,224906,162434.0
Software Engineer (Frontend),Nagpur,128735,117081,217909,167495.0
Data Scientist,Chennai,258360,166764,354067,260415.5
Data Engineer,Chennai,182741,179654,353708,266681.0
iOS Developer,Chennai,171845,113532,215271,164401.5
Network Engineer,Kolkata,149454,76317,159519,117918.0
Full Stack Developer,Bangalore,137952,100138,183965,142051.5
Cloud Engineer,Chennai,219834,128708,248787,188747.5
Network Engineer,Pune,196346,116921,238303,177612.0
Cybersecurity Analyst,Hyderabad,117888,79750,153291,116520.5
Data Scientist,Indore,151129,82243,179406,130824.5
Software Engineer (Backend),Pune,126663,101215,177663,139439.0
AI Engineer,Bhubaneswar,246553,144156,305437,224796.5
DevOps Engineer,Chennai,83770,74722,139204,106963.0
Data Scientist,Chennai,181014,127177,270777,198977.0
Blockchain Developer,Gurgaon,255470,206765,418347,312556.0
Cloud Engineer,Delhi,87561,74457,137090,105773.5
QA Engineer,Delhi,112870,77273,155652,116462.5
Full Stack Developer,Chennai,95081,80280,155447,117863.5
Data Engineer,Delhi,260823,165134,305020,235077.0
Information Security Engineer,Mumbai,181817,139147,266358,202752.5
Site Reliability Engineer,Delhi,193331,114367,236161,175264.0
Data Scientist,Delhi,168969,97495,201836,149665.5
Technical Writer,Visakhapatnam,61627,46897,96356,71626.5
AI Engineer,Chennai,116580,80571,156609,118590.0
DevOps Engineer,Chennai,235124,132482,247413,189947.5
Technical Writer,Hyderabad,114767,66454,143840,105147.0
Principal Engineer,Hyderabad,355205,346573,668077,507325.0
Software Engineer,Bangalore,231118,174831,324551,249691.0
DevOps Engineer,Delhi,150330,114170,221584,167877.0
Android Developer,Bangalore,264595,178688,334703,256695.5
Embedded Systems Engineer,Kolkata,115481,73952,148780,111366.0
Computer Vision Engineer,Hyderabad,183172,128970,253654,191312.0
Database Administrator,Delhi,401356,221441,467205,344323.0
Software Engineer (Frontend),Pune,171963,117602,218502,168052.0
Full Stack Developer,Visakhapatnam,95672,91412,173057,132234.5
Research Scientist,Kochi,232986,157174,299388,228281.0
Software Engineer,Mumbai,229411,200060,363914,281987.0
AI Engineer,Pune,410730,208582,404635,306608.5
Full Stack Developer,Hyderabad,191748,139404,276020,207712.0
Software Engineer (Backend),Mumbai,168581,114725,219385,167055.0
Software Engineer (Backend),Bangalore,211713,134993,252396,193694.5
AI Engineer,Jaipur,167780,86530,191104,138817.0
Game Developer,Indore,223263,127282,255273,191277.5
DevOps Engineer,Bangalore,166158,114400,207317,160858.5
Database Administrator,Delhi,64367,60151,124748,92449.5
DevOps Engineer,Pune,77477,68396,128787,98591.5
Technical Writer,Bangalore,172474,98058,191123,144590.5
Cybersecurity Analyst,Bhubaneswar,164010,83010,166112,124561.0
Robotics Engineer,Bangalore,149918,85904,170326,128115.0
Full Stack Developer,Nagpur,217873,158716,311592,235154.0
Software Engineer (Backend),Mumbai,191363,135101,252542,193821.5
Full Stack Developer,Chennai,217326,176961,335775,256368.0
Robotics Engineer,Delhi,225177,145158,298522,221840.0
Data Scientist,Chennai,163723,146910,301452,224181.0
NLP Engineer,Bangalore,314957,261590,505196,383393.0
Software Engineer (Backend),Coimbatore,47686,42946,83649,63297.5
Data Engineer,Chennai,80544,68573,140416,104494.5
Full Stack Developer,Pune,125260,95885,165786,130835.5
Technical Architect,Pune,399056,348742,706336,527539.0
Data Scientist,Bangalore,108028,107055,213655,160355.0
Product Manager,Lucknow,119638,101888,207449,154668.5
Software Engineer (Backend),Noida,263754,184090,325776,254933.0
Software Engineer (Frontend),Hyderabad,85297,69995,127159,98577.0
AI Engineer,Chennai,218794,133270,283079,208174.5
Android Developer,Delhi,86913,59437,118070,88753.5
Android Developer,Bhubaneswar,123741,97562,202133,149847.5
QA Engineer,Bangalore,160217,106720,212277,159498.5
Game Developer,Bangalore,109477,64861,137894,101377.5
Blockchain Developer,Delhi,312377,163540,327218,245379.0
Software Engineer (Backend),Delhi,312035,167053,301644,234348.5
Junior Developer,Ahmedabad,71708,46455,83476,64965.5
Software Engineer (Frontend),Nagpur,110945,69785,120816,95300.5
QA Engineer,Pune,211553,117718,243246,180482.0
DevOps Engineer,Hyderabad,133108,85150,165783,125466.5
Data Scientist,Hyderabad,311493,190721,384598,287659.5
Software Engineer,Kochi,204356,122776,218794,170785.0
AI Engineer,Nagpur,185987,95405,192400,143902.5
Database Administrator,Bhubaneswar,119198,112650,228621,170635.5
Cloud Engineer,Delhi,82701,74959,143806,109382.5
Software Engineer (Frontend),Chennai,137397,81798,143282,112540.0
Full Stack Developer,Trivandrum,267010,182014,346934,264474.0
QA Engineer,Chennai,187376,101085,200628,150856.5
iOS Developer,Delhi,173362,113028,213452,163240.0
Machine Learning Engineer,Chennai,137834,90782,193236,142009.0
System Administrator,Mumbai,407230,199088,402974,301031.0
Blockchain Developer,Hyderabad,280616,160536,334127,247331.5
Game Developer,Lucknow,82353,63965,136714,100339.5
Cybersecurity Analyst,Delhi,243072,212783,432789,322786.0
Android Developer,Bangalore,248223,208537,396338,302437.5
Software Engineer,Chennai,216126,129627,261755,195691.0
Android Developer,Visakhapatnam,146206,88786,156841,122813.5
DevOps Engineer,Indore,108097,60663,115764,88213.5
Cybersecurity Analyst,Chandigarh,124096,76227,152787,114507.0
Full Stack Developer,Trivandrum,80697,48208,93146,70677.0
QA Engineer,Mumbai,72741,50174,95825,72999.5
Cybersecurity Analyst,Bangalore,149211,93547,184430,138988.5
Product Manager,Pune,225761,220935,484951,352943.0
Machine Learning Engineer,Delhi,88847,59958,126201,93079.5
Product Manager,Hyderabad,140125,84418,177380,130899.0
Software Engineer (Backend),Mumbai,200291,121220,223483,172351.5
Cybersecurity Analyst,Surat,181798,105570,206252,155911.0
DevOps Engineer,Bhubaneswar,81829,70962,132230,101596.0
Software Engineer (Frontend),Mumbai,263493,178646,319321,248983.5
Software Engineer (Frontend),Noida,233408,144765,236218,190491.5
Product Manager,Indore,318089,199223,433715,316469.0
Information Security Engineer,Bangalore,225312,160167,297266,228716.5
Blockchain Developer,Delhi,189944,107748,207741,157744.5
Principal Engineer,Pune,257681,174215,342643,258429.0
AI Engineer,Bhubaneswar,231693,151081,308313,229697.0
UI/UX Designer,Bhubaneswar,138553,77359,162798,120078.5
Game Developer,Ahmedabad,104197,62248,129789,96018.5
Machine Learning Engineer,Gurgaon,135022,117359,253103,185231.0
DevOps Engineer,Bangalore,286408,219626,411320,315473.0
Full Stack Developer,Chandigarh,172202,118213,209793,164003.0
Cloud Engineer,Mysore,85239,55670,110533,83101.5
QA Engineer,Pune,108035,105273,216060,160666.5
Machine Learning Engineer,Bangalore,143692,112998,225949,169473.5
DevOps Engineer,Bangalore,259245,184984,376004,280494.0
Android Developer,Mumbai,176246,104932,203932,154432.0
Computer Vision Engineer,Bangalore,707539,352602,707469,530035.5
Software Engineer,Indore,174551,151532,306296,228914.0
Software Engineer (Frontend),Hyderabad,108220,96190,164566,130378.0
QA Engineer,Pune,72984,58299,121134,89716.5
Software Engineer (Backend),Surat,119771,73120,135712,104416.0
Software Engineer (Backend),Chennai,160200,75480,148101,111790.5
Software Engineer,Chennai,156655,149485,296980,223232.5
Robotics Engineer,Mumbai,370166,181376,410726,296051.0
Machine Learning Engineer,Hyderabad,102133,63790,134277,99033.5
Embedded Systems Engineer,Bangalore,370551,247993,504030,376011.5
Cloud Engineer,Pune,159171,92759,172096,132427.5
AI Engineer,Delhi,186482,119756,235517,177636.5
Technical Architect,Hyderabad,625966,337200,688880,513040.0
AI Engineer,Jaipur,328840,227571,471679,349625.0
Software Engineer (Backend),Mumbai,117487,108817,194891,151854.0
Network Engineer,Chennai,301017,137991,279999,208995.0
Software Engineer (Backend),Chennai,261598,148713,275845,212279.0
Data Scientist,Bangalore,202056,92233,189779,141006.0
Information Security Engineer,Delhi,295632,186074,369405,277739.5
System Administrator,Hyderabad,86358,78310,163156,120733.0
Data Scientist,Delhi,331138,182139,392132,287135.5
Product Manager,Hyderabad,165577,105743,223833,164788.0
Information Security Engineer,Mumbai,150961,124371,242205,183288.0
Software Engineer (Frontend),Bangalore,183447,180743,299155,239949.0
Software Engineer,Mysore,138349,83508,152728,118118.0
Software Engineer,Coimbatore,158158,111363,202649,157006.0
Database Administrator,Bangalore,148208,91916,199989,145952.5
Full Stack Developer,Noida,297813,194794,394617,294705.5
Cloud Engineer,Pune,82774,62780,125166,93973.0
Full Stack Developer,Mumbai,142710,106043,194225,150134.0
Product Manager,Delhi,391949,214507,455918,335212.5
DevOps Engineer,Chennai,185366,166831,318341,242586.0
Cloud Engineer,Ahmedabad,219044,143748,274783,209265.5
Cloud Engineer,Mumbai,111694,94423,176467,135445.0
Software Engineer (Frontend),Bangalore,108056,83265,141469,112367.0
Software Engineer,Hyderabad,361594,201746,373092,287419.0
Software Engineer,Lucknow,119484,92783,180346,136564.5
Data Scientist,Ahmedabad,102721,68933,146880,107906.5
Mobile Developer,Bangalore,237867,180659,342964,261811.5
Data Scientist,Surat,220976,119393,242747,181070.0
Junior Developer,Surat,132679,105162,171193,138177.5
Full Stack Developer,Mumbai,131943,108280,211419,159849.5
Cybersecurity Analyst,Hyderabad,306184,195694,411488,303591.0
Cloud Engineer,Mumbai,234570,174328,341712,258020.0
DevOps Engineer,Goa,82086,50587,96961,73774.0
Software Engineer (Backend),Mumbai,70586,57138,106212,81675.0
Game Developer,Mumbai,120499,98933,210130,154531.5
Software Engineer,Mumbai,144288,115846,222155,169000.5
Cloud Engineer,Chennai,199997,191923,392731,292327.0
Cloud Engineer,Bangalore,408258,228954,428113,328533.5
Cloud Engineer,Bhubaneswar,268205,171080,322976,247028.0
Software Engineer,Hyderabad,170790,102305,206710,154507.5
Product Manager,Mumbai,238728,122149,264316,193232.5
Information Security Engineer,Hyderabad,151310,85654,158706,122180.0
AI Engineer,Bangalore,196219,113217,237212,175214.5
Product Manager,Pune,188602,120577,254622,187599.5
Machine Learning Engineer,Pune,328460,182636,363082,272859.0
Software Engineer (Frontend),Mumbai,79119,70971,131283,101127.0
Software Engineer,Chennai,163906,110239,221595,165917.0
AR/VR Engineer,Kolkata,333924,185581,404910,295245.5
DevOps Engineer,Mumbai,177473,98358,171839,135098.5
Lead Data Scientist,Pune,310950,204213,383045,293629.0
Lead Data Scientist,Lucknow,249479,202703,422291,312497.0
Machine Learning Engineer,Hyderabad,106907,68718,132935,100826.5
Machine Learning Engineer,Mumbai,405542,223272,443441,333356.5
Cybersecurity Analyst,Pune,85212,71760,145389,108574.5
Full Stack Developer,Trivandrum,133697,79478,145894,112686.0
Full Stack Developer,Bangalore,268442,234837,482988,358912.5
Research Scientist,Mumbai,252369,209398,412042,310720.0
Software Engineer,Chennai,102024,71977,130507,101242.0
Research Scientist,Hyderabad,202718,137043,268844,202943.5
iOS Developer,Delhi,301265,196460,368145,282302.5
Cloud Engineer,Bangalore,456077,286011,529535,407773.0
AI Engineer,Coimbatore,217343,151703,313910,232806.5
Cloud Engineer,Hyderabad,205104,167665,298813,233239.0
Software Engineer (Frontend),Bangalore,160411,103242,188681,145961.5
Software Engineer,Chennai,147150,88998,181353,135175.5
Site Reliability Engineer,Indore,108281,63857,130503,97180.0
Cybersecurity Analyst,Kochi,121680,109862,227655,168758.5
Game Developer,Pune,158732,140674,309814,225244.0
Full Stack Developer,Mumbai,305434,161549,291033,226291.0
DevOps Engineer,Chennai,185800,149311,278472,213891.5
Software Engineer (Frontend),Surat,299647,184088,320894,252491.0
DevOps Engineer,Pune,87049,77377,146086,111731.5
Robotics Engineer,Hyderabad,150490,78777,173177,125977.0
Network Engineer,Ahmedabad,119625,67780,128783,98281.5
Machine Learning Engineer,Chennai,280881,146106,298314,222210.0
DevOps Engineer,Bangalore,289622,183645,370788,277216.5
AI Engineer,Coimbatore,177119,157588,302392,229990.0
Data Scientist,Jaipur,106045,85846,180927,133386.5
Cloud Engineer,Bangalore,183743,152586,282994,217790.0
DevOps Engineer,Hyderabad,156988,115283,233679,174481.0
Software Engineer (Backend),Bangalore,235203,148569,264512,206540.5
Technical Architect,Bangalore,321374,194106,393418,293762.0
Machine Learning Engineer,Noida,98561,68471,141076,104773.5
AI Engineer,Nagpur,216259,151702,313118,232410.0
Mobile Developer,Delhi,164491,94179,173194,133686.5
Android Developer,Pune,120548,89193,169930,129561.5
AR/VR Engineer,Bangalore,264988,138670,254328,196499.0
DevOps Engineer,Chennai,164006,141156,265895,203525.5
Cloud Engineer,Bangalore,252585,149108,279798,214453.0
Cloud Engineer,Bangalore,166403,164581,324277,244429.0
Cybersecurity Analyst,Mumbai,104963,62393,128930,95661.5
Full Stack Developer,Hyderabad,109373,96927,172330,134628.5
Software Engineer,Bangalore,303894,187314,354430,270872.0
System Administrator,Lucknow,168551,125904,253175,189539.5
UI/UX Designer,Pune,137551,83948,183702,133825.0
Junior Developer,Kochi,50753,41647,73188,57417.5
Software Engineer (Backend),Gurgaon,179869,100136,175356,137746.0
Technical Writer,Pune,147093,70589,155815,113202.0
Machine Learning Engineer,Mumbai,192556,95699,196961,146330.0
Software Engineer (Backend),Jaipur,243188,160455,291431,225943.0
Mobile Developer,Trivandrum,64588,62897,115880,89388.5
NLP Engineer,Chennai,119671,87078,169197,128137.5
Android Developer,Delhi,188949,125753,241607,183680.0
Mobile Developer,Delhi,88219,67512,124955,96233.5
Software Engineer (Frontend),Delhi,319577,229454,429138,329296.0
DevOps Engineer,Chennai,269829,177821,366170,271995.5
Technical Architect,Chennai,307446,261071,538146,399608.5
Software Engineer (Frontend),Bhubaneswar,76558,57442,105716,81579.0
Robotics Engineer,Trivandrum,186668,98441,206980,152710.5
AI Engineer,Bangalore,260617,185640,406345,295992.5
Software Engineer (Frontend),Delhi,209147,134533,242557,188545.0
Software Engineer (Frontend),Noida,256235,152762,261436,207099.0
Blockchain Developer,Delhi,240291,119752,240168,179960.0
Machine Learning Engineer,Hyderabad,246073,126740,270498,198619.0
Robotics Engineer,Chennai,256722,241326,478233,359779.5
Research Scientist,Mumbai,710035,399129,793090,596109.5
Senior Software Engineer,Bangalore,355044,188425,319044,253734.5
iOS Developer,Kochi,70625,52977,103770,78373.5
Cloud Engineer,Noida,212257,134941,254923,194932.0
Software Engineer (Backend),Pune,112477,102663,180136,141399.5
Senior Software Engineer,Bangalore,152573,110220,209419,159819.5
AI Engineer,Pune,166450,106125,223210,164667.5
Lead Data Scientist,Ahmedabad,235108,180939,329704,255321.5
AI Engineer,Bangalore,243856,165446,339698,252572.0
Software Engineer (Frontend),Coimbatore,92346,57123,99266,78194.5
Full Stack Developer,Pune,89206,76811,144866,110838.5
AI Engineer,Pune,259334,134859,293700,214279.5
DevOps Engineer,Trivandrum,84918,72362,137829,105095.5
Software Engineer,Pune,118514,96980,185040,141010.0
Product Manager,Pune,189070,121963,259539,190751.0
Information Security Engineer,Pune,298878,235117,467476,351296.5
Software Engineer (Frontend),Pune,61157,48861,92416,70638.5
AI Engineer,Chennai,371318,226631,479107,352869.0
Technical Architect,Ahmedabad,267140,185086,366280,275683.0
Research Scientist,Bangalore,479206,293242,595870,444556.0
Site Reliability Engineer,Delhi,155937,95432,190339,142885.5
Cybersecurity Analyst,Bangalore,286944,138943,275248,207095.5
Software Engineer,Hyderabad,148270,134442,265432,199937.0
Cybersecurity Analyst,Mumbai,120456,67683,141490,104586.5
Technical Architect,Delhi,301156,202650,405564,304107.0
Cloud Engineer,Lucknow,197650,128175,247190,187682.5
Software Engineer,Delhi,153279,103339,210767,157053.0
Software Engineer,Ahmedabad,229893,164971,328659,246815.0
System Administrator,Hyderabad,86580,77419,153905,115662.0
Software Engineer (Frontend),Pune,139740,111444,205073,158258.5
Blockchain Developer,Delhi,277253,162114,313784,237949.0
DevOps Engineer,Bangalore,191243,131493,259499,195496.0
Robotics Engineer,Chennai,108673,68058,150403,109230.5
Junior Developer,Chennai,71881,54933,95375,75154.0
DevOps Engineer,Ahmedabad,139015,71560,136503,104031.5
iOS Developer,Mumbai,116328,83071,153911,118491.0
DevOps Engineer,Chennai,222714,116783,213174,164978.5
AI Engineer,Hyderabad,113838,99713,210187,154950.0
Software Engineer,Chennai,172618,145476,283383,214429.5
QA Engineer,Delhi,108420,60734,124492,92613.0
Game Developer,Delhi,398891,215950,442456,329203.0
Software Engineer,Hyderabad,255844,192206,361776,276991.0
Principal Engineer,Bangalore,579317,444164,855704,649934.0
Database Administrator,Bangalore,151580,99092,213793,156442.5
Research Scientist,Bangalore,224602,201561,407959,304760.0
Technical Writer,Hyderabad,90314,58181,114971,86576.0
AI Engineer,Lucknow,224706,182477,413014,297745.5
DevOps Engineer,Nagpur,107571,90931,163792,127361.5
Cloud Engineer,Bangalore,114145,113517,204573,159045.0
Full Stack Developer,Mumbai,79315,77319,145384,111351.5
Data Scientist,Coimbatore,131055,98141,217248,157694.5
System Administrator,Trivandrum,189966,123642,251609,187625.5
Cybersecurity Analyst,Pune,200981,124339,253517,188928.0
Software Engineer (Backend),Gurgaon,277427,185265,347632,266448.5
Software Engineer,Surat,243232,178852,314583,246717.5
Data Scientist,Delhi,191906,171261,343201,257231.0
Site Reliability Engineer,Delhi,297469,163671,352869,258270.0
Machine Learning Engineer,Hyderabad,207198,172064,339245,255654.5
Cybersecurity Analyst,Trivandrum,167405,131248,252049,191648.5
Full Stack Developer,Visakhapatnam,128155,105901,185130,145515.5
Android Developer,Kolkata,133899,81266,158208,119737.0
Junior Developer,Hyderabad,160187,105071,187824,146447.5
Data Scientist,Pune,140862,117029,246064,181546.5
Software Engineer (Backend),Kochi,258467,151927,294267,223097.0
Senior Software Engineer,Chennai,164195,108034,180356,144195.0
Data Scientist,Mumbai,220801,124136,269811,196973.5
Senior Software Engineer,Indore,96809,79710,143044,111377.0
Blockchain Developer,Pune,289665,179629,362988,271308.5
Data Engineer,Mysore,131437,83541,159895,121718.0
Principal Engineer,Bangalore,456890,390348,771859,581103.5
QA Engineer,Bangalore,90560,66736,132060,99398.0
Product Manager,Hyderabad,400234,316091,722563,519327.0
Robotics Engineer,Delhi,308241,271890,588807,430348.5
Cloud Engineer,Mumbai,233630,165921,316296,241108.5
Machine Learning Engineer,Pune,298276,155701,336317,246009.0
Principal Engineer,Delhi,241083,137515,264774,201144.5
Full Stack Developer,Noida,124159,82574,163436,123005.0
Data Scientist,Pune,132285,71856,149400,110628.0
AI Engineer,Pune,242733,198062,446549,322305.5
Cybersecurity Analyst,Ahmedabad,147226,97060,184556,140808.0
Embedded Systems Engineer,Delhi,322943,177585,356394,266989.5
Information Security Engineer,Chandigarh,343759,185150,366473,275811.5
Android Developer,Surat,96640,93115,175935,134525.0
Software Engineer (Frontend),Mumbai,144593,79046,144647,111846.5
Information Security Engineer,Chennai,157750,104338,218696,161517.0
Software Engineer (Frontend),Chennai,72862,61049,112687,86868.0
Full Stack Developer,Jaipur,353651,193100,374254,283677.0
AI Engineer,Chennai,247218,136227,295657,215942.0
DevOps Engineer,Mumbai,275901,175068,315171,245119.5
Cybersecurity Analyst,Delhi,116248,87074,166901,126987.5
Information Security Engineer,Delhi,326131,224973,438505,331739.0
Data Scientist,Delhi,109457,74777,161530,118153.5
Software Engineer (Backend),Mumbai,138031,91934,157092,124513.0
Software Engineer (Backend),Chennai,147062,86778,160592,123685.0
DevOps Engineer,Delhi,259251,154565,292215,223390.0
Full Stack Developer,Kochi,171134,110064,200804,155434.0
Full Stack Developer,Hyderabad,234867,142207,264046,203126.5
AR/VR Engineer,Pune,245734,129221,261248,195234.5
Machine Learning Engineer,Gurgaon,122253,76611,149722,113166.5
Machine Learning Engineer,Mumbai,136828,77630,164097,120863.5
Software Engineer (Frontend),Hyderabad,174805,130409,223674,177041.5
Data Scientist,Kolkata,296848,146903,316389,231646.0
Software Engineer (Backend),Pune,164539,132823,238666,185744.5
Game Developer,Bangalore,189187,155737,294393,225065.0
AI Engineer,Kochi,221076,95255,214354,154804.5
Cloud Engineer,Ahmedabad,114511,62110,117866,89988.0
Full Stack Developer,Delhi,81848,78441,155026,116733.5
Software Engineer,Mysore,91622,52757,96963,74860.0
Software Engineer (Backend),Pune,192136,114936,208222,161579.0
DevOps Engineer,Surat,81569,51814,97993,74903.5
Machine Learning Engineer,Bangalore,286469,203843,442008,322925.5
Cybersecurity Analyst,Trivandrum,125849,75513,141171,108342.0
AI Engineer,Hyderabad,160573,92195,192806,142500.5
Machine Learning Engineer,Pune,139507,93061,198723,145892.0
Software Engineer (Frontend),Goa,96675,78004,146309,112156.5
Data Scientist,Surat,101587,94062,216742,155402.0
Android Developer,Mumbai,205356,117911,210690,164300.5
Full Stack Developer,Bangalore,172004,120166,227879,174022.5
Cybersecurity Analyst,Hyderabad,255266,141840,286392,214116.0
Cybersecurity Analyst,Indore,118449,73258,151235,112246.5
Technical Writer,Chennai,122543,100703,210464,155583.5
Software Engineer (Frontend),Kochi,192838,139613,229372,184492.5
DevOps Engineer,Pune,85373,58506,113847,86176.5
Junior Developer,Bangalore,80037,52252,90894,71573.0
Machine Learning Engineer,Bangalore,130209,94614,201816,148215.0
Site Reliability Engineer,Pune,136301,90832,175816,133324.0
Site Reliability Engineer,Pune,198121,119236,251547,185391.5
Cloud Engineer,Hyderabad,286719,226111,399657,312884.0
Full Stack Developer,Coimbatore,128757,111603,203750,157676.5
Machine Learning Engineer,Pune,185988,177729,365305,271517.0
Junior Developer,Bangalore,55858,44457,77037,60747.0
Database Administrator,Bangalore,232359,138396,278775,208585.5
QA Engineer,Pune,141316,87521,187417,137469.0
Software Engineer (Backend),Mumbai,404766,261855,442554,352204.5
Software Engineer (Frontend),Bhubaneswar,70179,55575,103546,79560.5
Senior Software Engineer,Bangalore,368608,350237,622437,486337.0
Software Engineer (Frontend),Bangalore,141729,113592,205968,159780.0
Product Manager,Hyderabad,588257,305131,624363,464747.0
Cloud Engineer,Trivandrum,95681,54162,101322,77742.0
DevOps Engineer,Goa,161402,108784,208169,158476.5
Data Scientist,Jaipur,220777,137790,287824,212807.0
Data Engineer,Delhi,154996,131528,264886,198207.0
Lead Data Scientist,Mumbai,201278,150424,282354,216389.0
Technical Writer,Bangalore,70384,57597,115103,86350.0
Machine Learning Engineer,Coimbatore,188160,97759,200466,149112.5
Senior Software Engineer,Chennai,179738,118872,214439,166655.5
Product Manager,Hyderabad,131414,109049,233248,171148.5
iOS Developer,Mumbai,71915,61524,105543,83533.5
Full Stack Developer,Coimbatore,196734,131363,249610,190486.5
Software Engineer,Delhi,307310,174886,346762,260824.0
NLP Engineer,Chennai,129706,126391,254764,190577.5
Software Engineer (Backend),Pune,98952,83450,157572,120511.0
Data Scientist,Delhi,243940,144237,293262,218749.5
Software Engineer (Backend),Mysore,112587,76992,145890,111441.0
Data Scientist,Ahmedabad,240427,150844,323127,236985.5
Software Engineer (Frontend),Pune,283066,190462,343209,266835.5
Game Developer,Jaipur,88934,63953,135659,99806.0
DevOps Engineer,Gurgaon,126639,98311,183885,141098.0
UI/UX Designer,Pune,294795,181112,396730,288921.0
Cybersecurity Analyst,Bangalore,88896,59088,117707,88397.5
Technical Writer,Hyderabad,72604,53587,117741,85664.0
Product Manager,Bangalore,108370,91726,207496,149611.0
Software Engineer (Frontend),Goa,233069,169780,295118,232449.0
Software Engineer (Frontend),Delhi,177370,115123,210121,162622.0
Data Scientist,Kolkata,234192,157120,349883,253501.5
DevOps Engineer,Kochi,239997,162359,309371,235865.0
Data Engineer,Chennai,147227,95014,179366,137190.0
UI/UX Designer,Chennai,132108,96531,216982,156756.5
AI Engineer,Mumbai,357147,233132,457586,345359.0
Software Engineer (Frontend),Bangalore,144560,106262,199287,152774.5
Software Engineer (Backend),Lucknow,172268,113998,196190,155094.0
Blockchain Developer,Mumbai,545451,356037,736425,546231.0
Data Scientist,Bangalore,276871,200343,418992,309667.5
Data Scientist,Goa,177628,142572,293753,218162.5
Software Engineer (Backend),Pune,321122,202801,371263,287032.0
Embedded Systems Engineer,Mumbai,140133,106943,221943,164443.0
Software Engineer,Bangalore,116391,113874,209383,161628.5
Full Stack Developer,Pune,204691,176217,329106,252661.5
Cloud Engineer,Chennai,258593,198880,399172,299026.0
Data Scientist,Jaipur,62774,43543,98841,71192.0
Software Engineer (Frontend),Surat,104861,90383,153511,121947.0
Software Engineer (Frontend),Pune,159448,147279,264984,206131.5
Software Engineer,Mumbai,122516,73916,138955,106435.5
Cybersecurity Analyst,Ahmedabad,73311,54675,111539,83107.0
Software Engineer (Frontend),Mumbai,173828,169894,295686,232790.0
Cybersecurity Analyst,Kochi,279791,152998,317415,235206.5
AI Engineer,Goa,274701,215123,437962,326542.5
Technical Architect,Bangalore,295574,268368,549559,408963.5
Senior Software Engineer,Noida,207291,134615,241506,188060.5
Machine Learning Engineer,Mumbai,277535,212334,427237,319785.5
Full Stack Developer,Bangalore,343216,173309,329151,251230.0
Cybersecurity Analyst,Pune,97956,52165,104072,78118.5
Machine Learning Engineer,Hyderabad,314297,160755,334607,247681.0
Software Engineer (Frontend),Hyderabad,118198,80961,138113,109537.0
Software Engineer (Backend),Delhi,196230,120976,213147,167061.5
Senior Software Engineer,Lucknow,222415,145803,248856,197329.5
Technical Writer,Bangalore,154988,83678,166301,124989.5
Software Engineer (Backend),Hyderabad,195615,131723,242785,187254.0
Machine Learning Engineer,Bangalore,319171,127957,286354,207155.5
Machine Learning Engineer,Chennai,381044,195191,417831,306511.0
Computer Vision Engineer,Delhi,129294,113977,225301,169639.0
AI Engineer,Pune,88576,62142,124053,93097.5
Network Engineer,Delhi,158038,70942,152070,111506.0
System Administrator,Goa,88201,52515,96493,74504.0
Data Scientist,Bangalore,304305,180291,363770,272030.5
Embedded Systems Engineer,Mysore,179717,88144,185635,136889.5
Software Engineer (Frontend),Mumbai,110997,82551,144921,113736.0
iOS Developer,Pune,155402,102644,197677,150160.5
Full Stack Developer,Hyderabad,105359,80871,151156,116013.5
DevOps Engineer,Chennai,113199,91927,170940,131433.5
Full Stack Developer,Chandigarh,153992,130732,226973,178852.5
Cybersecurity Analyst,Pune,110718,100914,189549,145231.5
DevOps Engineer,Mumbai,223047,135672,278039,206855.5
Senior Software Engineer,Bhubaneswar,189576,115190,210661,162925.5
Cloud Engineer,Nagpur,132348,100943,188597,144770.0
DevOps Engineer,Mumbai,160717,105517,191668,148592.5
NLP Engineer,Pune,100274,69225,138935,104080.0
Information Security Engineer,Jaipur,155159,91645,179428,135536.5
Full Stack Developer,Delhi,300367,157386,300497,228941.5
Robotics Engineer,Chennai,243990,174936,391312,283124.0
Full Stack Developer,Bangalore,259333,152096,312573,232334.5
DevOps Engineer,Chandigarh,104998,81178,152237,116707.5
Software Engineer (Backend),Hyderabad,115746,78773,144434,111603.5
Principal Engineer,Chennai,282564,222196,450642,336419.0
Game Developer,Pune,187025,105278,218466,161872.0
Data Engineer,Hyderabad,206613,177126,366128,271627.0
DevOps Engineer,Mumbai,255438,201398,371017,286207.5
NLP Engineer,Hyderabad,191911,185817,371958,278887.5
Machine Learning Engineer,Hyderabad,210262,108990,234750,171870.0
Lead Data Scientist,Hyderabad,617619,300551,625263,462907.0
DevOps Engineer,Delhi,218524,144662,284504,214583.0
Machine Learning Engineer,Pune,146790,106991,217437,162214.0
Mobile Developer,Delhi,219799,137244,274327,205785.5
Software Engineer (Backend),Bhubaneswar,216177,202377,360871,281624.0
UI/UX Designer,Bangalore,129021,87695,195893,141794.0
Data Scientist,Delhi,132904,89629,176116,132872.5
Machine Learning Engineer,Ahmedabad,172657,134097,288826,211461.5
Data Scientist,Delhi,217380,133084,289821,211452.5
Full Stack Developer,Bangalore,223718,177039,359986,268512.5
NLP Engineer,Mysore,401414,198486,386712,292599.0
Software Engineer (Frontend),Bangalore,213229,139422,255830,197626.0
Senior Software Engineer,Pune,194231,123231,212126,167678.5
Robotics Engineer,Hyderabad,379342,232620,466264,349442.0
DevOps Engineer,Hyderabad,159237,85816,165093,125454.5
Mobile Developer,Noida,171479,120719,238969,179844.0
Full Stack Developer,Mumbai,123218,77065,142661,109863.0
Cybersecurity Analyst,Lucknow,164943,104299,217788,161043.5
AI Engineer,Chennai,205371,147884,306062,226973.0
Software Engineer (Frontend),Hyderabad,203334,129192,222961,176076.5
Full Stack Developer,Mumbai,211840,165743,301489,233616.0
Technical Architect,Delhi,455618,228127,490452,359289.5
DevOps Engineer,Chennai,163837,120365,219047,169706.0
Full Stack Developer,Pune,272107,163812,294999,229405.5
Software Engineer (Frontend),Bangalore,369948,216037,378116,297076.5
Full Stack Developer,Kolkata,163971,87415,173809,130612.0
Full Stack Developer,Pune,244871,227743,422659,325201.0
Junior Developer,Bangalore,106715,76787,147177,111982.0
Full Stack Developer,Hyderabad,155362,88808,163702,126255.0
Machine Learning Engineer,Pune,124228,59665,134249,96957.0
Cloud Engineer,Mumbai,326440,215615,378873,297244.0
Database Administrator,Mysore,105392,74031,157001,115516.0
Full Stack Developer,Lucknow,193700,114660,233931,174295.5
Robotics Engineer,Pune,180486,102228,204163,153195.5
DevOps Engineer,Goa,206169,134380,256465,195422.5
Software Engineer (Backend),Mumbai,192506,185545,321357,253451.0
Full Stack Developer,Mumbai,219017,112801,211801,162301.0
AI Engineer,Kolkata,74477,56087,113524,84805.5
DevOps Engineer,Mumbai,155511,98989,193235,146112.0
Android Developer,Bangalore,75929,57364,103532,80448.0
Cybersecurity Analyst,Delhi,186542,100484,210562,155523.0
NLP Engineer,Pune,140089,73977,150970,112473.5
Machine Learning Engineer,Bangalore,408303,252865,530330,391597.5
DevOps Engineer,Bangalore,273093,138221,284953,211587.0
Embedded Systems Engineer,Hyderabad,122123,92359,186641,139500.0
Software Engineer,Goa,190758,109072,204184,156628.0
Android Developer,Bangalore,195122,183243,340214,261728.5
Data Scientist,Mysore,69467,49438,100089,74763.5
Full Stack Developer,Hyderabad,233208,170719,317273,243996.0
Software Engineer,Kolkata,107117,84491,162004,123247.5
AR/VR Engineer,Delhi,265932,218368,417129,317748.5
Full Stack Developer,Hyderabad,162734,158701,298221,228461.0
Software Engineer (Frontend),Bangalore,263405,179472,326504,252988.0
Research Scientist,Chennai,278135,195801,372854,284327.5
AR/VR Engineer,Pune,169826,98353,189061,143707.0
QA Engineer,Visakhapatnam,83860,74212,143787,108999.5
Software Engineer (Frontend),Trivandrum,123959,83442,151965,117703.5
Full Stack Developer,Surat,142771,99296,183285,141290.5
Data Scientist,Chandigarh,146169,89284,185907,137595.5
System Administrator,Visakhapatnam,107307,67088,139727,103407.5
DevOps Engineer,Bangalore,295469,173437,314310,243873.5
Mobile Developer,Delhi,76566,65360,125853,95606.5
Technical Architect,Trivandrum,373747,249191,498660,373925.5
System Administrator,Pune,187411,136479,274806,205642.5
Software Engineer (Backend),Surat,168792,123833,222409,173121.0
Cloud Engineer,Hyderabad,330385,205981,361600,283790.5
Data Engineer,Chandigarh,170505,97456,176987,137221.5
Site Reliability Engineer,Lucknow,224897,171197,351811,261504.0
Software Engineer (Backend),Hyderabad,99360,63659,117771,90715.0
Cybersecurity Analyst,Bangalore,330495,214525,427800,321162.5
Information Security Engineer,Chennai,220335,142595,306400,224497.5
Robotics Engineer,Bangalore,351518,204291,419681,311986.0
Software Engineer (Frontend),Hyderabad,180305,109031,202369,155700.0
UI/UX Designer,Visakhapatnam,56214,47258,104916,76087.0
Software Engineer (Frontend),Goa,376035,202115,348814,275464.5
Data Scientist,Mumbai,152019,113931,240271,177101.0
Computer Vision Engineer,Mumbai,257267,122022,237186,179604.0
Software Engineer (Backend),Mumbai,382280,214891,393876,304383.5
Cloud Engineer,Pune,78828,70827,134745,102786.0
Technical Architect,Delhi,239793,137813,275278,206545.5
Game Developer,Hyderabad,191149,153073,307275,230174.0
Junior Developer,Pune,128692,85579,151039,118309.0
NLP Engineer,Delhi,215440,174006,330287,252146.5
Principal Engineer,Chandigarh,299248,252439,514894,383666.5
Software Engineer (Frontend),Mysore,182562,160193,280481,220337.0
QA Engineer,Mumbai,207823,110539,222233,166386.0
Blockchain Developer,Delhi,173365,124435,244998,184716.5
System Administrator,Hyderabad,259046,144851,281268,213059.5
Senior Software Engineer,Coimbatore,284872,179226,310225,244725.5
Computer Vision Engineer,Chennai,161432,105893,208026,156959.5
Research Scientist,Hyderabad,315580,158631,328235,243433.0
Full Stack Developer,Pune,205765,128540,238358,183449.0
Machine Learning Engineer,Mumbai,156253,121126,256631,188878.5
Android Developer,Pune,184591,117512,223438,170475.0
Cybersecurity Analyst,Bhubaneswar,36912,36510,78316,57413.0
DevOps Engineer,Mysore,186465,179673,347531,263602.0
Junior Developer,Delhi,155245,130949,221333,176141.0
DevOps Engineer,Lucknow,185967,153723,293418,223570.5
DevOps Engineer,Mumbai,240466,126085,254650,190367.5
Network Engineer,Hyderabad,99873,78652,160540,119596.0
AI Engineer,Jaipur,184055,105275,221429,163352.0
AR/VR Engineer,Mumbai,133165,92698,180376,136537.0
Software Engineer (Backend),Chennai,218110,157924,275944,216934.0
Data Scientist,Chennai,218827,113753,258773,186263.0
Cybersecurity Analyst,Noida,223378,169463,306512,237987.5
Product Manager,Mumbai,248316,145139,302533,223836.0
Software Engineer (Backend),Mumbai,237535,171889,312342,242115.5
Data Scientist,Hyderabad,198101,124981,265966,195473.5
Machine Learning Engineer,Mumbai,145312,107875,211395,159635.0
Principal Engineer,Chennai,215406,174069,340585,257327.0
NLP Engineer,Pune,202065,164818,318910,241864.0
Cloud Engineer,Bangalore,171475,132392,240338,186365.0
Cybersecurity Analyst,Bangalore,103684,70442,137740,104091.0
Computer Vision Engineer,Pune,313397,284594,546026,415310.0
Software Engineer,Mumbai,130448,81370,169366,125368.0
Software Engineer,Pune,214905,123469,249935,186702.0
Machine Learning Engineer,Chennai,135511,82300,170632,126466.0
AI Engineer,Lucknow,141379,90949,191644,141296.5
Network Engineer,Delhi,112906,70140,130411,100275.5
AI Engineer,Mumbai,275795,179185,390589,284887.0
Data Scientist,Hyderabad,99846,79511,156523,118017.0
Data Scientist,Surat,100424,80469,167656,124062.5
AI Engineer,Hyderabad,90420,64313,130233,97273.0
Data Scientist,Mumbai,182579,137161,303862,220511.5
Technical Writer,Delhi,201979,107504,234212,170858.0
QA Engineer,Chennai,85074,48511,97223,72867.0
Software Engineer (Backend),Lucknow,145572,73761,137436,105598.5
Principal Engineer,Pune,198582,146294,290369,218331.5
Machine Learning Engineer,Pune,184327,142679,311949,227314.0
System Administrator,Chennai,144487,142715,282856,212785.5
Junior Developer,Bangalore,121196,87842,149452,118647.0
Full Stack Developer,Pune,170633,125358,223030,174194.0
Cybersecurity Analyst,Surat,89987,55036,115864,85450.0
Software Engineer,Ahmedabad,126338,91186,189660,140423.0
Cybersecurity Analyst,Pune,191697,139430,260747,200088.5
Product Manager,Pune,419858,237242,497513,367377.5
Principal Engineer,Bangalore,479845,273780,533729,403754.5
Game Developer,Bangalore,170127,85350,166723,126036.5
NLP Engineer,Hyderabad,139414,100538,188924,144731.0
Cybersecurity Analyst,Chennai,72345,64212,127927,96069.5
Machine Learning Engineer,Chennai,329304,264074,509025,386549.5
Senior Software Engineer,Pune,231653,186292,366399,276345.5
Blockchain Developer,Hyderabad,414064,301107,608171,454639.0
Network Engineer,Goa,70120,63704,129668,96686.0
Data Scientist,Bangalore,312778,174646,365579,270112.5
Software Engineer,Mysore,300044,165342,323652,244497.0
Data Scientist,Coimbatore,152371,105208,245365,175286.5
Blockchain Developer,Chennai,112255,88523,173008,130765.5
Machine Learning Engineer,Jaipur,132919,68433,139819,104126.0
Full Stack Developer,Indore,196676,175735,331760,253747.5
Full Stack Developer,Kolkata,170543,90207,173448,131827.5
Technical Architect,Pune,179744,145314,284146,214730.0
Product Manager,Delhi,574905,342337,711908,527122.5
Technical Writer,Pune,56730,47045,104312,75678.5
Software Engineer,Gurgaon,139620,83161,167578,125369.5
Cloud Engineer,Bangalore,144849,89405,166720,128062.5
Full Stack Developer,Trivandrum,170247,149071,263966,206518.5
Machine Learning Engineer,Hyderabad,244549,195073,411243,303158.0
Software Engineer (Frontend),Goa,96181,66392,112589,89490.5
Database Administrator,Mumbai,81750,77854,158718,118286.0
Network Engineer,Delhi,91521,51963,105122,78542.5
Software Engineer (Backend),Surat,226044,135728,254876,195302.0
Full Stack Developer,Goa,138762,86450,160974,123712.0
Information Security Engineer,Chennai,369465,212719,401092,306905.5
Software Engineer (Frontend),Bhubaneswar,72630,50068,93426,71747.0
Robotics Engineer,Bangalore,189333,90743,201753,146248.0
Cybersecurity Analyst,Hyderabad,162229,138447,269890,204168.5
DevOps Engineer,Pune,144700,96232,181129,138680.5
Machine Learning Engineer,Hyderabad,191719,104282,216595,160438.5
Machine Learning Engineer,Pune,208145,193694,396701,295197.5
Product Manager,Mumbai,194387,161026,351032,256029.0
Technical Architect,Delhi,279101,211763,461372,336567.5
Technical Writer,Chennai,111855,70682,150131,110406.5
Software Engineer,Kolkata,169739,142515,282710,212612.5
Software Engineer (Backend),Mumbai,394672,190408,362017,276212.5
System Administrator,Indore,189435,98385,196288,147336.5
Data Scientist,Pune,165539,90489,195421,142955.0
Cybersecurity Analyst,Chennai,194842,99452,181280,140366.0
AI Engineer,Jaipur,221934,165020,347554,256287.0
Cloud Engineer,Delhi,138770,83184,166027,124605.5
Data Engineer,Chennai,104468,97883,194742,146312.5
iOS Developer,Delhi,304086,182617,334992,258804.5
Technical Architect,Bangalore,524445,359178,697044,528111.0
Research Scientist,Pune,317660,205858,403389,304623.5
Data Scientist,Chennai,244582,118457,243520,180988.5
Data Scientist,Mysore,127218,98210,209745,153977.5
Machine Learning Engineer,Pune,78139,72199,155794,113996.5
Cybersecurity Analyst,Bhubaneswar,197714,97301,196053,146677.0
Data Scientist,Jaipur,196315,112836,231958,172397.0
Blockchain Developer,Pune,140974,126360,242293,184326.5
Cybersecurity Analyst,Delhi,172346,110947,222714,166830.5
Software Engineer,Pune,122629,100193,205494,152843.5
Technical Writer,Bangalore,60857,44521,94617,69569.0
Android Developer,Indore,119272,96755,175948,136351.5
DevOps Engineer,Trivandrum,228827,123579,240620,182099.5
Embedded Systems Engineer,Delhi,241239,134667,291319,212993.0
Computer Vision Engineer,Gurgaon,321953,170980,347708,259344.0
Software Engineer (Backend),Bhubaneswar,84441,69324,125969,97646.5
Machine Learning Engineer,Bangalore,106903,92342,190753,141547.5
DevOps Engineer,Mumbai,155657,121728,234621,178174.5
AR/VR Engineer,Chandigarh,337875,148381,306156,227268.5
Full Stack Developer,Hyderabad,246652,141159,264371,202765.0
Computer Vision Engineer,Mumbai,270751,188776,384147,286461.5
AI Engineer,Delhi,401417,202144,430140,316142.0
Cloud Engineer,Bangalore,115185,85993,152748,119370.5
Software Engineer (Frontend),Bangalore,176520,128727,222875,175801.0
Cloud Engineer,Bangalore,228711,169249,336280,252764.5
Data Scientist,Pune,114099,61222,118909,90065.5
Lead Data Scientist,Delhi,184134,107273,198660,152966.5
AI Engineer,Delhi,252676,134218,285661,209939.5
Information Security Engineer,Lucknow,150586,88426,164770,126598.0
AI Engineer,Bangalore,146596,84287,182273,133280.0
AI Engineer,Delhi,195918,111605,242120,176862.5
DevOps Engineer,Visakhapatnam,111318,63343,120288,91815.5
Software Engineer (Frontend),Chennai,198332,166135,298633,232384.0
Full Stack Developer,Pune,337621,186427,341659,264043.0
Software Engineer,Bangalore,170269,136208,275559,205883.5
Research Scientist,Mumbai,442187,272275,536859,404567.0
Cloud Engineer,Visakhapatnam,180066,113798,202471,158134.5
Information Security Engineer,Hyderabad,449231,216406,426522,321464.0
Data Scientist,Delhi,146251,132220,277173,204696.5
System Administrator,Pune,113719,100978,203198,152088.0
Cybersecurity Analyst,Indore,230646,152636,282976,217806.0
Senior Software Engineer,Nagpur,269733,226009,409601,317805.0
Machine Learning Engineer,Trivandrum,102876,52927,111599,82263.0
System Administrator,Mumbai,110783,66628,127559,97093.5
Product Manager,Chennai,305879,162332,328967,245649.5
DevOps Engineer,Mumbai,158656,90701,180072,135386.5
Cloud Engineer,Goa,220736,156963,293626,225294.5
Full Stack Developer,Mumbai,290758,186152,367080,276616.0
AI Engineer,Delhi,213492,110628,241291,175959.5
Software Engineer,Pune,104008,88406,169818,129112.0
Data Engineer,Pune,322952,195875,365859,280867.0
Cloud Engineer,Hyderabad,317343,153389,300577,226983.0
Full Stack Developer,Bangalore,79971,60839,111478,86158.5
QA Engineer,Noida,267407,119078,243753,181415.5
Software Engineer (Backend),Bangalore,134737,103704,184728,144216.0
iOS Developer,Pune,121223,99068,171500,135284.0
Machine Learning Engineer,Mumbai,210456,147463,297283,222373.0
Software Engineer,Mumbai,427121,273743,527554,400648.5
Data Scientist,Mumbai,246340,128001,267032,197516.5
Software Engineer (Backend),Chennai,180476,113200,207209,160204.5
Software Engineer (Backend),Bangalore,335725,223017,395454,309235.5
Machine Learning Engineer,Mumbai,265937,127149,264433,195791.0
Full Stack Developer,Kolkata,114364,102317,183470,142893.5
DevOps Engineer,Chennai,150325,121533,241156,181344.5
DevOps Engineer,Coimbatore,62022,53595,106086,79840.5
DevOps Engineer,Coimbatore,198794,127139,237394,182266.5
Cloud Engineer,Hyderabad,209057,126377,245021,185699.0
Software Engineer (Backend),Mumbai,105886,86600,159392,122996.0
Software Engineer (Frontend),Jaipur,183273,160197,277070,218633.5
Machine Learning Engineer,Chennai,174472,132450,301017,216733.5
Embedded Systems Engineer,Kochi,257759,110839,239907,175373.0
Data Scientist,Hyderabad,128080,59150,122173,90661.5
System Administrator,Chennai,189049,106767,214774,160770.5
QA Engineer,Mumbai,313651,193327,395044,294185.5
Software Engineer (Backend),Bangalore,100052,87621,154729,121175.0
Full Stack Developer,Surat,53900,50051,86277,68164.0
Full Stack Developer,Mumbai,103309,96995,183465,140230.0
Junior Developer,Trivandrum,108771,75416,130284,102850.0
DevOps Engineer,Bangalore,362258,244895,439643,342269.0
Embedded Systems Engineer,Hyderabad,237248,113930,231354,172642.0
Software Engineer,Chennai,229819,150732,313672,232202.0
Full Stack Developer,Delhi,208587,184705,344423,264564.0
Product Manager,Delhi,376270,219269,469954,344611.5
Cloud Engineer,Jaipur,89327,60686,110051,85368.5
Data Scientist,Delhi,149251,98245,223749,160997.0
Senior Software Engineer,Pune,298871,186607,317627,252117.0
Database Administrator,Goa,91424,91321,182997,137159.0
Technical Writer,Bangalore,164685,109466,240264,174865.0
Software Engineer (Frontend),Bangalore,219600,183407,312532,247969.5
Principal Engineer,Delhi,389432,340720,654373,497546.5
Android Developer,Mumbai,133217,88908,172255,130581.5
Network Engineer,Mumbai,179644,149687,281053,215370.0
AR/VR Engineer,Bangalore,222733,150386,326989,238687.5
System Administrator,Mumbai,161934,110558,216478,163518.0
Software Engineer (Frontend),Chennai,237269,183926,303303,243614.5
Computer Vision Engineer,Chennai,203138,125060,251668,188364.0
Data Scientist,Gurgaon,60537,51370,114847,83108.5
Lead Data Scientist,Bangalore,513118,392293,749949,571121.0
Computer Vision Engineer,Chennai,112255,75028,144535,109781.5
Site Reliability Engineer,Nagpur,158302,143142,282651,212896.5
Senior Software Engineer,Mumbai,440764,264510,503905,384207.5
Embedded Systems Engineer,Kolkata,151787,83084,164112,123598.0
Computer Vision Engineer,Nagpur,159424,94717,183194,138955.5
Software Engineer,Pune,151552,82377,162815,122596.0
NLP Engineer,Chandigarh,301193,169972,333500,251736.0
Cloud Engineer,Delhi,342887,240545,463106,351825.5
DevOps Engineer,Mumbai,150609,87142,179070,133106.0
Data Scientist,Delhi,202562,148699,314731,231715.0
AI Engineer,Delhi,107769,78851,176935,127893.0
AI Engineer,Pune,189614,100982,217617,159299.5
Software Engineer,Mumbai,145056,109302,203273,156287.5
Machine Learning Engineer,Mumbai,121435,84934,176463,130698.5
DevOps Engineer,Bangalore,129130,84511,151888,118199.5
Information Security Engineer,Pune,277706,153396,312686,233041.0
iOS Developer,Mumbai,97286,82645,149179,115912.0
AI Engineer,Trivandrum,301928,186955,389855,288405.0
QA Engineer,Mumbai,84917,72005,145147,108576.0
Cybersecurity Analyst,Jaipur,106304,74900,146557,110728.5
UI/UX Designer,Trivandrum,203672,162938,357689,260313.5
Network Engineer,Pune,124485,108484,232469,170476.5
Cloud Engineer,Mumbai,218866,173866,321419,247642.5
AI Engineer,Hyderabad,147414,70351,150307,110329.0
Software Engineer (Backend),Delhi,119447,78489,134552,106520.5
Game Developer,Goa,107546,88548,172351,130449.5
Android Developer,Coimbatore,141515,137800,272109,204954.5
DevOps Engineer,Bangalore,428331,272527,511574,392050.5
Full Stack Developer,Chennai,84622,56496,103875,80185.5
Game Developer,Mumbai,282300,224594,449853,337223.5
Software Engineer (Frontend),Delhi,103158,86574,154206,120390.0
Full Stack Developer,Chennai,234263,134891,251515,193203.0
Full Stack Developer,Bangalore,150969,84409,160497,122453.0
Cloud Engineer,Chennai,130505,121610,221351,171480.5
Blockchain Developer,Mumbai,171038,106143,194013,150078.0
UI/UX Designer,Pune,173066,73422,161315,117368.5
Blockchain Developer,Hyderabad,193298,116042,220984,168513.0
Embedded Systems Engineer,Mumbai,215024,170841,363306,267073.5
Full Stack Developer,Mumbai,454118,262511,486546,374528.5
Data Scientist,Mysore,101726,89367,187435,138401.0
Software Engineer (Backend),Bhubaneswar,131062,108368,205074,156721.0
Cloud Engineer,Mysore,265735,153935,278509,216222.0
Machine Learning Engineer,Mumbai,127994,72878,150458,111668.0
Software Engineer (Backend),Delhi,375899,198477,373344,285910.5
Android Developer,Delhi,124495,91553,182016,136784.5
Full Stack Developer,Delhi,184075,143685,293411,218548.0
AI Engineer,Pune,145678,121858,269353,195605.5
Full Stack Developer,Lucknow,65663,50726,95504,73115.0
Principal Engineer,Pune,570300,346574,688996,517785.0
Cybersecurity Analyst,Delhi,111044,97066,194314,145690.0
Data Engineer,Hyderabad,92829,86049,172584,129316.5
Cybersecurity Analyst,Mumbai,167496,96762,196852,146807.0
DevOps Engineer,Chennai,192665,115705,233576,174640.5
System Administrator,Jaipur,134736,95443,181678,138560.5
iOS Developer,Delhi,162760,94589,162563,128576.0
Computer Vision Engineer,Bangalore,249934,126190,239558,182874.0
Game Developer,Pune,213675,140946,315995,228470.5
Android Developer,Mumbai,172722,98245,188524,143384.5
Full Stack Developer,Delhi,115376,96772,180709,138740.5
Software Engineer (Frontend),Coimbatore,88222,52200,101483,76841.5
Data Engineer,Delhi,265176,186830,344997,265913.5
QA Engineer,Mumbai,150431,103925,195541,149733.0
Machine Learning Engineer,Bangalore,148588,116031,240468,178249.5
Cloud Engineer,Hyderabad,174351,155038,267331,211184.5
Network Engineer,Delhi,267003,137596,288271,212933.5
Data Scientist,Chennai,171105,141293,287795,214544.0
Research Scientist,Bhubaneswar,233342,169862,341400,255631.0
AI Engineer,Mysore,99387,93453,188618,141035.5
Full Stack Developer,Surat,193149,151028,279911,215469.5
Software Engineer (Backend),Hyderabad,181762,108661,194428,151544.5
Software Engineer (Backend),Mumbai,111646,76944,146073,111508.5
Technical Architect,Kolkata,313521,265640,505000,385320.0
Data Scientist,Delhi,153456,131019,283808,207413.5
Data Scientist,Delhi,169884,144702,300735,222718.5
Mobile Developer,Mumbai,144838,86694,172879,129786.5
Cloud Engineer,Mysore,267560,168471,319178,243824.5
Lead Data Scientist,Mumbai,688061,356764,720209,538486.5
Data Scientist,Mumbai,247392,154465,316339,235402.0
Software Engineer,Kolkata,207679,166250,324838,245544.0
AR/VR Engineer,Chennai,398443,208862,426981,317921.5
Software Engineer (Frontend),Bangalore,346028,231046,393115,312080.5
Lead Data Scientist,Chandigarh,148798,76959,160631,118795.0
Full Stack Developer,Chennai,168981,113207,226660,169933.5
Information Security Engineer,Pune,202156,119745,232251,175998.0
Full Stack Developer,Mumbai,234433,144516,272095,208305.5
Cybersecurity Analyst,Mumbai,155991,121440,235169,178304.5
Database Administrator,Noida,152580,128454,276631,202542.5
Data Engineer,Jaipur,237423,136629,250882,193755.5
DevOps Engineer,Lucknow,159061,99131,187459,143295.0
Software Engineer (Frontend),Hyderabad,82616,80792,143879,112335.5
NLP Engineer,Delhi,240735,161586,297805,229695.5
DevOps Engineer,Bhubaneswar,260961,149435,275557,212496.0
Software Engineer,Chennai,190198,183688,373008,278348.0
DevOps Engineer,Bangalore,220870,168203,333494,250848.5
Machine Learning Engineer,Visakhapatnam,156534,86432,178919,132675.5
Full Stack Developer,Goa,150073,98410,193862,146136.0
Senior Software Engineer,Bhubaneswar,151773,137848,231227,184537.5
Machine Learning Engineer,Bangalore,207252,113702,248224,180963.0
Mobile Developer,Bangalore,428019,240136,463116,351626.0
Cloud Engineer,Goa,142472,80501,151407,115954.0
Cybersecurity Analyst,Kochi,102565,67530,128565,98047.5
Machine Learning Engineer,Chennai,190669,113981,255912,184946.5
Mobile Developer,Pune,170384,112234,212980,162607.0
QA Engineer,Pune,176632,128860,250232,189546.0
Data Scientist,Goa,185351,95027,202860,148943.5
NLP Engineer,Chennai,110269,88198,177889,133043.5
Machine Learning Engineer,Mumbai,221511,126760,273687,200223.5
Software Engineer (Frontend),Chennai,91925,91155,159243,125199.0
Lead Data Scientist,Bhubaneswar,236056,189276,352310,270793.0
Mobile Developer,Coimbatore,140909,74420,144668,109544.0
AI Engineer,Hyderabad,277465,209738,439858,324798.0
Software Engineer (Backend),Hyderabad,247700,187170,321211,254190.5
Data Scientist,Mumbai,371879,232478,490929,361703.5
Software Engineer (Backend),Mysore,104927,78182,148042,113112.0
Embedded Systems Engineer,Kolkata,111591,108930,217247,163088.5
NLP Engineer,Bangalore,307575,223952,438995,331473.5
Android Developer,Ahmedabad,112855,64624,123039,93831.5
Software Engineer,Trivandrum,161949,95734,190472,143103.0
NLP Engineer,Hyderabad,116851,89309,165915,127612.0
AI Engineer,Visakhapatnam,327115,162945,343768,253356.5
UI/UX Designer,Mumbai,170386,75130,172588,123859.0
Software Engineer (Frontend),Chennai,334726,193913,335253,264583.0
Product Manager,Ahmedabad,282625,178414,365976,272195.0
AR/VR Engineer,Hyderabad,196691,133398,256662,195030.0
Blockchain Developer,Indore,338614,194975,361354,278164.5
Lead Data Scientist,Bangalore,562815,351275,692937,522106.0
Data Scientist,Trivandrum,90900,85789,184221,135005.0
Software Engineer (Frontend),Surat,89276,68425,123095,95760.0
Cloud Engineer,Mumbai,137833,98988,170749,134868.5
AI Engineer,Lucknow,144853,125147,255644,190395.5
Full Stack Developer,Mumbai,158722,134638,246454,190546.0
DevOps Engineer,Delhi,174224,100146,195407,147776.5
Data Scientist,Kochi,170038,157193,345810,251501.5
Cybersecurity Analyst,Kochi,151443,111342,206169,158755.5
Data Engineer,Pune,239918,155724,320975,238349.5
DevOps Engineer,Bangalore,302901,259822,494022,376922.0
Cloud Engineer,Surat,159954,98124,174138,136131.0
Cloud Engineer,Chennai,87791,58568,114098,86333.0
Data Scientist,Kochi,196180,133898,285765,209831.5
Cybersecurity Analyst,Delhi,196447,142975,264947,203961.0
Cybersecurity Analyst,Bangalore,187770,108542,208823,158682.5
Software Engineer,Indore,102888,78475,147667,113071.0
Site Reliability Engineer,Mumbai,215060,114089,228764,171426.5
AI Engineer,Kochi,100770,54251,114285,84268.0
Technical Writer,Chennai,126168,95194,204487,149840.5
Software Engineer,Surat,105308,55992,112259,84125.5
Lead Data Scientist,Delhi,178511,134256,267640,200948.0
QA Engineer,Pune,108127,71088,146668,108878.0
DevOps Engineer,Delhi,272211,199137,373656,286396.5
Data Scientist,Gurgaon,208741,160298,351313,255805.5
Software Engineer (Backend),Lucknow,75231,46768,90855,68811.5
Software Engineer,Bangalore,374610,239954,470842,355398.0
DevOps Engineer,Chennai,256309,143350,285579,214464.5
Research Scientist,Kolkata,203892,188874,370415,279644.5
DevOps Engineer,Delhi,226914,168452,320926,244689.0
DevOps Engineer,Visakhapatnam,94137,68851,126249,97550.0
Software Engineer (Frontend),Hyderabad,345554,243575,462991,353283.0
Cybersecurity Analyst,Bangalore,300503,195497,383594,289545.5
AI Engineer,Kolkata,174270,112415,225060,168737.5
Junior Developer,Mumbai,100955,95751,176702,136226.5
DevOps Engineer,Hyderabad,142193,97342,198032,147687.0
Cloud Engineer,Chennai,206396,129915,229981,179948.0
Full Stack Developer,Kolkata,173309,107847,200802,154324.5
Machine Learning Engineer,Delhi,332783,147266,314691,230978.5
Software Engineer (Backend),Mumbai,177600,112177,205243,158710.0
Software Engineer (Frontend),Pune,124152,106056,190196,148126.0
AI Engineer,Pune,111026,52525,119488,86006.5
System Administrator,Delhi,380174,226439,442799,334619.0
Data Scientist,Lucknow,150248,125616,254468,190042.0
Data Scientist,Hyderabad,229404,176099,350686,263392.5
Full Stack Developer,Pune,124685,67344,123605,95474.5
Data Scientist,Mysore,136948,86699,174965,130832.0
Junior Developer,Mumbai,145632,82007,143278,112642.5
Software Engineer (Backend),Pune,103726,97402,179512,138457.0
Software Engineer (Frontend),Mumbai,129876,99211,184522,141866.5
Software Engineer (Frontend),Delhi,190181,104212,192601,148406.5
AI Engineer,Hyderabad,210903,125204,262994,194099.0
Full Stack Developer,Hyderabad,180294,158131,276725,217428.0
DevOps Engineer,Delhi,299393,167068,321246,244157.0
Research Scientist,Mumbai,152246,111450,220418,165934.0
Full Stack Developer,Pune,359154,211709,394201,302955.0
Machine Learning Engineer,Jaipur,329028,152017,331310,241663.5
Data Scientist,Hyderabad,148727,87405,176721,132063.0
Technical Architect,Mumbai,1035256,522563,1020609,771586.0
AI Engineer,Bangalore,329051,224528,483319,353923.5
Full Stack Developer,Trivandrum,257564,136070,260687,198378.5
Cloud Engineer,Hyderabad,105769,83434,151326,117380.0
NLP Engineer,Nagpur,286062,147130,315111,231120.5
UI/UX Designer,Mumbai,230660,183251,405662,294456.5
Computer Vision Engineer,Hyderabad,233497,134379,287263,210821.0
Full Stack Developer,Bangalore,263155,152060,297007,224533.5
Cloud Engineer,Bangalore,293412,164120,308962,236541.0
UI/UX Designer,Jaipur,121594,74677,158238,116457.5
Software Engineer (Frontend),Delhi,102289,95469,166859,131164.0
Software Engineer (Frontend),Noida,126094,108790,197318,153054.0
Robotics Engineer,Bangalore,412699,289659,577625,433642.0
AI Engineer,Delhi,215631,129449,247668,188558.5
Software Engineer (Backend),Bangalore,154077,105966,175853,140909.5
System Administrator,Pune,161189,107525,210834,159179.5
Mobile Developer,Noida,159595,114442,213258,163850.0
Cybersecurity Analyst,Hyderabad,263789,170324,319984,245154.0
AI Engineer,Chandigarh,111443,104084,212624,158354.0
Machine Learning Engineer,Coimbatore,280598,173358,353438,263398.0
Technical Architect,Hyderabad,145875,120078,237302,178690.0
Software Engineer (Backend),Chennai,210849,147604,250477,199040.5
Product Manager,Pune,210367,167400,341481,254440.5
Software Engineer (Frontend),Chennai,128562,100814,181659,141236.5
Software Engineer (Backend),Mumbai,144716,111905,211368,161636.5
Junior Developer,Chennai,88479,59427,104064,81745.5
Research Scientist,Mumbai,300889,138722,292987,215854.5
Software Engineer (Backend),Mumbai,126762,89478,159413,124445.5
Machine Learning Engineer,Mumbai,132755,99883,197349,148616.0
Data Scientist,Indore,216427,113462,244239,178850.5
Software Engineer,Mumbai,170795,91631,174901,133266.0
Network Engineer,Mumbai,176397,157011,298878,227944.5
AI Engineer,Coimbatore,326513,172440,357425,264932.5
Full Stack Developer,Gurgaon,141991,87852,158220,123036.0
Machine Learning Engineer,Hyderabad,172987,95796,192839,144317.5
DevOps Engineer,Chennai,206711,182464,344483,263473.5
Data Scientist,Chennai,142204,96447,202894,149670.5
Cybersecurity Analyst,Mumbai,117104,104173,203745,153959.0
Data Scientist,Visakhapatnam,131100,65144,144252,104698.0
Machine Learning Engineer,Indore,140488,113665,227889,170777.0
Data Scientist,Chennai,315303,146075,317056,231565.5
Senior Software Engineer,Chandigarh,231545,198036,331064,264550.0
DevOps Engineer,Bangalore,218430,155688,300338,228013.0
Senior Software Engineer,Mumbai,447437,224707,416895,320801.0
Full Stack Developer,Hyderabad,88306,51423,95156,73289.5
Game Developer,Pune,164980,111039,210753,160896.0
Data Scientist,Noida,134174,74343,144402,109372.5
Data Engineer,Pune,154244,110240,221070,165655.0
AI Engineer,Pune,93366,72862,148145,110503.5
Data Scientist,Hyderabad,418891,245228,491742,368485.0
Lead Data Scientist,Delhi,428306,322504,605139,463821.5
Research Scientist,Chennai,182838,135745,259763,197754.0
DevOps Engineer,Jaipur,184521,131848,248757,190302.5
AR/VR Engineer,Pune,619674,325748,654153,489950.5
Cloud Engineer,Mumbai,161317,99875,179468,139671.5
Cybersecurity Analyst,Mumbai,82836,62360,121006,91683.0
NLP Engineer,Hyderabad,104096,95819,195986,145902.5
Software Engineer (Frontend),Ahmedabad,175882,122784,218126,170455.0
Robotics Engineer,Chennai,182504,161626,340447,251036.5
Machine Learning Engineer,Indore,239376,128984,284327,206655.5
Full Stack Developer,Delhi,352802,207611,402131,304871.0
Blockchain Developer,Indore,285972,186550,349463,268006.5
Machine Learning Engineer,Bhubaneswar,94703,83995,173833,128914.0
UI/UX Designer,Delhi,107729,103914,207747,155830.5
Product Manager,Trivandrum,447248,268048,567752,417900.0
Blockchain Developer,Mysore,161347,81041,165518,123279.5
AR/VR Engineer,Coimbatore,312618,196229,401783,299006.0
Machine Learning Engineer,Delhi,216605,201928,429350,315639.0
Software Engineer (Frontend),Noida,148503,125994,220116,173055.0
Cybersecurity Analyst,Visakhapatnam,156490,108476,203614,156045.0
AI Engineer,Delhi,189691,145800,306796,226298.0
Data Scientist,Mumbai,139114,102954,219891,161422.5
Data Scientist,Bangalore,288672,157233,343291,250262.0
Computer Vision Engineer,Delhi,315274,219387,427106,323246.5
Blockchain Developer,Trivandrum,182991,94362,182835,138598.5
Cybersecurity Analyst,Surat,158189,117276,218087,167681.5
UI/UX Designer,Hyderabad,61702,60565,135852,98208.5
Full Stack Developer,Chennai,390733,193553,357297,275425.0
DevOps Engineer,Chennai,95978,76116,148752,112434.0
QA Engineer,Delhi,110786,86202,177879,132040.5
DevOps Engineer,Mumbai,189649,110440,212412,161426.0
QA Engineer,Chennai,100615,93313,192051,142682.0
Full Stack Developer,Mysore,375549,216788,399356,308072.0
Technical Architect,Hyderabad,218782,131009,281852,206430.5
Cloud Engineer,Pune,138820,106382,202101,154241.5
Software Engineer,Mumbai,174831,126249,238810,182529.5
DevOps Engineer,Bangalore,232336,165429,308018,236723.5
Full Stack Developer,Gurgaon,227636,130574,240824,185699.0
iOS Developer,Chennai,226358,178663,330473,254568.0
Research Scientist,Mysore,435608,304703,578756,441729.5
QA Engineer,Pune,129679,116613,247910,182261.5
AI Engineer,Pune,237205,209116,452177,330646.5
Computer Vision Engineer,Ahmedabad,282995,180192,383531,281861.5
Full Stack Developer,Delhi,192575,155539,284368,219953.5
Machine Learning Engineer,Mumbai,105013,63368,130250,96809.0
Software Engineer,Bangalore,108216,75113,148219,111666.0
Data Scientist,Bangalore,360913,258747,553440,406093.5
Machine Learning Engineer,Kolkata,119038,108033,225389,166711.0
System Administrator,Indore,67460,43695,88376,66035.5
Cybersecurity Analyst,Pune,131895,95299,176601,135950.0
Principal Engineer,Chennai,418971,267199,501608,384403.5
Technical Writer,Pune,95440,95110,209329,152219.5
Cloud Engineer,Delhi,80448,53738,103731,78734.5
Data Scientist,Hyderabad,315902,185217,385416,285316.5
Cybersecurity Analyst,Delhi,141307,77054,145552,111303.0
iOS Developer,Goa,126170,101603,184993,143298.0
Blockchain Developer,Chennai,295417,161056,295195,228125.5
Full Stack Developer,Chennai,249024,155514,292151,223832.5
System Administrator,Mumbai,181920,120581,227159,173870.0
Software Engineer,Bhubaneswar,139539,77272,149288,113280.0
Software Engineer,Bangalore,107973,102139,195468,148803.5
Software Engineer (Frontend),Noida,108023,83490,157648,120569.0
Full Stack Developer,Kolkata,187151,110845,188501,149673.0
Full Stack Developer,Gurgaon,63534,58093,114968,86530.5
AI Engineer,Bangalore,122851,90483,183693,137088.0
Technical Architect,Chennai,578570,321682,703383,512532.5
Data Scientist,Pune,172996,133427,265115,199271.0
Software Engineer,Pune,190796,107779,209268,158523.5
Software Engineer,Chennai,180768,115504,224194,169849.0
Embedded Systems Engineer,Pune,346142,188338,401405,294871.5
Cybersecurity Analyst,Hyderabad,148564,115484,230986,173235.0
Data Scientist,Delhi,120644,68100,135783,101941.5
AI Engineer,Mumbai,100811,71235,158768,115001.5
Cloud Engineer,Lucknow,228119,174132,314853,244492.5
DevOps Engineer,Kochi,327769,208461,402875,305668.0
Senior Software Engineer,Delhi,443448,258290,447936,353113.0
Machine Learning Engineer,Coimbatore,177797,141823,303234,222528.5
Software Engineer (Backend),Indore,227912,155447,262869,209158.0
UI/UX Designer,Mumbai,201960,105958,218061,162009.5
Full Stack Developer,Mumbai,208220,135812,243270,189541.0
Machine Learning Engineer,Hyderabad,301266,191156,395110,293133.0
Robotics Engineer,Pune,144493,62320,135097,98708.5
Blockchain Developer,Bangalore,468160,326179,582583,454381.0
Android Developer,Kochi,111860,104495,200960,152727.5
Lead Data Scientist,Bangalore,623122,367801,663660,515730.5
Information Security Engineer,Chennai,188711,107047,200329,153688.0
Full Stack Developer,Noida,81069,70831,140239,105535.0
Machine Learning Engineer,Hyderabad,224108,126004,265202,195603.0
Site Reliability Engineer,Delhi,248145,109406,231018,170212.0
Software Engineer (Backend),Chennai,204742,174423,315397,244910.0
Technical Architect,Delhi,229154,187975,365532,276753.5
Machine Learning Engineer,Pune,113631,62149,129114,95631.5
Full Stack Developer,Delhi,151956,124383,216778,170580.5
AI Engineer,Mumbai,288482,151264,294895,223079.5
Software Engineer (Frontend),Bangalore,120764,81192,143294,112243.0
DevOps Engineer,Surat,241272,135901,269535,202718.0
Software Engineer,Kolkata,116738,103073,213463,158268.0
Principal Engineer,Hyderabad,170596,129940,248407,189173.5
Data Scientist,Indore,246805,128105,267603,197854.0
Software Engineer (Backend),Mumbai,305466,182284,323974,253129.0
Machine Learning Engineer,Pune,236661,212105,408189,310147.0
Software Engineer (Backend),Chennai,121391,92562,162242,127402.0
AI Engineer,Bangalore,219531,134971,294089,214530.0
Lead Data Scientist,Mysore,608012,336549,668132,502340.5
Technical Architect,Delhi,246768,141204,307220,224212.0
Machine Learning Engineer,Hyderabad,210998,92839,207318,150078.5
Technical Writer,Mumbai,86995,60636,134563,97599.5
AI Engineer,Trivandrum,189045,103449,210292,156870.5
Machine Learning Engineer,Bangalore,119994,80379,165783,123081.0
Technical Architect,Visakhapatnam,246425,155151,300025,227588.0
Software Engineer (Backend),Mysore,164925,144753,257040,200896.5
Software Engineer,Pune,105567,79006,153289,116147.5
Research Scientist,Mumbai,506726,381125,734050,557587.5
Software Engineer,Mumbai,180687,108730,207810,158270.0
Full Stack Developer,Jaipur,187151,119212,219937,169574.5
Data Scientist,Pune,361869,166987,381314,274150.5
Cybersecurity Analyst,Hyderabad,203705,158282,297278,227780.0
Machine Learning Engineer,Delhi,371637,204797,408463,306630.0
Data Scientist,Chennai,173944,170081,360287,265184.0
Cloud Engineer,Mysore,237793,139957,270799,205378.0
Information Security Engineer,Hyderabad,230456,145166,301164,223165.0
Machine Learning Engineer,Hyderabad,162098,103003,228034,165518.5
Data Scientist,Pune,204919,116894,238163,177528.5
AR/VR Engineer,Lucknow,154926,106693,217717,162205.0
Cybersecurity Analyst,Pune,232940,136585,263208,199896.5
DevOps Engineer,Hyderabad,180534,109758,228281,169019.5
Junior Developer,Bangalore,181642,155956,273171,214563.5
Game Developer,Ahmedabad,180580,122974,265752,194363.0
Data Engineer,Kochi,105573,93749,200039,146894.0
AI Engineer,Chennai,162813,79861,159623,119742.0
DevOps Engineer,Pune,235304,133327,254401,193864.0
Mobile Developer,Gurgaon,346792,246642,441418,344030.0
Senior Software Engineer,Pune,152299,130300,236094,183197.0
Software Engineer (Frontend),Goa,282303,179366,314464,246915.0
Software Engineer,Noida,83549,64049,116604,90326.5
Information Security Engineer,Gurgaon,385691,196605,412206,304405.5
Machine Learning Engineer,Pune,180398,95063,189958,142510.5
Full Stack Developer,Visakhapatnam,235136,169495,298333,233914.0
Site Reliability Engineer,Mumbai,158951,114128,226869,170498.5
Information Security Engineer,Mumbai,160163,94581,171848,133214.5
Data Scientist,Mumbai,139342,115959,265424,190691.5
DevOps Engineer,Bhubaneswar,161833,134986,283735,209360.5
Full Stack Developer,Hyderabad,184887,101549,192890,147219.5
Machine Learning Engineer,Noida,212016,150389,297225,223807.0
Technical Writer,Delhi,90381,58669,125477,92073.0
AI Engineer,Bangalore,272372,130432,270065,200248.5
System Administrator,Chennai,112895,85285,175884,130584.5
Cloud Engineer,Mumbai,98653,72039,139730,105884.5
Software Engineer (Frontend),Mumbai,288755,188329,334760,261544.5
Robotics Engineer,Bangalore,226499,126360,253412,189886.0
Cloud Engineer,Mumbai,295557,177691,352132,264911.5
Technical Writer,Pune,78318,45128,97525,71326.5
Machine Learning Engineer,Hyderabad,368689,247322,495463,371392.5
Machine Learning Engineer,Noida,91728,69791,138128,103959.5
Software Engineer (Backend),Mumbai,64916,60283,104897,82590.0
Robotics Engineer,Nagpur,103945,74215,151427,112821.0
Software Engineer (Backend),Delhi,80065,69594,131561,100577.5
Cybersecurity Analyst,Goa,188365,184335,354861,269598.0
AR/VR Engineer,Pune,215002,123601,237458,180529.5
Cloud Engineer,Bangalore,307597,183424,337495,260459.5
Software Engineer,Bhubaneswar,146586,113921,223877,168899.0
System Administrator,Bangalore,157332,148720,304726,226723.0
Technical Architect,Pune,134149,100877,208822,154849.5
Database Administrator,Surat,70379,50190,98196,74193.0
Cybersecurity Analyst,Jaipur,58804,44306,88231,66268.5
Cybersecurity Analyst,Bangalore,255399,186334,345548,265941.0
Software Engineer (Backend),Nagpur,46738,39725,77329,58527.0
Machine Learning Engineer,Bangalore,224968,138060,279113,208586.5
Research Scientist,Chennai,480011,264343,486070,375206.5
Lead Data Scientist,Bangalore,317602,229859,437509,333684.0
Information Security Engineer,Chennai,292203,287129,541247,414188.0
Principal Engineer,Delhi,119901,102381,201501,151941.0
Software Engineer,Pune,246954,137322,272136,204729.0
Senior Software Engineer,Delhi,167467,127330,218936,173133.0
Software Engineer,Bhubaneswar,335967,200037,400974,300505.5
Senior Software Engineer,Chennai,162288,135473,253815,194644.0
Lead Data Scientist,Lucknow,415883,212166,417863,315014.5
System Administrator,Hyderabad,129059,92206,186854,139530.0
Software Engineer (Frontend),Bangalore,248645,172027,279526,225776.5
Data Scientist,Hyderabad,233144,212412,447384,329898.0
Data Scientist,Pune,318414,222032,447942,334987.0
AI Engineer,Bangalore,227007,215661,457910,336785.5
Software Engineer (Backend),Delhi,147135,108917,196498,152707.5
Full Stack Developer,Chennai,363975,210339,393465,301902.0
Machine Learning Engineer,Delhi,157470,100563,221726,161144.5
Cloud Engineer,Pune,103184,78182,158100,118141.0
Cloud Engineer,Delhi,150629,91406,171524,131465.0
Machine Learning Engineer,Bangalore,299978,292610,608268,450439.0
Software Engineer,Chennai,106650,75570,142923,109246.5
Cybersecurity Analyst,Nagpur,141539,130056,255051,192553.5
DevOps Engineer,Hyderabad,98146,87352,155022,121187.0
Data Scientist,Noida,217390,128341,290364,209352.5
UI/UX Designer,Coimbatore,269672,145398,290778,218088.0
Network Engineer,Pune,107273,80605,161917,121261.0
Database Administrator,Nagpur,180298,111296,234581,172938.5
Full Stack Developer,Goa,216807,180252,328028,254140.0
Cloud Engineer,Bangalore,340681,206140,395829,300984.5
Software Engineer (Frontend),Pune,227786,135534,243011,189272.5
AI Engineer,Kochi,159509,129900,264483,197191.5
Information Security Engineer,Hyderabad,203029,171259,315385,243322.0
Site Reliability Engineer,Mysore,402987,226237,485621,355929.0
Cloud Engineer,Mumbai,115205,97511,181319,139415.0
Cybersecurity Analyst,Chennai,161474,119796,217522,168659.0
Principal Engineer,Gurgaon,548373,397546,772575,585060.5
Data Scientist,Bangalore,220261,129339,296991,213165.0
Cloud Engineer,Coimbatore,92765,69515,131424,100469.5
Software Engineer (Backend),Bangalore,131001,84189,146408,115298.5
Software Engineer,Kochi,122527,80598,159869,120233.5
Network Engineer,Ahmedabad,156062,116647,234716,175681.5
Senior Software Engineer,Delhi,211429,186064,335535,260799.5
Robotics Engineer,Pune,153391,112393,231766,172079.5
Machine Learning Engineer,Coimbatore,179278,143065,275329,209197.0
Mobile Developer,Visakhapatnam,118963,86545,167135,126840.0
iOS Developer,Gurgaon,101889,79644,153172,116408.0
Software Engineer,Pune,152097,121327,250997,186162.0
Cybersecurity Analyst,Chennai,162965,114281,211475,162878.0
AI Engineer,Pune,109535,93317,197317,145317.0
Cloud Engineer,Hyderabad,153436,92772,163585,128178.5
Principal Engineer,Kochi,113936,106671,205576,156123.5
Data Scientist,Mumbai,232946,145121,318520,231820.5
Software Engineer (Backend),Hyderabad,141467,112073,193932,153002.5
AI Engineer,Coimbatore,113693,77631,164663,121147.0
NLP Engineer,Kolkata,191392,184049,360726,272387.5
Cybersecurity Analyst,Pune,63202,53748,105602,79675.0
QA Engineer,Chennai,155862,128884,261444,195164.0
Cybersecurity Analyst,Hyderabad,233158,123843,253766,188804.5
Software Engineer,Chandigarh,170983,139691,260485,200088.0
Cybersecurity Analyst,Bangalore,83799,60531,118787,89659.0
Junior Developer,Chennai,121562,99622,163513,131567.5
Full Stack Developer,Chennai,252175,141147,280703,210925.0
UI/UX Designer,Hyderabad,142278,104636,220499,162567.5
DevOps Engineer,Mumbai,244134,221953,431429,326691.0
Software Engineer (Backend),Pune,284605,159351,294155,226753.0
Product Manager,Lucknow,150077,75085,156374,115729.5
System Administrator,Visakhapatnam,147001,101382,184401,142891.5
Embedded Systems Engineer,Delhi,152236,99248,208347,153797.5
Data Engineer,Pune,136062,80116,156362,118239.0
Cloud Engineer,Chennai,268229,151111,290673,220892.0
Software Engineer,Bhubaneswar,160398,110816,224256,167536.0
Junior Developer,Ahmedabad,81724,81087,134491,107789.0
Software Engineer,Hyderabad,133994,114592,220277,167434.5
Embedded Systems Engineer,Pune,172075,95154,195907,145530.5
Software Engineer,Bangalore,383751,176156,355289,265722.5
Cybersecurity Analyst,Pune,149240,109735,209840,159787.5
Senior Software Engineer,Chennai,374909,240376,409333,324854.5
Database Administrator,Hyderabad,185277,90638,184291,137464.5
Software Engineer (Frontend),Chennai,204278,171874,310913,241393.5
DevOps Engineer,Jaipur,226589,137610,246324,191967.0
Robotics Engineer,Hyderabad,411698,232102,492013,362057.5
Software Engineer,Surat,74095,71852,134139,102995.5
Technical Writer,Visakhapatnam,240597,99234,224665,161949.5
DevOps Engineer,Noida,320299,166309,331689,248999.0
Software Engineer,Pune,189084,108864,208914,158889.0
Software Engineer (Backend),Mumbai,279298,234562,446274,340418.0
Machine Learning Engineer,Chennai,275727,172429,325523,248976.0
Full Stack Developer,Hyderabad,154556,143958,254649,199303.5
Software Engineer (Backend),Chandigarh,257336,170919,327243,249081.0
Software Engineer (Backend),Hyderabad,129902,86573,156400,121486.5
Software Engineer,Goa,160508,114498,219188,166843.0
Junior Developer,Bangalore,221708,188631,320111,254371.0
Cybersecurity Analyst,Nagpur,157472,143564,264573,204068.5
Cloud Engineer,Mumbai,286894,194246,330510,262378.0
Technical Architect,Chennai,509202,261155,514888,388021.5
Lead Data Scientist,Pune,244596,168400,309571,238985.5
Cloud Engineer,Hyderabad,102640,84371,160090,122230.5
Data Scientist,Pune,328727,182858,374433,278645.5
AR/VR Engineer,Bhubaneswar,117649,74081,158112,116096.5
iOS Developer,Bangalore,204329,138579,263242,200910.5
Network Engineer,Mumbai,265650,163350,310600,236975.0
DevOps Engineer,Bangalore,185084,110860,225249,168054.5
System Administrator,Mumbai,128425,77483,153990,115736.5
DevOps Engineer,Visakhapatnam,212092,123527,248264,185895.5
Machine Learning Engineer,Hyderabad,92449,79155,162841,120998.0
System Administrator,Chennai,255916,151353,295233,223293.0
Data Engineer,Delhi,229850,134933,255675,195304.0
Machine Learning Engineer,Chennai,184789,98018,200305,149161.5
Product Manager,Bhubaneswar,317881,236800,508555,372677.5
Full Stack Developer,Chennai,114730,99612,176832,138222.0
Cloud Engineer,Mumbai,118151,86805,162719,124762.0
Machine Learning Engineer,Delhi,139770,114989,227960,171474.5
Software Engineer (Backend),Noida,127345,93117,175941,134529.0
Data Scientist,Chennai,78540,60075,122121,91098.0
Cloud Engineer,Jaipur,122687,69157,130036,99596.5
Cybersecurity Analyst,Bangalore,135759,84742,163446,124094.0
Cybersecurity Analyst,Kolkata,113158,62774,126865,94819.5
Software Engineer (Frontend),Chennai,135557,93666,167112,130389.0
Machine Learning Engineer,Ahmedabad,295600,183159,352431,267795.0
Mobile Developer,Pune,148629,96113,182640,139376.5
Lead Data Scientist,Mumbai,512887,286320,564541,425430.5
Software Engineer (Frontend),Chennai,103158,77837,129364,103600.5
AI Engineer,Mumbai,151009,76036,158804,117420.0
Product Manager,Delhi,331551,212090,451250,331670.0
Embedded Systems Engineer,Bangalore,109464,102748,218793,160770.5
AR/VR Engineer,Chennai,112322,89428,175022,132225.0
Software Engineer (Backend),Mumbai,187908,140884,236936,188910.0
AI Engineer,Trivandrum,71182,62318,129280,95799.0
DevOps Engineer,Delhi,308174,266489,506179,386334.0
Site Reliability Engineer,Lucknow,161404,103917,203930,153923.5
Software Engineer (Frontend),Bangalore,116549,99054,166899,132976.5
Machine Learning Engineer,Mysore,315624,160116,348973,254544.5
Data Scientist,Chandigarh,141282,124105,267968,196036.5
Cloud Engineer,Delhi,252575,191843,339835,265839.0
Site Reliability Engineer,Mumbai,155290,116792,264434,190613.0
Software Engineer (Frontend),Delhi,182988,128067,218656,173361.5
Machine Learning Engineer,Mumbai,182701,123635,261475,192555.0
Software Engineer,Hyderabad,173072,107134,204978,156056.0
Software Engineer,Kolkata,250774,165772,321127,243449.5
Full Stack Developer,Chandigarh,276071,148708,262866,205787.0
Technical Writer,Mumbai,218579,159428,317661,238544.5
Machine Learning Engineer,Pune,153790,98912,204814,151863.0
AI Engineer,Hyderabad,354287,320075,668295,494185.0
AI Engineer,Pune,359676,218684,472543,345613.5
Site Reliability Engineer,Hyderabad,323071,168121,373691,270906.0
Robotics Engineer,Kochi,233902,115890,244090,179990.0
AR/VR Engineer,Hyderabad,261772,144092,307865,225978.5
Network Engineer,Pune,152768,78304,166692,122498.0
UI/UX Designer,Bhubaneswar,173051,129990,285732,207861.0
Cybersecurity Analyst,Chennai,158178,115996,225354,170675.0
QA Engineer,Lucknow,75567,65394,131779,98586.5
Cybersecurity Analyst,Hyderabad,212706,108419,230447,169433.0
Junior Developer,Chennai,91769,75720,135398,105559.0
Product Manager,Mumbai,150734,125183,267638,196410.5
Embedded Systems Engineer,Bangalore,192178,137883,302349,220116.0
DevOps Engineer,Hyderabad,82306,76667,136085,106376.0
QA Engineer,Bhubaneswar,93323,88264,180614,134439.0
Full Stack Developer,Delhi,204385,106444,207892,157168.0
Research Scientist,Chennai,162590,129650,273183,201416.5
Software Engineer,Ahmedabad,262098,143366,298707,221036.5
Machine Learning Engineer,Kolkata,174247,120509,261066,190787.5
Software Engineer (Backend),Surat,237191,161479,276332,218905.5
DevOps Engineer,Bangalore,231202,122297,236737,179517.0
Full Stack Developer,Kochi,138147,115299,219880,167589.5
Software Engineer,Bangalore,334267,200511,392542,296526.5
iOS Developer,Chennai,309969,191203,340868,266035.5
Senior Software Engineer,Bhubaneswar,446694,348178,623782,485980.0
Embedded Systems Engineer,Hyderabad,180523,100469,218546,159507.5
Data Scientist,Bangalore,258421,122451,273501,197976.0
Cloud Engineer,Mumbai,212160,122719,229898,176308.5
Full Stack Developer,Pune,273826,203470,407644,305557.0
Software Engineer (Backend),Bangalore,273574,194580,365871,280225.5
Product Manager,Bangalore,589053,326063,683742,504902.5
Software Engineer (Frontend),Mumbai,153419,84888,154604,119746.0
Product Manager,Bangalore,209470,119803,272371,196087.0
Android Developer,Pune,159496,129085,246874,187979.5
DevOps Engineer,Mumbai,194428,152709,273146,212927.5
DevOps Engineer,Chennai,211811,124759,237032,180895.5
AR/VR Engineer,Hyderabad,322268,176069,373033,274551.0
Cloud Engineer,Surat,66605,49505,89321,69413.0
Software Engineer,Kochi,332501,163480,317764,240622.0
Information Security Engineer,Indore,160040,101107,189699,145403.0
Research Scientist,Nagpur,128660,89265,183074,136169.5
Data Scientist,Chennai,450084,229459,513907,371683.0
DevOps Engineer,Hyderabad,164843,137759,267224,202491.5
Cybersecurity Analyst,Bangalore,93765,66571,130099,98335.0
Software Engineer (Backend),Mumbai,129504,91702,177098,134400.0
Technical Writer,Bhubaneswar,44483,34623,77831,56227.0
iOS Developer,Hyderabad,155174,148757,289375,219066.0
Information Security Engineer,Delhi,92079,68263,139252,103757.5
QA Engineer,Gurgaon,116683,71316,146874,109095.0
Machine Learning Engineer,Visakhapatnam,262107,124553,267292,195922.5
Software Engineer (Frontend),Bangalore,132074,130372,217254,173813.0
Data Scientist,Bangalore,134177,70754,145765,108259.5
Cloud Engineer,Delhi,244895,175363,313722,244542.5
UI/UX Designer,Delhi,82569,50483,105718,78100.5
Product Manager,Mumbai,348549,182540,389103,285821.5
Information Security Engineer,Goa,289654,174560,329342,251951.0
Cloud Engineer,Pune,244402,144761,283700,214230.5
Software Engineer (Frontend),Kolkata,189432,132840,222358,177599.0
DevOps Engineer,Trivandrum,128646,114828,209171,161999.5
UI/UX Designer,Chennai,117356,67284,141160,104222.0
Mobile Developer,Delhi,53065,49606,88586,69096.0
Robotics Engineer,Trivandrum,231166,138681,277076,207878.5
Site Reliability Engineer,Kolkata,278011,136141,296465,216303.0
Principal Engineer,Mumbai,1102795,515793,1085655,800724.0
AR/VR Engineer,Gurgaon,188335,184967,363702,274334.5
Data Engineer,Coimbatore,72565,67562,136121,101841.5
Information Security Engineer,Delhi,243268,203151,386378,294764.5
Computer Vision Engineer,Surat,120051,65043,130062,97552.5
Software Engineer (Frontend),Gurgaon,67622,60489,108263,84376.0
DevOps Engineer,Chennai,114843,66781,133416,100098.5
Software Engineer (Frontend),Bangalore,287269,195906,371360,283633.0
iOS Developer,Mumbai,94670,81537,159485,120511.0
Mobile Developer,Mumbai,195238,117604,225100,171352.0
Blockchain Developer,Mumbai,433279,275245,513948,394596.5
Data Scientist,Chandigarh,92069,61543,126469,94006.0
Cloud Engineer,Hyderabad,134633,79068,163069,121068.5
Cloud Engineer,Chennai,135265,132149,255909,194029.0
Cloud Engineer,Chennai,234094,122805,229862,176333.5
Software Engineer (Frontend),Pune,107697,87857,160798,124327.5
Network Engineer,Trivandrum,168374,101193,202050,151621.5
Technical Architect,Bangalore,420567,217055,441827,329441.0
Machine Learning Engineer,Pune,223164,163218,315812,239515.0
Research Scientist,Goa,371058,247850,484940,366395.0
Network Engineer,Pune,142099,82870,159548,121209.0
iOS Developer,Delhi,138932,79825,149839,114832.0
Technical Writer,Chandigarh,110594,88539,191564,140051.5
Robotics Engineer,Nagpur,289357,178796,352641,265718.5
Software Engineer (Frontend),Mumbai,86024,68716,119688,94202.0
NLP Engineer,Hyderabad,147243,104410,200369,152389.5
AR/VR Engineer,Nagpur,152733,108967,224769,166868.0
Cloud Engineer,Delhi,100503,84085,156226,120155.5
Cloud Engineer,Pune,145316,100376,181730,141053.0
Full Stack Developer,Kolkata,190159,142979,260715,201847.0
Full Stack Developer,Bangalore,161960,130614,249155,189884.5
Data Scientist,Noida,121938,119656,245944,182800.0
Network Engineer,Pune,276719,167259,345947,256603.0
UI/UX Designer,Mysore,200997,101855,230490,166172.5
Junior Developer,Chennai,108149,106882,179147,143014.5
Data Scientist,Mumbai,207309,110048,239354,174701.0
AI Engineer,Surat,114657,87827,190643,139235.0
Computer Vision Engineer,Mumbai,211668,127198,245416,186307.0
DevOps Engineer,Delhi,151950,138835,259164,198999.5
Full Stack Developer,Mumbai,344916,196843,364058,280450.5
Full Stack Developer,Surat,340462,209558,360592,285075.0
Research Scientist,Chennai,199288,150093,288191,219142.0
Data Scientist,Chennai,215838,122899,254651,188775.0
Information Security Engineer,Bangalore,178002,138957,291771,215364.0
UI/UX Designer,Jaipur,219472,103667,231229,167448.0
AI Engineer,Delhi,194275,102531,210336,156433.5
Software Engineer (Backend),Chennai,79951,62743,117247,89995.0
Junior Developer,Mysore,179787,110347,192311,151329.0
Lead Data Scientist,Kochi,202397,117721,231628,174674.5
Machine Learning Engineer,Bangalore,128685,103541,207168,155354.5
Cloud Engineer,Pune,143345,122006,223036,172521.0
Cybersecurity Analyst,Trivandrum,260209,154787,288943,221865.0
Cybersecurity Analyst,Chennai,277304,186984,361162,274073.0
Network Engineer,Chennai,131664,108973,216195,162584.0
Network Engineer,Trivandrum,238577,170720,353587,262153.5
Technical Writer,Delhi,157790,92078,202182,147130.0
DevOps Engineer,Delhi,173201,114120,226824,170472.0
Software Engineer (Backend),Pune,214506,127657,236438,182047.5
NLP Engineer,Hyderabad,168901,146803,279918,213360.5
Junior Developer,Visakhapatnam,120605,79135,140212,109673.5
Cybersecurity Analyst,Chennai,259327,145661,284875,215268.0
Software Engineer (Backend),Coimbatore,152843,104205,195929,150067.0
DevOps Engineer,Hyderabad,73298,68902,133559,101230.5
DevOps Engineer,Mumbai,173012,102030,186222,144126.0
Software Engineer,Bangalore,210919,164581,298981,231781.0
Cloud Engineer,Pune,127738,83400,155736,119568.0
Machine Learning Engineer,Delhi,167258,110280,223310,166795.0
Robotics Engineer,Pune,168916,91906,203750,147828.0
QA Engineer,Mumbai,63459,56166,115041,85603.5
Software Engineer,Trivandrum,114614,80693,160110,120401.5
Software Engineer,Bangalore,254067,194478,359948,277213.0
Database Administrator,Chennai,114075,61695,124913,93304.0
AI Engineer,Pune,165472,111355,227390,169372.5
Software Engineer,Mumbai,308139,202839,381345,292092.0
AI Engineer,Delhi,97525,75871,153457,114664.0
Data Scientist,Hyderabad,147650,107609,231393,169501.0
Full Stack Developer,Gurgaon,155689,91931,164179,128055.0
Software Engineer,Bangalore,218743,132583,246351,189467.0
Cloud Engineer,Mysore,197553,134329,249276,191802.5
Machine Learning Engineer,Delhi,286013,155794,347435,251614.5
Game Developer,Hyderabad,173878,106934,235523,171228.5
Mobile Developer,Chennai,95801,58959,111196,85077.5
Software Engineer (Backend),Bangalore,134516,116676,214458,165567.0
Cloud Engineer,Kochi,179942,120100,219772,169936.0
Cloud Engineer,Kolkata,210419,143082,258198,200640.0
Software Engineer (Backend),Bangalore,144089,78052,131781,104916.5
Full Stack Developer,Mumbai,135976,115193,212045,163619.0
Software Engineer (Backend),Chennai,96208,67553,128768,98160.5
Cloud Engineer,Kochi,200557,146091,269704,207897.5
System Administrator,Surat,158262,95658,184205,139931.5
Junior Developer,Hyderabad,72747,53222,87671,70446.5
NLP Engineer,Bangalore,195164,122182,247443,184812.5
Machine Learning Engineer,Delhi,304657,202970,420132,311551.0
AR/VR Engineer,Coimbatore,367922,265853,565372,415612.5
Data Engineer,Delhi,245452,202202,394705,298453.5
Data Scientist,Bangalore,139789,114840,253363,184101.5
Machine Learning Engineer,Chennai,237582,104547,226982,165764.5
Cybersecurity Analyst,Pune,201579,171043,325604,248323.5
Technical Writer,Mysore,103616,74596,151419,113007.5
Machine Learning Engineer,Indore,139089,113230,237549,175389.5
Software Engineer (Backend),Hyderabad,151546,94176,173733,133954.5
Machine Learning Engineer,Kolkata,122585,83287,166474,124880.5
DevOps Engineer,Mysore,241622,146542,270346,208444.0
AR/VR Engineer,Jaipur,89380,51060,101680,76370.0
Lead Data Scientist,Indore,151033,84000,165772,124886.0
Research Scientist,Bangalore,149573,133475,256772,195123.5
AR/VR Engineer,Surat,220926,141368,269605,205486.5
Cloud Engineer,Bangalore,217487,149720,273423,211571.5
Cybersecurity Analyst,Hyderabad,147567,114541,227159,170850.0
System Administrator,Pune,89328,61716,122079,91897.5
Data Scientist,Hyderabad,380525,202148,409077,305612.5
iOS Developer,Pune,179551,125658,239136,182397.0
Software Engineer (Frontend),Bangalore,147493,96042,160790,128416.0
Blockchain Developer,Delhi,179611,145739,277007,211373.0
Senior Software Engineer,Chennai,250472,227410,389610,308510.0
Software Engineer (Frontend),Bangalore,321397,207471,379680,293575.5
Software Engineer (Backend),Indore,115293,111479,201854,156666.5
Software Engineer (Backend),Pune,95481,78701,140392,109546.5
Computer Vision Engineer,Chennai,384550,178553,360906,269729.5
Software Engineer,Hyderabad,344351,225103,427324,326213.5
Data Scientist,Hyderabad,143541,81813,171479,126646.0
iOS Developer,Hyderabad,115864,65398,123486,94442.0
Data Scientist,Delhi,173916,137413,282978,210195.5
Site Reliability Engineer,Hyderabad,351854,184087,358320,271203.5
Full Stack Developer,Delhi,271744,176800,347822,262311.0
Data Scientist,Bangalore,180637,97863,223931,160897.0
Cybersecurity Analyst,Trivandrum,128289,123570,252912,188241.0
Full Stack Developer,Bangalore,319731,189621,364145,276883.0
Cybersecurity Analyst,Chennai,211912,156215,299921,228068.0
Information Security Engineer,Bangalore,186632,163561,335859,249710.0
Full Stack Developer,Lucknow,96472,74137,131408,102772.5
Software Engineer,Mumbai,197502,105076,207747,156411.5
Information Security Engineer,Nagpur,149382,94366,179756,137061.0
AI Engineer,Hyderabad,76628,59751,129211,94481.0
Android Developer,Indore,60701,53090,97918,75504.0
UI/UX Designer,Mumbai,403270,191447,397376,294411.5
Data Engineer,Bangalore,281761,195238,357004,276121.0
Senior Software Engineer,Chennai,233987,151579,282216,216897.5
Software Engineer (Backend),Chandigarh,125136,73363,129872,101617.5
Cybersecurity Analyst,Pune,114101,66458,128353,97405.5
DevOps Engineer,Chennai,213010,102151,205037,153594.0
Cybersecurity Analyst,Chennai,203825,121096,237107,179101.5
Software Engineer,Pune,178369,108862,206675,157768.5
NLP Engineer,Hyderabad,190703,109806,202944,156375.0
Site Reliability Engineer,Bangalore,387410,265004,539832,402418.0
Blockchain Developer,Bhubaneswar,239077,138921,252250,195585.5
Junior Developer,Hyderabad,136151,92360,153602,122981.0
Database Administrator,Goa,229303,111808,239034,175421.0
Cybersecurity Analyst,Delhi,165615,106983,222488,164735.5
Site Reliability Engineer,Kolkata,379398,199947,401309,300628.0
System Administrator,Mumbai,172836,110269,211789,161029.0
Full Stack Developer,Pune,220433,118976,237616,178296.0
Site Reliability Engineer,Chennai,249332,236104,456964,346534.0
Cloud Engineer,Pune,134280,100461,180250,140355.5
Database Administrator,Hyderabad,180619,87370,180530,133950.0
Blockchain Developer,Visakhapatnam,310075,201428,367053,284240.5
DevOps Engineer,Chennai,121512,91856,180342,136099.0
Cybersecurity Analyst,Hyderabad,176572,124014,234038,179026.0
Information Security Engineer,Trivandrum,176742,89226,169986,129606.0
Full Stack Developer,Mumbai,219842,114238,216709,165473.5
QA Engineer,Jaipur,59169,47048,95567,71307.5
Cybersecurity Analyst,Bangalore,168184,97750,194269,146009.5
Software Engineer,Visakhapatnam,74884,59256,116694,87975.0
Cybersecurity Analyst,Bangalore,166202,115537,223052,169294.5
Information Security Engineer,Chennai,337378,178832,372968,275900.0
Full Stack Developer,Indore,103577,79115,143158,111136.5
DevOps Engineer,Surat,112007,64446,130326,97386.0
Cloud Engineer,Surat,69527,64421,116817,90619.0
Principal Engineer,Mumbai,361127,230584,417066,323825.0
Product Manager,Indore,138315,77361,169607,123484.0
Data Engineer,Trivandrum,158544,136145,267039,201592.0
Software Engineer,Noida,262374,131976,279391,205683.5
Database Administrator,Hyderabad,448632,228100,478499,353299.5
Software Engineer (Frontend),Hyderabad,80010,51244,94929,73086.5
Lead Data Scientist,Chennai,218830,127150,262203,194676.5
UI/UX Designer,Chennai,155228,119258,249481,184369.5
Software Engineer (Frontend),Chandigarh,78985,74783,132596,103689.5
Lead Data Scientist,Chennai,271493,207637,406627,307132.0
Game Developer,Noida,136427,131030,258995,195012.5
Information Security Engineer,Pune,179476,117015,232778,174896.5
Technical Architect,Pune,369936,212265,421256,316760.5
Cybersecurity Analyst,Chennai,102036,79943,144347,112145.0
Blockchain Developer,Pune,135962,84896,157953,121424.5
Software Engineer,Bangalore,143890,106303,217575,161939.0
Cloud Engineer,Delhi,243125,182142,348082,265112.0
DevOps Engineer,Goa,193346,127467,227027,177247.0
Machine Learning Engineer,Mumbai,345789,184681,379702,282191.5
Software Engineer,Hyderabad,127282,79527,163681,121604.0
Cloud Engineer,Pune,354184,185427,358209,271818.0
Lead Data Scientist,Hyderabad,154101,112186,230588,171387.0
Lead Data Scientist,Bangalore,325862,271882,546081,408981.5
Technical Architect,Visakhapatnam,344541,173568,365191,269379.5
Machine Learning Engineer,Mumbai,120583,67320,143220,105270.0
DevOps Engineer,Bhubaneswar,111101,67160,129803,98481.5
Cloud Engineer,Surat,104474,67821,126147,96984.0
UI/UX Designer,Hyderabad,398671,172580,369872,271226.0
Full Stack Developer,Lucknow,140924,84112,157016,120564.0
Cybersecurity Analyst,Pune,352957,201102,393702,297402.0
Android Developer,Chennai,67832,65007,132180,98593.5
Robotics Engineer,Bangalore,328387,243201,513829,378515.0
DevOps Engineer,Chennai,122396,72794,130770,101782.0
Machine Learning Engineer,Delhi,176073,129360,266045,197702.5
Data Scientist,Hyderabad,212669,124667,254416,189541.5
AR/VR Engineer,Hyderabad,366381,244661,493314,368987.5
Cybersecurity Analyst,Delhi,141414,110984,236202,173593.0
Full Stack Developer,Delhi,183661,139864,259298,199581.0
Software Engineer,Trivandrum,148012,101700,197362,149531.0
Cloud Engineer,Chennai,152590,130549,254744,192646.5
Software Engineer,Delhi,166151,125867,235343,180605.0
Blockchain Developer,Bangalore,166465,144486,263209,203847.5
Full Stack Developer,Hyderabad,299829,201122,360220,280671.0
Blockchain Developer,Chennai,307452,231247,467621,349434.0
Software Engineer (Backend),Delhi,157137,120991,211218,166104.5
Mobile Developer,Bhubaneswar,92574,88486,171314,129900.0
Cloud Engineer,Jaipur,103795,64240,111035,87637.5
Cloud Engineer,Chennai,110212,79135,141121,110128.0
Software Engineer (Frontend),Mysore,104432,57120,101211,79165.5
Software Engineer (Backend),Chennai,209821,154140,282772,218456.0
Data Scientist,Lucknow,210386,138387,273442,205914.5
Software Engineer (Frontend),Trivandrum,85491,64516,112070,88293.0
NLP Engineer,Bangalore,252621,147209,279305,213257.0
Computer Vision Engineer,Chennai,173608,133046,262442,197744.0
Robotics Engineer,Chandigarh,300889,145276,309957,227616.5
DevOps Engineer,Chennai,187167,116796,208349,162572.5
Data Scientist,Pune,161883,117278,249003,183140.5
Research Scientist,Lucknow,202660,202049,406119,304084.0
Software Engineer (Backend),Jaipur,170646,92996,167731,130363.5
Technical Architect,Bangalore,576033,341721,722628,532174.5
DevOps Engineer,Bangalore,122993,101136,191015,146075.5
Research Scientist,Noida,297195,186962,382063,284512.5
Android Developer,Gurgaon,140414,88330,162408,125369.0
Cloud Engineer,Mumbai,120517,89103,160538,124820.5
AI Engineer,Bangalore,270566,124703,270234,197468.5
iOS Developer,Mysore,176224,130632,248891,189761.5
Lead Data Scientist,Chennai,448176,304890,559784,432337.0
AI Engineer,Chennai,214433,108855,231519,170187.0
iOS Developer,Indore,290876,165628,294291,229959.5
Technical Writer,Chennai,156706,89329,199663,144496.0
Blockchain Developer,Indore,181986,168485,321675,245080.0
Blockchain Developer,Hyderabad,277544,216038,405721,310879.5
Software Engineer (Frontend),Chennai,118824,70736,132940,101838.0
Cloud Engineer,Delhi,186947,117192,215146,166169.0
Cloud Engineer,Bangalore,260363,173818,322671,248244.5
Cloud Engineer,Pune,218233,128252,246291,187271.5
Full Stack Developer,Chandigarh,287032,210338,381543,295940.5
Software Engineer,Gurgaon,105758,71912,130874,101393.0
System Administrator,Mumbai,123598,83228,156234,119731.0
Game Developer,Delhi,107942,68842,143517,106179.5
DevOps Engineer,Lucknow,104653,74243,145332,109787.5
Data Scientist,Chennai,144706,84292,187228,135760.0
QA Engineer,Bangalore,120328,96740,196983,146861.5
UI/UX Designer,Mumbai,187585,153223,318332,235777.5
Full Stack Developer,Bhubaneswar,124774,108732,210211,159471.5
Game Developer,Pune,168831,88997,189817,139407.0
AR/VR Engineer,Ahmedabad,174832,104417,203287,153852.0
Software Engineer,Gurgaon,131024,128041,235438,181739.5
Computer Vision Engineer,Delhi,268512,166683,328367,247525.0
Information Security Engineer,Lucknow,136289,102989,210359,156674.0
Technical Architect,Surat,282843,197860,427086,312473.0
Full Stack Developer,Mumbai,234007,122138,233717,177927.5
Data Scientist,Indore,382942,179598,380071,279834.5
Full Stack Developer,Bangalore,142885,80197,155047,117622.0
Cybersecurity Analyst,Bangalore,212457,168305,314193,241249.0
Data Scientist,Pune,126018,87550,185356,136453.0
AI Engineer,Delhi,292015,199857,426749,313303.0
Software Engineer (Frontend),Chandigarh,192314,134645,228932,181788.5
Senior Software Engineer,Goa,101690,79723,146730,113226.5
DevOps Engineer,Delhi,83155,83068,150242,116655.0
Data Scientist,Delhi,118470,82961,168147,125554.0
Software Engineer,Bangalore,215861,213657,417329,315493.0
Software Engineer,Mumbai,153481,146355,279170,212762.5
Data Scientist,Bangalore,320223,211768,484588,348178.0
Software Engineer (Frontend),Coimbatore,86252,69314,118370,93842.0
Game Developer,Bangalore,263573,143169,313394,228281.5
Cybersecurity Analyst,Mumbai,210783,166187,318288,242237.5
Cybersecurity Analyst,Chennai,147273,87971,172596,130283.5
Technical Writer,Mumbai,142098,105166,237337,171251.5
Information Security Engineer,Hyderabad,228759,147481,286718,217099.5
Full Stack Developer,Gurgaon,160672,88850,165414,127132.0
AI Engineer,Mysore,99520,61012,127074,94043.0
Software Engineer (Frontend),Hyderabad,187490,103886,195118,149502.0
Software Engineer (Frontend),Hyderabad,281441,174825,323286,249055.5
Full Stack Developer,Trivandrum,187886,171993,322070,247031.5
Database Administrator,Mumbai,195435,101023,207595,154309.0
Game Developer,Chennai,164741,99288,204544,151916.0
Database Administrator,Pune,201943,161813,325669,243741.0
Senior Software Engineer,Visakhapatnam,164698,130678,245608,188143.0
System Administrator,Pune,152745,86541,168774,127657.5
Cloud Engineer,Mumbai,268991,173303,299769,236536.0
Software Engineer (Frontend),Mumbai,194666,156002,269119,212560.5
Cloud Engineer,Pune,329854,242332,445164,343748.0
Computer Vision Engineer,Bangalore,176677,97716,202091,149903.5
AI Engineer,Delhi,247501,117629,262977,190303.0
Software Engineer (Frontend),Hyderabad,158405,127576,220613,174094.5
DevOps Engineer,Bangalore,217746,134796,271185,202990.5
Junior Developer,Pune,94854,92258,158589,125423.5
Machine Learning Engineer,Pune,146420,76347,162421,119384.0
Cloud Engineer,Mysore,108279,86280,148080,117180.0
Software Engineer,Chennai,121167,81762,169311,125536.5
Senior Software Engineer,Jaipur,217529,195205,360871,278038.0
Information Security Engineer,Kolkata,93104,85520,160408,122964.0
Site Reliability Engineer,Bhubaneswar,210460,177363,383592,280477.5
Database Administrator,Pune,201575,128544,264214,196379.0
Computer Vision Engineer,Kochi,280220,218533,415378,316955.5
Machine Learning Engineer,Delhi,228049,135951,259430,197690.5
Machine Learning Engineer,Mumbai,282243,154691,317868,236279.5
Machine Learning Engineer,Hyderabad,388175,195817,430538,313177.5
Research Scientist,Pune,501928,337623,638313,487968.0
Site Reliability Engineer,Bangalore,466837,224207,490696,357451.5
Senior Software Engineer,Ahmedabad,91370,82213,151404,116808.5
Junior Developer,Kochi,104747,84047,158622,121334.5
Network Engineer,Goa,108733,51438,105527,78482.5
Software Engineer,Hyderabad,225413,175233,347532,261382.5
Game Developer,Mysore,205853,105048,203230,154139.0
DevOps Engineer,Hyderabad,116007,86429,154430,120429.5
Cybersecurity Analyst,Trivandrum,217935,122401,248634,185517.5
Machine Learning Engineer,Gurgaon,331828,146492,312648,229570.0
AR/VR Engineer,Hyderabad,431508,276199,557622,416910.5
Technical Architect,Delhi,376889,251264,491890,371577.0
Software Engineer,Indore,229362,147306,310824,229065.0
Data Scientist,Chennai,220937,214229,446398,330313.5
Research Scientist,Mysore,284054,182836,361566,272201.0
Product Manager,Chennai,270280,194112,394186,294149.0
Junior Developer,Pune,78172,57235,100249,78742.0
Information Security Engineer,Bhubaneswar,323666,208335,415233,311784.0
Software Engineer (Frontend),Kochi,260646,162305,299747,231026.0
Software Engineer (Backend),Bangalore,175346,148124,267255,207689.5
Lead Data Scientist,Mumbai,328677,200045,366946,283495.5
System Administrator,Noida,166445,109672,217118,163395.0
Software Engineer,Bangalore,425376,234334,494995,364664.5
Software Engineer (Backend),Hyderabad,98699,82179,144843,113511.0
Software Engineer,Pune,99097,91498,184146,137822.0
DevOps Engineer,Chennai,295043,187292,344452,265872.0
Cybersecurity Analyst,Pune,174702,115421,226447,170934.0
Computer Vision Engineer,Bangalore,143845,78304,157419,117861.5
AI Engineer,Hyderabad,148809,85825,177435,131630.0
Robotics Engineer,Pune,290801,148406,298690,223548.0
Android Developer,Pune,153965,97525,189259,143392.0
Data Scientist,Delhi,158841,135348,284650,209999.0
Full Stack Developer,Hyderabad,245632,173904,345524,259714.0
Cybersecurity Analyst,Mumbai,73613,61093,127112,94102.5
Software Engineer (Frontend),Mysore,86395,61289,108391,84840.0
Software Engineer (Backend),Visakhapatnam,88072,71241,127110,99175.5
Cloud Engineer,Kolkata,85868,65790,118426,92108.0
Product Manager,Bangalore,495070,279862,568679,424270.5
Cloud Engineer,Hyderabad,305422,181541,350935,266238.0
Product Manager,Chennai,151805,134486,286926,210706.0
Software Engineer (Backend),Chennai,254946,217324,387576,302450.0
Software Engineer,Chennai,175193,86068,167511,126789.5
DevOps Engineer,Mumbai,273707,210227,376402,293314.5
Software Engineer,Kochi,301445,194496,396450,295473.0
Software Engineer (Frontend),Mumbai,290934,183198,338606,260902.0
Data Scientist,Hyderabad,198301,157189,304506,230847.5
Research Scientist,Bangalore,221990,141893,294038,217965.5
Technical Architect,Visakhapatnam,534133,358345,762360,560352.5
Database Administrator,Visakhapatnam,241182,159304,346171,252737.5
Robotics Engineer,Visakhapatnam,162520,88204,197790,142997.0
Site Reliability Engineer,Pune,230159,144880,293382,219131.0
Software Engineer,Noida,142981,107587,209639,158613.0
Software Engineer (Frontend),Hyderabad,115073,93580,167919,130749.5
Software Engineer (Frontend),Mumbai,95313,61032,111121,86076.5
Software Engineer (Backend),Noida,199284,133011,221413,177212.0
Software Engineer (Backend),Mumbai,94736,91118,169602,130360.0
Software Engineer,Mumbai,221841,158333,306778,232555.5
Android Developer,Delhi,225063,152121,275703,213912.0
Full Stack Developer,Nagpur,87018,77529,154892,116210.5
Software Engineer,Chennai,240092,171745,327751,249748.0
Data Scientist,Bangalore,114229,82834,186196,134515.0
Cybersecurity Analyst,Goa,92975,76127,152544,114335.5
DevOps Engineer,Mumbai,203985,174425,306647,240536.0
Data Scientist,Ahmedabad,68391,60531,133323,96927.0
Site Reliability Engineer,Noida,275873,181557,363429,272493.0
Mobile Developer,Hyderabad,229727,151839,307215,229527.0
Machine Learning Engineer,Hyderabad,114275,77510,159238,118374.0
DevOps Engineer,Hyderabad,420403,211216,419239,315227.5
Data Scientist,Nagpur,189331,146739,308926,227832.5
AR/VR Engineer,Bangalore,276197,174766,330978,252872.0
Android Developer,Hyderabad,182436,125794,231691,178742.5
Database Administrator,Surat,243866,159072,335218,247145.0
Cybersecurity Analyst,Visakhapatnam,163017,133802,264523,199162.5
Software Engineer (Backend),Mumbai,153324,105238,199879,152558.5
DevOps Engineer,Hyderabad,304417,201744,411892,306818.0
Cloud Engineer,Bangalore,186307,138993,258049,198521.0
Software Engineer (Frontend),Bangalore,219374,146483,278959,212721.0
Site Reliability Engineer,Chennai,248393,176004,373847,274925.5
AI Engineer,Chennai,351472,246138,505119,375628.5
NLP Engineer,Bangalore,291505,167278,319631,243454.5
Senior Software Engineer,Chennai,160361,135025,222163,178594.0
Network Engineer,Mumbai,187378,100803,201933,151368.0
AI Engineer,Lucknow,194459,126059,273872,199965.5
Lead Data Scientist,Hyderabad,486587,300188,534297,417242.5
Cybersecurity Analyst,Bhubaneswar,122898,98279,180987,139633.0
Cloud Engineer,Delhi,115390,93330,164596,128963.0
Software Engineer (Backend),Chennai,115974,88768,158107,123437.5
Full Stack Developer,Delhi,95043,72056,136511,104283.5
Android Developer,Trivandrum,273387,151897,291637,221767.0
Principal Engineer,Chennai,374900,244858,452097,348477.5
Software Engineer (Frontend),Kochi,225993,150489,266206,208347.5
DevOps Engineer,Mumbai,80720,62472,122878,92675.0
Cybersecurity Analyst,Lucknow,71406,52309,108007,80158.0
Software Engineer (Frontend),Coimbatore,227201,182897,314180,248538.5
Machine Learning Engineer,Delhi,150551,89904,188336,139120.0
Software Engineer (Frontend),Noida,105199,83855,140100,111977.5
Android Developer,Trivandrum,135767,113196,221795,167495.5
Full Stack Developer,Coimbatore,163597,103888,191087,147487.5
Machine Learning Engineer,Jaipur,227429,121730,263128,192429.0
Computer Vision Engineer,Mumbai,137351,117253,218769,168011.0
Software Engineer (Backend),Chennai,266548,167416,316951,242183.5
Information Security Engineer,Delhi,196049,182208,337807,260007.5
DevOps Engineer,Pune,114296,69106,129508,99307.0
Cloud Engineer,Chennai,78498,68961,132662,100811.5
Machine Learning Engineer,Hyderabad,249207,119079,253338,186208.5
NLP Engineer,Bangalore,221034,145142,275167,210154.5
Android Developer,Delhi,167822,109960,219726,164843.0
Cybersecurity Analyst,Mumbai,335123,174902,361817,268359.5
Research Scientist,Coimbatore,281514,147105,297669,222387.0
DevOps Engineer,Hyderabad,175271,98760,205075,151917.5
Lead Data Scientist,Lucknow,180089,124127,233777,178952.0
Cloud Engineer,Lucknow,137076,83549,157580,120564.5
AI Engineer,Hyderabad,315419,171783,345773,258778.0
Technical Architect,Hyderabad,599380,318369,682027,500198.0
Site Reliability Engineer,Chennai,181026,126792,253636,190214.0
AI Engineer,Hyderabad,201874,103474,221244,162359.0
Blockchain Developer,Pune,315263,172117,328856,250486.5
AI Engineer,Hyderabad,376233,228362,490857,359609.5
Software Engineer (Frontend),Delhi,128812,87965,160104,124034.5
Cybersecurity Analyst,Chandigarh,153058,97716,207179,152447.5
DevOps Engineer,Pune,144966,101636,186832,144234.0
DevOps Engineer,Chennai,153895,140585,251482,196033.5
NLP Engineer,Chennai,130319,87868,172053,129960.5
Software Engineer,Jaipur,342592,184264,362471,273367.5
Data Scientist,Delhi,83860,76853,161525,119189.0
Full Stack Developer,Delhi,228003,174908,357090,265999.0
Computer Vision Engineer,Bhubaneswar,168372,116653,243132,179892.5
Machine Learning Engineer,Mumbai,119296,115780,260131,187955.5
Data Engineer,Delhi,92416,72676,147560,110118.0
Cloud Engineer,Mumbai,498167,322523,575797,449160.0
Cybersecurity Analyst,Visakhapatnam,221796,112368,234805,173586.5
Full Stack Developer,Mumbai,202347,130104,227140,178622.0
Database Administrator,Delhi,97150,55681,115586,85633.5
Cybersecurity Analyst,Kochi,202883,133367,263231,198299.0
Cybersecurity Analyst,Visakhapatnam,203872,115933,236534,176233.5
AI Engineer,Chennai,72175,57474,128546,93010.0
Machine Learning Engineer,Chennai,122617,96357,218190,157273.5
UI/UX Designer,Hyderabad,274822,138064,321346,229705.0
Technical Writer,Bangalore,129614,106759,217533,162146.0
AR/VR Engineer,Delhi,209180,154259,317367,235813.0
Software Engineer (Backend),Visakhapatnam,147259,98526,179031,138778.5
iOS Developer,Bangalore,347753,276475,518485,397480.0
Software Engineer (Backend),Chennai,104032,60647,111572,86109.5
Software Engineer (Frontend),Mumbai,196785,125892,223635,174763.5
AI Engineer,Kolkata,173147,99386,196558,147972.0
Game Developer,Chennai,68832,50728,102383,76555.5
Machine Learning Engineer,Chandigarh,166227,79002,160767,119884.5
Data Scientist,Pune,128790,107448,225356,166402.0
Data Scientist,Chennai,110305,90371,190914,140642.5
Full Stack Developer,Nagpur,145700,83641,148086,115863.5
Game Developer,Delhi,103096,85243,168938,127090.5
Software Engineer (Backend),Mumbai,174744,114262,189685,151973.5
Software Engineer (Backend),Chennai,128113,96718,166154,131436.0
Cloud Engineer,Delhi,71807,51893,104191,78042.0
Game Developer,Kolkata,57267,51445,106669,79057.0
Cloud Engineer,Bangalore,106623,60093,113616,86854.5
DevOps Engineer,Trivandrum,161069,154888,286726,220807.0
AI Engineer,Trivandrum,204117,156051,337972,247011.5
Software Engineer (Backend),Delhi,265930,177189,312158,244673.5
Computer Vision Engineer,Goa,174849,170157,349338,259747.5
Cloud Engineer,Mumbai,116853,99914,178787,139350.5
Research Scientist,Pune,255616,154043,304023,229033.0
Software Engineer (Backend),Pune,121429,103372,191477,147424.5
Technical Writer,Indore,130772,76420,167417,121918.5
Android Developer,Jaipur,270038,168524,322400,245462.0
Product Manager,Mumbai,159190,108565,233265,170915.0
AR/VR Engineer,Hyderabad,189369,141104,289343,215223.5
Full Stack Developer,Pune,165136,115838,214782,165310.0
Software Engineer,Goa,248566,150544,297067,223805.5
Embedded Systems Engineer,Bangalore,171313,86204,173139,129671.5
Information Security Engineer,Chennai,230306,117238,244198,180718.0
Android Developer,Pune,203775,136783,260679,198731.0
Software Engineer,Delhi,131712,95698,188279,141988.5
Software Engineer (Frontend),Bangalore,222383,167894,282857,225375.5
Android Developer,Mumbai,341924,211623,395962,303792.5
AI Engineer,Hyderabad,245854,102154,227384,164769.0
Cybersecurity Analyst,Pune,285650,187571,373156,280363.5
Full Stack Developer,Surat,112009,91089,172341,131715.0
Cloud Engineer,Hyderabad,160765,136267,252707,194487.0
Lead Data Scientist,Hyderabad,403438,393200,733926,563563.0
NLP Engineer,Pune,181180,96962,192313,144637.5
Lead Data Scientist,Kochi,348102,338354,608444,473399.0
AI Engineer,Pune,81174,60184,123706,91945.0
DevOps Engineer,Chennai,268462,163003,302361,232682.0
Software Engineer (Frontend),Delhi,260031,147766,267742,207754.0
Software Engineer (Backend),Bangalore,114017,94619,187149,140884.0
Software Engineer,Mumbai,192575,182161,358463,270312.0
Data Scientist,Chennai,111398,56717,120798,88757.5
Computer Vision Engineer,Gurgaon,236445,191500,375894,283697.0
UI/UX Designer,Mumbai,251753,137797,324943,231370.0
Data Scientist,Delhi,147913,113648,245056,179352.0
Game Developer,Kolkata,130928,76146,150762,113454.0
Lead Data Scientist,Chennai,355963,236903,471888,354395.5
Machine Learning Engineer,Bhubaneswar,226315,155945,296878,226411.5
Cloud Engineer,Bangalore,201379,145885,258819,202352.0
Data Engineer,Bangalore,107309,84667,167423,126045.0
AI Engineer,Chennai,171894,89553,190640,140096.5
Computer Vision Engineer,Mumbai,77379,71315,147789,109552.0
Cloud Engineer,Mumbai,108524,64761,129334,97047.5
Data Scientist,Bangalore,157455,79868,175699,127783.5
Site Reliability Engineer,Indore,311752,181717,364896,273306.5
Full Stack Developer,Bangalore,152781,122132,223931,173031.5
Cybersecurity Analyst,Kolkata,112973,73902,156358,115130.0
Machine Learning Engineer,Coimbatore,142135,74861,148573,111717.0
QA Engineer,Mumbai,154618,100234,189520,144877.0
Machine Learning Engineer,Hyderabad,122463,71148,150673,110910.5
Cloud Engineer,Hyderabad,136279,81443,145428,113435.5
Embedded Systems Engineer,Chennai,348002,193907,425907,309907.0
Software Engineer,Mumbai,334567,208478,420236,314357.0
Software Engineer (Frontend),Chennai,151367,132181,236755,184468.0
Cloud Engineer,Chennai,162882,94872,187708,141290.0
Cloud Engineer,Pune,237626,165987,316524,241255.5
Blockchain Developer,Coimbatore,253540,158384,328538,243461.0
Cybersecurity Analyst,Pune,171476,92152,188473,140312.5
Robotics Engineer,Bangalore,283908,173757,375637,274697.0
QA Engineer,Bangalore,92256,61989,119185,90587.0
AI Engineer,Noida,261743,144477,327456,235966.5
System Administrator,Chennai,68046,50639,103971,77305.0
Network Engineer,Chennai,213804,109557,225848,167702.5
DevOps Engineer,Bangalore,203270,160898,308194,234546.0
QA Engineer,Bangalore,76054,43261,89935,66598.0
Full Stack Developer,Pune,339837,181474,367246,274360.0
Software Engineer (Frontend),Indore,238154,172980,292053,232516.5
UI/UX Designer,Goa,149131,98915,233121,166018.0
Data Scientist,Kochi,89702,75473,161067,118270.0
AI Engineer,Delhi,217090,154246,324681,239463.5
Cloud Engineer,Mumbai,112673,80663,138960,109811.5
Principal Engineer,Jaipur,448117,268833,512969,390901.0
Cybersecurity Analyst,Hyderabad,84890,76608,155237,115922.5
Senior Software Engineer,Chennai,311934,228134,390575,309354.5
System Administrator,Hyderabad,99969,66637,141526,104081.5
Blockchain Developer,Delhi,75454,74762,146065,110413.5
AR/VR Engineer,Delhi,216327,127233,265557,196395.0
Cybersecurity Analyst,Goa,73448,59260,111839,85549.5
Site Reliability Engineer,Mumbai,336692,241364,500123,370743.5
AI Engineer,Chandigarh,212125,186353,357250,271801.5
Software Engineer (Backend),Bangalore,267156,154413,289692,222052.5
Software Engineer (Frontend),Gurgaon,116544,77059,138193,107626.0
Site Reliability Engineer,Bangalore,265929,176868,394845,285856.5
Robotics Engineer,Ahmedabad,369992,223965,454600,339282.5
Cybersecurity Analyst,Mysore,97049,61551,118512,90031.5
Computer Vision Engineer,Mumbai,302082,219928,444583,332255.5
Cybersecurity Analyst,Chennai,68872,58228,118507,88367.5
Full Stack Developer,Mumbai,84075,60343,108953,84648.0
Software Engineer (Frontend),Pune,160918,118464,224757,171610.5
Mobile Developer,Visakhapatnam,183279,153477,287945,220711.0
Machine Learning Engineer,Pune,125621,94367,191464,142915.5
Machine Learning Engineer,Bhubaneswar,271832,132028,274445,203236.5
Software Engineer,Pune,350921,195579,387554,291566.5
Full Stack Developer,Mumbai,141740,103271,180533,141902.0
iOS Developer,Hyderabad,347221,240374,430309,335341.5
Software Engineer (Frontend),Hyderabad,79451,69359,131910,100634.5
Software Engineer (Frontend),Hyderabad,116648,70437,131339,100888.0
Robotics Engineer,Mumbai,226382,137925,282224,210074.5
Principal Engineer,Bangalore,406732,247532,442549,345040.5
UI/UX Designer,Bangalore,131758,110938,229722,170330.0
Full Stack Developer,Chandigarh,150422,120165,231225,175695.0
DevOps Engineer,Pune,133839,89287,164969,127128.0
Robotics Engineer,Visakhapatnam,96967,79548,158928,119238.0
Lead Data Scientist,Surat,336671,243702,487958,365830.0
Full Stack Developer,Pune,140428,95903,181083,138493.0
Cloud Engineer,Hyderabad,221762,170688,310394,240541.0
Principal Engineer,Mumbai,594034,337563,682135,509849.0
Robotics Engineer,Delhi,160009,77282,168444,122863.0
Junior Developer,Hyderabad,158403,133909,237762,185835.5
Data Scientist,Delhi,195146,126951,257647,192299.0
NLP Engineer,Delhi,252546,209247,389463,299355.0
Software Engineer,Coimbatore,80116,63136,128768,95952.0
Software Engineer (Frontend),Delhi,130183,106178,188066,147122.0
DevOps Engineer,Mumbai,239736,126098,256448,191273.0
Data Engineer,Bangalore,203122,125566,243747,184656.5
Full Stack Developer,Bangalore,141361,96066,176004,136035.0
Software Engineer,Kolkata,241915,162513,327813,245163.0
Lead Data Scientist,Mumbai,731126,368590,757977,563283.5
AI Engineer,Bangalore,342869,249994,503725,376859.5
UI/UX Designer,Coimbatore,127922,66006,144924,105465.0
Computer Vision Engineer,Ahmedabad,274785,166775,314315,240545.0
Software Engineer (Backend),Chennai,124833,81052,147425,114238.5
Cloud Engineer,Pune,201497,116949,218870,167909.5
Product Manager,Chennai,343053,244178,489981,367079.5
Junior Developer,Kochi,74606,58677,103226,80951.5
Product Manager,Delhi,392112,216635,439170,327902.5
Blockchain Developer,Bangalore,351375,193156,357223,275189.5
Cloud Engineer,Chennai,226772,149585,259883,204734.0
Software Engineer,Delhi,102525,85294,160014,122654.0
Machine Learning Engineer,Hyderabad,178704,109655,238244,173949.5
AR/VR Engineer,Gurgaon,250563,203525,398026,300775.5
Cybersecurity Analyst,Gurgaon,139862,80470,157889,119179.5
UI/UX Designer,Delhi,137486,100659,206129,153394.0
Network Engineer,Hyderabad,84446,61729,128839,95284.0
AI Engineer,Bangalore,265728,216252,450713,333482.5
Software Engineer (Frontend),Bhubaneswar,71486,43940,77104,60522.0
Information Security Engineer,Delhi,111594,87123,174814,130968.5
AR/VR Engineer,Mumbai,269382,191036,402026,296531.0
Software Engineer,Delhi,368173,245993,476761,361377.0
Software Engineer (Frontend),Indore,64225,55119,95169,75144.0
Android Developer,Bangalore,154794,90038,173636,131837.0
Embedded Systems Engineer,Bangalore,311181,251182,491645,371413.5
Senior Software Engineer,Delhi,120698,91472,151073,121272.5
Machine Learning Engineer,Goa,241758,124296,275185,199740.5
Software Engineer (Frontend),Mumbai,100315,66819,122304,94561.5
Embedded Systems Engineer,Bangalore,144941,78491,160592,119541.5
Software Engineer,Hyderabad,158408,93117,190423,141770.0
Data Scientist,Trivandrum,116360,101164,209278,155221.0
System Administrator,Hyderabad,86197,68444,134395,101419.5
Software Engineer,Delhi,144439,109941,225456,167698.5
Senior Software Engineer,Hyderabad,308723,206073,367329,286701.0
Software Engineer,Pune,194262,126665,224812,175738.5
Software Engineer (Backend),Delhi,333814,183439,352821,268130.0
Software Engineer,Indore,128895,110291,206753,158522.0
Full Stack Developer,Hyderabad,133518,116478,221983,169230.5
Information Security Engineer,Lucknow,137266,115099,241923,178511.0
Data Scientist,Lucknow,174688,107276,220165,163720.5
DevOps Engineer,Bangalore,165785,96430,177298,136864.0
Database Administrator,Mumbai,161558,93266,185068,139167.0
Technical Writer,Pune,115948,75207,156536,115871.5
Senior Software Engineer,Mysore,227931,157979,282660,220319.5
Cloud Engineer,Surat,186000,119402,218640,169021.0
Cloud Engineer,Chennai,190560,107068,202437,154752.5
Cybersecurity Analyst,Pune,278216,143785,294559,219172.0
Machine Learning Engineer,Hyderabad,106381,57878,124525,91201.5
Lead Data Scientist,Chennai,175602,97016,196743,146879.5
DevOps Engineer,Noida,190961,135684,251422,193553.0
Software Engineer,Delhi,110140,85594,161942,123768.0
Data Scientist,Gurgaon,110008,82937,183206,133071.5
Software Engineer (Frontend),Bangalore,122367,105611,175749,140680.0
Software Engineer (Backend),Trivandrum,252365,215695,395686,305690.5
Full Stack Developer,Kochi,290745,171001,317637,244319.0
Cloud Engineer,Hyderabad,221394,100614,206785,153699.5
Information Security Engineer,Chandigarh,119646,69224,127056,98140.0
Site Reliability Engineer,Chennai,209451,122834,261112,191973.0
Game Developer,Chennai,151528,103181,212176,157678.5
Machine Learning Engineer,Pune,92215,83197,179055,131126.0
Software Engineer (Frontend),Bangalore,223474,171419,319285,245352.0
Lead Data Scientist,Bangalore,305470,271879,507474,389676.5
DevOps Engineer,Mumbai,244998,157052,292096,224574.0
Software Engineer (Frontend),Pune,91826,79308,144761,112034.5
Cloud Engineer,Bangalore,203666,110841,199854,155347.5
Full Stack Developer,Hyderabad,137039,68707,132207,100457.0
Cloud Engineer,Bangalore,202969,163011,318535,240773.0
QA Engineer,Delhi,270604,173280,333052,253166.0
Robotics Engineer,Delhi,147289,69434,147485,108459.5
Junior Developer,Coimbatore,76942,65674,107805,86739.5
Cloud Engineer,Bangalore,474754,247383,466610,356996.5
Technical Architect,Bangalore,765082,396446,789618,593032.0
DevOps Engineer,Pune,181961,142434,264692,203563.0
AI Engineer,Pune,157286,112771,249360,181065.5
Machine Learning Engineer,Noida,132137,108574,226304,167439.0
Principal Engineer,Delhi,529678,308070,630238,469154.0
Data Scientist,Bangalore,323006,251966,578163,415064.5
Software Engineer,Chennai,267048,211470,435675,323572.5
Lead Data Scientist,Visakhapatnam,509910,371981,701150,536565.5
Computer Vision Engineer,Hyderabad,308514,229404,476397,352900.5
System Administrator,Bangalore,234621,148901,293624,221262.5
Data Scientist,Hyderabad,264633,165506,366501,266003.5
Full Stack Developer,Mumbai,346270,207041,392053,299547.0
AI Engineer,Nagpur,170437,97011,188938,142974.5
Computer Vision Engineer,Indore,156547,82567,170460,126513.5
Game Developer,Trivandrum,150180,78040,169191,123615.5
Embedded Systems Engineer,Surat,82491,62405,121668,92036.5
Machine Learning Engineer,Mumbai,160406,130812,298466,214639.0
Principal Engineer,Bangalore,358360,244089,457900,350994.5
Software Engineer (Frontend),Hyderabad,219786,176665,313935,245300.0
Principal Engineer,Chennai,540179,396654,797359,597006.5
DevOps Engineer,Chandigarh,193078,171550,316464,244007.0
AI Engineer,Delhi,133241,118007,243487,180747.0
Data Scientist,Nagpur,86263,61685,120778,91231.5
AI Engineer,Coimbatore,265808,157635,310267,233951.0
Robotics Engineer,Hyderabad,72060,62300,118591,90445.5
Software Engineer,Coimbatore,68111,51003,94633,72818.0
Software Engineer (Backend),Delhi,108334,95069,181063,138066.0
AI Engineer,Chennai,184222,111003,219226,165114.5
AI Engineer,Pune,134700,113629,223535,168582.0
Computer Vision Engineer,Chennai,496189,248736,492053,370394.5
Embedded Systems Engineer,Pune,195277,103053,206536,154794.5
Cybersecurity Analyst,Bangalore,80227,62624,123158,92891.0
Machine Learning Engineer,Goa,92151,70959,154446,112702.5
UI/UX Designer,Pune,105815,79891,166690,123290.5
Lead Data Scientist,Bangalore,554328,316385,608203,462294.0
Software Engineer (Backend),Pune,64077,63165,107688,85426.5
NLP Engineer,Kolkata,246158,117982,228888,173435.0
Data Scientist,Mumbai,131428,97678,208010,152844.0
Software Engineer,Mumbai,144724,131001,245715,188358.0
Information Security Engineer,Mumbai,471407,293095,542509,417802.0
Machine Learning Engineer,Pune,181384,130365,271411,200888.0
Cybersecurity Analyst,Kolkata,79639,75663,152386,114024.5
Cloud Engineer,Bangalore,144915,85158,161026,123092.0
Embedded Systems Engineer,Nagpur,176081,136673,284132,210402.5
DevOps Engineer,Coimbatore,120445,68682,127532,98107.0
Software Engineer (Frontend),Pune,100357,86554,157283,121918.5
Data Scientist,Delhi,344296,176767,374576,275671.5
UI/UX Designer,Hyderabad,78372,75770,163546,119658.0
Cloud Engineer,Delhi,167610,158895,297853,228374.0
Technical Writer,Pune,111737,87111,182647,134879.0
NLP Engineer,Pune,153442,99634,183160,141397.0
Data Scientist,Delhi,177751,138035,283164,210599.5
Software Engineer,Chennai,213265,137787,258260,198023.5
Data Scientist,Chennai,65742,60488,126178,93333.0
iOS Developer,Coimbatore,264724,171321,329495,250408.0
Junior Developer,Indore,89834,82586,143157,112871.5
Full Stack Developer,Pune,210328,200733,358821,279777.0
Cybersecurity Analyst,Delhi,188809,173394,343140,258267.0
Machine Learning Engineer,Indore,190459,110107,219370,164738.5
DevOps Engineer,Pune,168838,143240,300246,221743.0
Senior Software Engineer,Mumbai,260897,151496,274863,213179.5
Software Engineer (Backend),Bangalore,105172,93940,177113,135526.5
Product Manager,Bhubaneswar,296446,208449,434417,321433.0
DevOps Engineer,Bhubaneswar,163760,109389,199969,154679.0
Embedded Systems Engineer,Hyderabad,239140,154066,289531,221798.5
Principal Engineer,Chennai,210791,147229,290084,218656.5
Blockchain Developer,Pune,330266,191147,381942,286544.5
Software Engineer,Hyderabad,141219,100925,196147,148536.0
Database Administrator,Kochi,101153,69581,143231,106406.0
Principal Engineer,Noida,166769,150724,276691,213707.5
AI Engineer,Bangalore,316775,147981,305461,226721.0
NLP Engineer,Gurgaon,310940,176515,354264,265389.5
Robotics Engineer,Bangalore,427996,297911,601773,449842.0
Data Engineer,Chennai,119838,93276,180730,137003.0
System Administrator,Pune,90730,67596,134056,100826.0
Software Engineer (Frontend),Bangalore,187944,111686,194188,152937.0
Machine Learning Engineer,Mumbai,238004,193681,411207,302444.0
Technical Writer,Hyderabad,160074,108002,226373,167187.5
Software Engineer,Pune,72192,61637,123509,92573.0
Data Scientist,Bangalore,223893,134203,277983,206093.0
Data Scientist,Pune,81020,65945,133536,99740.5
Cloud Engineer,Delhi,321660,246404,430045,338224.5
Software Engineer (Frontend),Mumbai,361957,286192,523368,404780.0
System Administrator,Mumbai,117455,97783,211405,154594.0
DevOps Engineer,Chandigarh,176989,126146,244989,185567.5
Machine Learning Engineer,Hyderabad,227577,129718,274501,202109.5
Cybersecurity Analyst,Mumbai,84468,70456,144401,107428.5
AI Engineer,Mumbai,386114,214269,420070,317169.5
Data Scientist,Bangalore,361415,209763,426171,317967.0
AI Engineer,Bangalore,294817,148688,328047,238367.5
Software Engineer (Frontend),Bangalore,205305,130348,244095,187221.5
Information Security Engineer,Bangalore,278547,153112,297066,225089.0
Mobile Developer,Bangalore,85420,83364,160463,121913.5
Senior Software Engineer,Chennai,263811,179115,322880,250997.5
Full Stack Developer,Bangalore,124878,97253,175647,136450.0
Technical Architect,Pune,627944,421374,780213,600793.5
Game Developer,Delhi,116095,99048,201246,150147.0
Cybersecurity Analyst,Chennai,114727,73117,141381,107249.0
Software Engineer (Backend),Kolkata,79414,60281,107805,84043.0
Android Developer,Chennai,347103,206280,395640,300960.0
System Administrator,Bangalore,87141,51565,101749,76657.0
Data Scientist,Hyderabad,239695,166241,348754,257497.5
Data Scientist,Bhubaneswar,179718,101592,199881,150736.5
Machine Learning Engineer,Pune,413272,222943,464092,343517.5
Data Scientist,Hyderabad,419628,229281,478301,353791.0
Site Reliability Engineer,Chennai,84371,79906,153293,116599.5
Software Engineer (Backend),Chennai,98840,71798,132937,102367.5
Cloud Engineer,Delhi,108933,64804,110905,87854.5
Embedded Systems Engineer,Noida,294916,189041,405048,297044.5
UI/UX Designer,Bangalore,128335,114767,261442,188104.5
Computer Vision Engineer,Pune,188210,101159,207119,154139.0
Senior Software Engineer,Kochi,212552,128945,224387,176666.0
Machine Learning Engineer,Delhi,244569,125575,269470,197522.5
Machine Learning Engineer,Delhi,245192,124516,268681,196598.5
AI Engineer,Hyderabad,254915,153028,313333,233180.5
Cloud Engineer,Chennai,129997,122409,209208,165808.5
Cybersecurity Analyst,Coimbatore,158300,121385,226786,174085.5
Technical Architect,Hyderabad,180665,96851,206801,151826.0
Cybersecurity Analyst,Hyderabad,255641,143814,286203,215008.5
Principal Engineer,Pune,211365,202099,395602,298850.5
Software Engineer,Bangalore,201966,147301,291401,219351.0
Full Stack Developer,Coimbatore,117753,79363,153496,116429.5
Software Engineer,Delhi,77931,76964,150942,113953.0
Technical Architect,Pune,245833,164791,345929,255360.0
Full Stack Developer,Bangalore,160490,88453,170035,129244.0
Machine Learning Engineer,Visakhapatnam,100875,66587,143961,105274.0
NLP Engineer,Indore,187867,111794,227621,169707.5
Computer Vision Engineer,Mumbai,177606,109269,228769,169019.0
Software Engineer (Backend),Goa,93998,75898,138201,107049.5
Software Engineer,Coimbatore,125804,76719,151181,113950.0
AI Engineer,Hyderabad,181140,82665,164292,123478.5
Senior Software Engineer,Pune,220080,162317,272560,217438.5
Machine Learning Engineer,Nagpur,268680,157583,315518,236550.5
Embedded Systems Engineer,Pune,179568,110075,242400,176237.5
Cybersecurity Analyst,Bangalore,157226,92483,176456,134469.5
AR/VR Engineer,Mumbai,359132,248206,478044,363125.0
Lead Data Scientist,Hyderabad,283540,175961,334095,255028.0
AI Engineer,Noida,259683,165179,338534,251856.5
Embedded Systems Engineer,Visakhapatnam,177376,110621,230506,170563.5
Machine Learning Engineer,Hyderabad,143221,136315,271871,204093.0
Machine Learning Engineer,Chennai,283719,200680,434911,317795.5
Mobile Developer,Pune,110668,101464,179167,140315.5
Full Stack Developer,Mumbai,245089,148901,278464,213682.5
Android Developer,Bangalore,183859,103834,193087,148460.5
Cloud Engineer,Indore,139488,86625,162178,124401.5
DevOps Engineer,Nagpur,79432,57528,110259,83893.5
DevOps Engineer,Hyderabad,136257,91517,171477,131497.0
DevOps Engineer,Mumbai,291297,215546,424376,319961.0
Database Administrator,Goa,56416,47401,89692,68546.5
Mobile Developer,Delhi,152332,92980,168956,130968.0
AR/VR Engineer,Hyderabad,130530,116282,233514,174898.0
Blockchain Developer,Visakhapatnam,161819,135924,246922,191423.0
Senior Software Engineer,Kochi,333719,231495,421171,326333.0
Embedded Systems Engineer,Bangalore,142593,80489,163620,122054.5
Principal Engineer,Pune,388694,247594,467973,357783.5
Lead Data Scientist,Delhi,423181,271826,501793,386809.5
Software Engineer,Delhi,116738,104980,209547,157263.5
Software Engineer (Frontend),Bangalore,246428,188255,329635,258945.0
QA Engineer,Pune,201859,114733,234599,174666.0
Cloud Engineer,Lucknow,87108,68599,132145,100372.0
UI/UX Designer,Mysore,126382,116719,258309,187514.0
Cloud Engineer,Hyderabad,164061,110265,207844,159054.5
Cybersecurity Analyst,Chennai,87181,60091,115596,87843.5
AI Engineer,Indore,241390,162598,339776,251187.0
Computer Vision Engineer,Pune,167385,150198,322810,236504.0
Full Stack Developer,Pune,215835,120841,239500,180170.5
Technical Writer,Mumbai,80111,55289,125568,90428.5
Software Engineer,Pune,167167,165130,313581,239355.5
Senior Software Engineer,Goa,281462,218892,368240,293566.0
Software Engineer (Backend),Pune,186321,115391,198510,156950.5
Game Developer,Pune,86533,60379,127487,93933.0
Computer Vision Engineer,Delhi,312647,204545,410275,307410.0
Full Stack Developer,Lucknow,154485,86026,164731,125378.5
AI Engineer,Pune,255869,158532,332305,245418.5
Cloud Engineer,Surat,171873,132698,241533,187115.5
Senior Software Engineer,Pune,243521,238645,427998,333321.5
Cloud Engineer,Mumbai,367940,227796,460020,343908.0
Software Engineer,Kochi,91376,67814,129649,98731.5
Mobile Developer,Mumbai,100265,88744,157826,123285.0
Software Engineer (Backend),Mumbai,140003,133210,227357,180283.5
Cloud Engineer,Bangalore,111291,102165,201868,152016.5
Data Scientist,Kolkata,154953,137725,292770,215247.5
Database Administrator,Bangalore,111366,97465,196763,147114.0
Android Developer,Gurgaon,97337,56838,104439,80638.5
Software Engineer,Delhi,192621,126532,241603,184067.5
Full Stack Developer,Chennai,164258,123990,234083,179036.5
Technical Writer,Bangalore,41926,40750,90541,65645.5
Cloud Engineer,Bangalore,164313,98233,183673,140953.0
AR/VR Engineer,Bangalore,198144,165121,342333,253727.0
AR/VR Engineer,Hyderabad,137934,81760,175977,128868.5
iOS Developer,Mumbai,215324,126838,226313,176575.5
Cloud Engineer,Bangalore,197956,127551,216938,172244.5
Information Security Engineer,Kochi,475103,251802,500984,376393.0
Full Stack Developer,Surat,93579,55875,109447,82661.0
Technical Writer,Chennai,111236,54598,121672,88135.0
Research Scientist,Gurgaon,197509,166662,336450,251556.0
Blockchain Developer,Chandigarh,199936,115468,242811,179139.5
Cybersecurity Analyst,Chennai,148140,109132,209874,159503.0
Software Engineer (Backend),Chennai,185489,156639,297332,226985.5
Cloud Engineer,Bangalore,115751,108978,194634,151806.0
Product Manager,Bhubaneswar,187772,176331,374246,275288.5
Robotics Engineer,Ahmedabad,228579,162788,341498,252143.0
DevOps Engineer,Kolkata,186200,97552,184182,140867.0
Data Scientist,Noida,80851,60265,124320,92292.5
Cybersecurity Analyst,Gurgaon,214827,126054,245774,185914.0
Full Stack Developer,Chennai,138628,112016,209066,160541.0
iOS Developer,Bhubaneswar,123886,97430,171178,134304.0
Mobile Developer,Bangalore,241953,185189,363434,274311.5
Game Developer,Chennai,210793,157276,326013,241644.5
Database Administrator,Kolkata,336979,147078,321325,234201.5
AI Engineer,Delhi,256381,152364,323617,237990.5
DevOps Engineer,Gurgaon,170632,124241,243279,183760.0
AI Engineer,Bangalore,253992,130049,283285,206667.0
Cloud Engineer,Ahmedabad,111014,79396,146017,112706.5
Software Engineer (Frontend),Bangalore,214389,131733,223081,177407.0
Full Stack Developer,Delhi,138960,83981,155067,119524.0
NLP Engineer,Chennai,246805,187241,336765,262003.0
Android Developer,Hyderabad,112479,64768,125479,95123.5
Software Engineer (Backend),Chennai,193095,144374,246471,195422.5
Data Scientist,Chennai,81208,60926,133645,97285.5
Cybersecurity Analyst,Delhi,113941,59802,126181,92991.5
Product Manager,Mumbai,105287,90922,204589,147755.5
Software Engineer (Frontend),Coimbatore,61912,54036,90117,72076.5
Site Reliability Engineer,Mumbai,101241,78720,173327,126023.5
DevOps Engineer,Delhi,103233,86928,155739,121333.5
AR/VR Engineer,Ahmedabad,179038,145785,291632,218708.5
Cloud Engineer,Chandigarh,126192,75978,131852,103915.0
Machine Learning Engineer,Delhi,262994,177484,371396,274440.0
Cloud Engineer,Chennai,139158,84859,152174,118516.5
Full Stack Developer,Pune,224511,132613,249762,191187.5
Data Scientist,Pune,189527,132891,280978,206934.5
iOS Developer,Hyderabad,211604,153250,303583,228416.5
Software Engineer,Chennai,70620,65293,129240,97266.5
Computer Vision Engineer,Hyderabad,238112,134040,259236,196638.0
Junior Developer,Mumbai,222246,126871,226568,176719.5
Database Administrator,Mumbai,206427,130988,269505,200246.5
DevOps Engineer,Bangalore,150755,97782,189287,143534.5
Mobile Developer,Delhi,171129,87797,176981,132389.0
Cybersecurity Analyst,Chandigarh,111787,64137,123228,93682.5
UI/UX Designer,Jaipur,132890,80752,185193,132972.5
Network Engineer,Delhi,162108,100650,211158,155904.0
Information Security Engineer,Indore,131992,80312,151974,116143.0
Full Stack Developer,Delhi,339851,288914,540104,414509.0
Software Engineer,Mumbai,232457,167977,319448,243712.5
NLP Engineer,Bangalore,357150,261807,489848,375827.5
AI Engineer,Delhi,258309,171601,347081,259341.0
System Administrator,Surat,253120,141979,300248,221113.5
Machine Learning Engineer,Mumbai,356352,216926,465220,341073.0
AI Engineer,Bangalore,171943,104991,221099,163045.0
Cloud Engineer,Bangalore,242262,196225,361982,279103.5
AI Engineer,Chennai,220204,110071,235685,172878.0
Data Scientist,Hyderabad,295476,157220,325073,241146.5
Cybersecurity Analyst,Delhi,160682,109106,232672,170889.0
Product Manager,Ahmedabad,109812,102820,233738,168279.0
Software Engineer (Frontend),Hyderabad,72864,62886,117352,90119.0
Data Scientist,Kochi,109611,55251,123017,89134.0
Software Engineer (Backend),Gurgaon,147915,87312,160152,123732.0
Software Engineer,Delhi,132330,128747,252024,190385.5
Software Engineer (Frontend),Chennai,110368,79702,135270,107486.0
Software Engineer (Backend),Chennai,198332,142240,251945,197092.5
Cloud Engineer,Jaipur,114555,91894,170978,131436.0
Cybersecurity Analyst,Ahmedabad,79544,55459,101290,78374.5
Software Engineer (Frontend),Hyderabad,241076,159595,269091,214343.0
AI Engineer,Kochi,100104,92445,206532,149488.5
Technical Writer,Pune,63127,52186,120427,86306.5
DevOps Engineer,Hyderabad,141342,106183,201207,153695.0
Full Stack Developer,Nagpur,125289,82310,145183,113746.5
Full Stack Developer,Mumbai,136089,104752,185580,145166.0
Machine Learning Engineer,Bhubaneswar,149854,74523,144135,109329.0
Software Engineer (Frontend),Mysore,90913,71243,136358,103800.5
Cloud Engineer,Goa,223373,131244,243065,187154.5
Product Manager,Lucknow,176449,126939,267423,197181.0
Cloud Engineer,Chennai,139360,82897,162460,122678.5
Software Engineer (Frontend),Bangalore,92807,72994,126962,99978.0
Full Stack Developer,Pune,147861,145554,257260,201407.0
Software Engineer (Frontend),Mumbai,151469,136553,240947,188750.0
Research Scientist,Ahmedabad,153350,142535,288005,215270.0
Full Stack Developer,Pune,147707,102219,200097,151158.0
Junior Developer,Mumbai,86052,75307,134543,104925.0
Principal Engineer,Trivandrum,396800,210882,412767,311824.5
Cybersecurity Analyst,Mysore,187829,100861,209326,155093.5
Data Scientist,Visakhapatnam,110090,82777,162132,122454.5
UI/UX Designer,Chennai,161706,101004,221169,161086.5
Software Engineer,Hyderabad,221171,134792,268573,201682.5
Full Stack Developer,Delhi,210051,111196,212829,162012.5
QA Engineer,Goa,131256,105355,225150,165252.5
QA Engineer,Bangalore,198179,129230,245125,187177.5
Software Engineer,Hyderabad,223110,121977,244448,183212.5
Site Reliability Engineer,Delhi,185071,142456,297928,220192.0
Software Engineer,Delhi,138770,97812,177419,137615.5
Cloud Engineer,Mumbai,181024,135026,246015,190520.5
Information Security Engineer,Chennai,138135,87822,168934,128378.0
Product Manager,Bangalore,639354,346280,754219,550249.5
Full Stack Developer,Delhi,123034,72858,145246,109052.0
Software Engineer,Delhi,183687,101937,206798,154367.5
Data Engineer,Pune,197667,144250,269231,206740.5
QA Engineer,Bangalore,200377,149081,295065,222073.0
Cloud Engineer,Kolkata,164693,102858,180633,141745.5
Data Scientist,Bangalore,151065,91569,184652,138110.5
Full Stack Developer,Chennai,310915,192186,367559,279872.5
Principal Engineer,Gurgaon,149660,145282,294893,220087.5
Full Stack Developer,Chennai,164917,128474,243698,186086.0
Full Stack Developer,Chandigarh,82090,61064,120043,90553.5
Data Scientist,Trivandrum,256977,143544,302138,222841.0
Database Administrator,Nagpur,65003,56907,118267,87587.0
Data Scientist,Pune,159709,116624,247535,182079.5
UI/UX Designer,Surat,78392,67815,137045,102430.0
Cloud Engineer,Noida,113679,63311,127789,95550.0
Junior Developer,Mysore,60971,45877,85900,65888.5
Data Scientist,Pune,214478,167440,375203,271321.5
Database Administrator,Delhi,126740,86072,175375,130723.5
Data Scientist,Hyderabad,339736,144134,313598,228866.0
Network Engineer,Mumbai,251022,149950,311234,230592.0
AI Engineer,Mumbai,332237,164833,337944,251388.5
Mobile Developer,Mumbai,103506,66592,121568,94080.0
Software Engineer,Jaipur,164974,90178,177726,133952.0
Cloud Engineer,Lucknow,276414,170191,332605,251398.0
Data Scientist,Mysore,251652,135771,280030,207900.5
Cloud Engineer,Bangalore,282120,154553,299929,227241.0
Senior Software Engineer,Lucknow,183512,104785,180501,142643.0
iOS Developer,Bangalore,185863,135012,251346,193179.0
Cybersecurity Analyst,Hyderabad,234551,128962,259909,194435.5
Cybersecurity Analyst,Lucknow,58704,50773,102644,76708.5
Android Developer,Coimbatore,77026,59426,121861,90643.5
NLP Engineer,Gurgaon,340376,273187,551140,412163.5
Technical Writer,Delhi,82527,74204,169516,121860.0
Computer Vision Engineer,Delhi,206459,116316,234312,175314.0
Software Engineer,Kolkata,238871,191919,348349,270134.0
NLP Engineer,Mumbai,203876,102313,193580,147946.5
Full Stack Developer,Goa,215312,171909,301987,236948.0
Data Scientist,Lucknow,89803,76434,157656,117045.0
Cloud Engineer,Bangalore,112723,110770,215769,163269.5
Full Stack Developer,Pune,139572,121847,231896,176871.5
AI Engineer,Kochi,220027,151445,308932,230188.5
Junior Developer,Mumbai,113044,73963,132878,103420.5
Machine Learning Engineer,Bangalore,156501,109393,235558,172475.5
DevOps Engineer,Hyderabad,101267,79086,158609,118847.5
Game Developer,Ahmedabad,87241,68046,142320,105183.0
QA Engineer,Hyderabad,125497,86278,181384,133831.0
System Administrator,Mumbai,276859,203957,407276,305616.5
Machine Learning Engineer,Chennai,96399,76399,166015,121207.0
Software Engineer (Frontend),Pune,129999,105491,202402,153946.5
Full Stack Developer,Delhi,95781,81930,156593,119261.5
Computer Vision Engineer,Delhi,294582,184676,346550,265613.0
AI Engineer,Jaipur,81572,68220,136431,102325.5
Cybersecurity Analyst,Delhi,77986,65769,128547,97158.0
Software Engineer (Frontend),Chennai,122743,97880,166413,132146.5
DevOps Engineer,Trivandrum,88966,74093,150439,112266.0
DevOps Engineer,Hyderabad,247791,173948,333509,253728.5
Software Engineer (Frontend),Mumbai,287411,180154,305158,242656.0
Database Administrator,Hyderabad,114739,90912,194424,142668.0
AI Engineer,Pune,212290,147910,304148,226029.0
DevOps Engineer,Chandigarh,68019,64015,115701,89858.0
Software Engineer (Frontend),Pune,157636,126166,219937,173051.5
Data Engineer,Pune,111380,105300,210015,157657.5
Data Scientist,Delhi,112554,58300,124675,91487.5
QA Engineer,Pune,214393,115146,219996,167571.0
Technical Writer,Hyderabad,177768,108802,252564,180683.0
AR/VR Engineer,Bangalore,583015,317365,669786,493575.5
Software Engineer (Frontend),Delhi,252414,186251,322253,254252.0
Network Engineer,Chennai,201044,170922,335242,253082.0
Cybersecurity Analyst,Kolkata,87820,67155,140860,104007.5
DevOps Engineer,Chennai,143388,129267,245186,187226.5
Software Engineer (Backend),Bangalore,164356,96615,181327,138971.0
Cybersecurity Analyst,Lucknow,297663,154149,301946,228047.5
Full Stack Developer,Chennai,132358,98040,179630,138835.0
Software Engineer (Frontend),Mysore,106168,78864,140806,109835.0
Data Scientist,Chennai,191803,141757,321603,231680.0
Cloud Engineer,Noida,116332,90786,176147,133466.5
DevOps Engineer,Chennai,204916,121333,235611,178472.0
Cybersecurity Analyst,Chennai,73994,48762,102648,75705.0
Software Engineer,Lucknow,121374,75606,138951,107278.5
Software Engineer (Backend),Pune,143984,117063,213135,165099.0
Data Scientist,Gurgaon,113346,58678,131077,94877.5
Computer Vision Engineer,Mumbai,291458,190760,375970,283365.0
Full Stack Developer,Chennai,67802,66825,122722,94773.5
Software Engineer (Backend),Trivandrum,181185,101008,192379,146693.5
Data Scientist,Mumbai,198046,101909,222273,162091.0
Software Engineer (Backend),Pune,212469,169490,298960,234225.0
Cloud Engineer,Delhi,174512,103486,186625,145055.5
Software Engineer (Backend),Delhi,268574,152009,281490,216749.5
Senior Software Engineer,Chennai,155334,100672,184305,142488.5
Information Security Engineer,Visakhapatnam,116460,77136,155156,116146.0
Product Manager,Pune,455348,206833,443236,325034.5
Software Engineer (Backend),Pune,137747,68480,125086,96783.0
Software Engineer,Pune,214331,143818,273648,208733.0
Information Security Engineer,Bangalore,340334,217471,435461,326466.0
Junior Developer,Noida,152867,117864,195517,156690.5
Computer Vision Engineer,Surat,261335,122658,246579,184618.5
Cybersecurity Analyst,Delhi,159138,90301,176949,133625.0
Cybersecurity Analyst,Pune,136107,104405,206607,155506.0
Full Stack Developer,Mumbai,343596,220011,385165,302588.0
Data Scientist,Gurgaon,308390,222629,468709,345669.0
Android Developer,Coimbatore,248401,149854,272237,211045.5
DevOps Engineer,Chennai,220325,155230,317598,236414.0
Principal Engineer,Mysore,437181,365891,746614,556252.5
Computer Vision Engineer,Bangalore,181686,87353,190650,139001.5
AI Engineer,Bangalore,221547,122834,235067,178950.5
Software Engineer (Backend),Bangalore,178880,110242,203452,156847.0
Software Engineer (Backend),Kolkata,140739,85678,144156,114917.0
AR/VR Engineer,Hyderabad,248028,229911,437165,333538.0
System Administrator,Mumbai,118866,72382,133512,102947.0
Software Engineer (Backend),Pune,167796,104855,191275,148065.0
Software Engineer,Delhi,188106,122212,247745,184978.5
DevOps Engineer,Trivandrum,307944,203745,386940,295342.5
Software Engineer (Backend),Lucknow,127727,85581,156561,121071.0
Software Engineer,Hyderabad,68434,65869,123034,94451.5
Lead Data Scientist,Delhi,203813,177754,340621,259187.5
Embedded Systems Engineer,Pune,99120,71336,146521,108928.5
Machine Learning Engineer,Chennai,334702,240033,512032,376032.5
Information Security Engineer,Kochi,209892,98187,202801,150494.0
Data Scientist,Hyderabad,205351,104588,216813,160700.5
DevOps Engineer,Kolkata,120071,75468,148419,111943.5
iOS Developer,Pune,116795,87269,151870,119569.5
Software Engineer,Hyderabad,423612,197604,390132,293868.0
DevOps Engineer,Chennai,84894,68957,131627,100292.0
Software Engineer,Chennai,155861,111557,221948,166752.5
Machine Learning Engineer,Hyderabad,210533,209732,413833,311782.5
Blockchain Developer,Bangalore,169834,155728,317746,236737.0
Lead Data Scientist,Delhi,206131,205112,395595,300353.5
Software Engineer (Backend),Bangalore,139080,85200,151292,118246.0
Database Administrator,Surat,125850,104790,202193,153491.5
Robotics Engineer,Hyderabad,250377,151159,304762,227960.5
Data Scientist,Bangalore,241396,204854,450928,327891.0
System Administrator,Coimbatore,106618,87353,185664,136508.5
Machine Learning Engineer,Pune,132178,99732,189254,144493.0
Data Scientist,Chennai,127059,118201,256822,187511.5
Embedded Systems Engineer,Mumbai,284810,215193,446158,330675.5
Software Engineer,Kolkata,128531,60867,116713,88790.0
Cloud Engineer,Chennai,217383,115852,234331,175091.5
Data Engineer,Pune,160690,122790,234129,178459.5
Information Security Engineer,Mumbai,207928,135606,259262,197434.0
Junior Developer,Pune,65317,41921,73616,57768.5
AI Engineer,Delhi,151521,133009,303350,218179.5
AI Engineer,Kochi,423811,236777,525025,380901.0
Software Engineer (Backend),Pune,314881,200290,343299,271794.5
Cybersecurity Analyst,Chennai,173608,115100,231425,173262.5
Cybersecurity Analyst,Mumbai,175860,92130,194226,143178.0
Software Engineer (Backend),Coimbatore,77758,59406,108962,84184.0
Product Manager,Delhi,494148,225928,487920,356924.0
Cloud Engineer,Pune,97551,64849,127491,96170.0
Full Stack Developer,Mumbai,294238,156375,287671,222023.0
Lead Data Scientist,Mumbai,357522,247205,463388,355296.5
Software Engineer (Backend),Bangalore,122370,76491,139680,108085.5
Robotics Engineer,Chennai,367130,214385,446685,330535.0
Software Engineer,Hyderabad,194330,163590,318640,241115.0
Cloud Engineer,Delhi,186655,164158,307010,235584.0
Data Engineer,Hyderabad,89706,64942,117026,90984.0
Software Engineer (Frontend),Visakhapatnam,130869,125079,212474,168776.5
Full Stack Developer,Coimbatore,152121,145244,285366,215305.0
QA Engineer,Bangalore,160657,86973,182404,134688.5
Data Scientist,Bangalore,156353,117564,243892,180728.0
Software Engineer (Backend),Bangalore,165855,114530,209002,161766.0
Cybersecurity Analyst,Bhubaneswar,110826,71705,128507,100106.0
Software Engineer (Backend),Mumbai,220676,203374,357796,280585.0
Blockchain Developer,Delhi,422676,212620,414543,313581.5
Data Scientist,Pune,226164,144250,299522,221886.0
QA Engineer,Hyderabad,216348,108712,229324,169018.0
Machine Learning Engineer,Delhi,160574,91402,179749,135575.5
Software Engineer (Frontend),Delhi,340547,220055,375895,297975.0
Blockchain Developer,Hyderabad,148738,124328,241055,182691.5
Blockchain Developer,Bangalore,164942,140417,275878,208147.5
AI Engineer,Pune,325991,174106,349108,261607.0
Cloud Engineer,Trivandrum,161468,105031,191306,148168.5
Game Developer,Pune,132838,66208,139540,102874.0
AI Engineer,Bangalore,119169,115641,253572,184606.5
Robotics Engineer,Mumbai,132656,76984,156366,116675.0
AI Engineer,Hyderabad,138237,89956,196509,143232.5
Machine Learning Engineer,Pune,255355,132796,268897,200846.5
System Administrator,Surat,63569,45227,90173,67700.0
Software Engineer (Frontend),Chennai,136301,115575,190651,153113.0
Robotics Engineer,Hyderabad,275545,145500,290775,218137.5
UI/UX Designer,Hyderabad,167282,104877,235097,169987.0
Cybersecurity Analyst,Coimbatore,205855,128039,271060,199549.5
Senior Software Engineer,Mumbai,387676,241482,434044,337763.0
Blockchain Developer,Pune,194490,154355,285657,220006.0
Mobile Developer,Delhi,155561,112848,206837,159842.5
Network Engineer,Delhi,133281,116884,238248,177566.0
Software Engineer (Backend),Mumbai,289351,188351,371172,279761.5
iOS Developer,Hyderabad,158467,80848,150664,115756.0
Product Manager,Mumbai,254340,151403,313456,232429.5
AI Engineer,Kolkata,269861,145918,285663,215790.5
Machine Learning Engineer,Hyderabad,134047,107951,241366,174658.5
Machine Learning Engineer,Delhi,114014,70287,144880,107583.5
Senior Software Engineer,Lucknow,114457,72402,131228,101815.0
DevOps Engineer,Trivandrum,75377,63437,125484,94460.5
DevOps Engineer,Mumbai,97424,79263,149548,114405.5
Cloud Engineer,Hyderabad,240364,183571,348091,265831.0
Mobile Developer,Hyderabad,81602,62308,116225,89266.5
Information Security Engineer,Mysore,247560,143026,286568,214797.0
Data Engineer,Chennai,66617,57652,105253,81452.5
Data Scientist,Chennai,131932,71270,157188,114229.0
Data Scientist,Chennai,210957,110141,237793,173967.0
Data Scientist,Nagpur,153066,98406,214383,156394.5
DevOps Engineer,Delhi,83547,60005,111884,85944.5
Software Engineer,Trivandrum,136457,119868,227914,173891.0
Technical Writer,Mumbai,91164,84930,191991,138460.5
Research Scientist,Pune,348017,260183,500295,380239.0
DevOps Engineer,Pune,160498,135019,264059,199539.0
Full Stack Developer,Pune,61008,58883,111130,85006.5
Data Scientist,Mumbai,126699,100367,195961,148164.0
System Administrator,Ahmedabad,155542,116071,217917,166994.0
Software Engineer (Backend),Chennai,116215,100087,194775,147431.0
Robotics Engineer,Kochi,234737,169394,340167,254780.5
Software Engineer (Frontend),Delhi,148482,137939,249633,193786.0
Full Stack Developer,Bangalore,237465,184698,341343,263020.5
Data Scientist,Hyderabad,154507,93691,196448,145069.5
Software Engineer (Frontend),Trivandrum,123198,87081,150901,118991.0
Data Scientist,Chennai,141813,66842,151519,109180.5
Principal Engineer,Chennai,323841,186116,362769,274442.5
Software Engineer (Backend),Mumbai,137493,133395,241030,187212.5
Product Manager,Ahmedabad,319309,157567,339164,248365.5
Software Engineer,Chennai,246193,130711,266688,198699.5
Cybersecurity Analyst,Chennai,200296,105387,207138,156262.5
Cybersecurity Analyst,Chennai,97837,58708,108447,83577.5
Cybersecurity Analyst,Pune,201023,137230,256785,197007.5
Network Engineer,Hyderabad,106423,87992,171834,129913.0
AI Engineer,Bangalore,340569,184389,383573,283981.0
Cloud Engineer,Bangalore,163806,127138,222106,174622.0
QA Engineer,Coimbatore,201413,122620,242457,182538.5
NLP Engineer,Chennai,211601,115008,226464,170736.0
Data Scientist,Delhi,268519,136938,289901,213419.5
Machine Learning Engineer,Hyderabad,264506,142314,309503,225908.5
Cybersecurity Analyst,Pune,197851,126069,253301,189685.0
Technical Writer,Chennai,145303,75956,148533,112244.5
Machine Learning Engineer,Delhi,106596,86045,181585,133815.0
Information Security Engineer,Coimbatore,282798,194089,401540,297814.5
Cybersecurity Analyst,Indore,220382,152124,299583,225853.5
Cybersecurity Analyst,Mumbai,134706,80967,154767,117867.0
Cloud Engineer,Bangalore,233269,127551,232905,180228.0
Senior Software Engineer,Bhubaneswar,75695,70523,125244,97883.5
Information Security Engineer,Bangalore,212746,116150,226743,171446.5
Full Stack Developer,Chennai,92591,75393,139334,107363.5
AR/VR Engineer,Delhi,253926,147547,320516,234031.5
Game Developer,Pune,137685,104974,216923,160948.5
QA Engineer,Mumbai,188823,144134,290160,217147.0
Machine Learning Engineer,Delhi,143071,127770,251475,189622.5
Cybersecurity Analyst,Mumbai,92400,82412,147913,115162.5
Software Engineer (Backend),Mumbai,248823,159534,275324,217429.0
Data Engineer,Hyderabad,108163,67137,129908,98522.5
Game Developer,Mumbai,199587,96071,203976,150023.5
Software Engineer,Pune,103655,80059,148809,114434.0
System Administrator,Gurgaon,157526,114997,236139,175568.0
Full Stack Developer,Mumbai,179748,103536,194507,149021.5
Embedded Systems Engineer,Delhi,324627,166847,347007,256927.0
AI Engineer,Mumbai,259826,159258,315572,237415.0
AI Engineer,Bangalore,98433,73526,159385,116455.5
iOS Developer,Mumbai,149042,118792,219377,169084.5
NLP Engineer,Chennai,438829,259936,498956,379446.0
Cybersecurity Analyst,Kochi,106310,72060,142915,107487.5
AI Engineer,Chennai,214572,110850,239418,175134.0
AI Engineer,Mysore,184878,114158,240372,177265.0
QA Engineer,Kolkata,128325,125266,249490,187378.0
Research Scientist,Trivandrum,304019,161971,329760,245865.5
Machine Learning Engineer,Chandigarh,111975,49967,103148,76557.5
Software Engineer (Backend),Mumbai,249536,163979,301359,232669.0
NLP Engineer,Pune,106920,90876,178610,134743.0
Principal Engineer,Mumbai,558150,378279,773583,575931.0
Software Engineer,Hyderabad,96614,73691,137426,105558.5
Software Engineer,Chennai,136193,90881,183018,136949.5
Full Stack Developer,Bangalore,213955,129558,237849,183703.5
Senior Software Engineer,Hyderabad,202367,162866,280725,221795.5
Full Stack Developer,Mumbai,295758,195337,367717,281527.0
iOS Developer,Pune,251554,166835,325197,246016.0
Robotics Engineer,Pune,167005,135407,309273,222340.0
Robotics Engineer,Goa,88303,72793,157582,115187.5
Research Scientist,Lucknow,147190,129812,259177,194494.5
Software Engineer (Frontend),Chandigarh,97441,66666,122856,94761.0
Software Engineer (Backend),Pune,211752,139401,246893,193147.0
DevOps Engineer,Trivandrum,195310,108354,214528,161441.0
Blockchain Developer,Chennai,223899,161574,308876,235225.0
Cloud Engineer,Delhi,176379,157827,293574,225700.5
Cybersecurity Analyst,Hyderabad,216300,130908,244182,187545.0
Full Stack Developer,Pune,215032,158680,276762,217721.0
Data Scientist,Pune,254511,213321,450148,331734.5
Full Stack Developer,Delhi,177395,106052,204505,155278.5
Software Engineer (Frontend),Kochi,129768,81703,151930,116816.5
Data Scientist,Pune,177697,144178,287666,215922.0
Technical Architect,Goa,222368,145464,298589,222026.5
Information Security Engineer,Chandigarh,105306,58842,121815,90328.5
AR/VR Engineer,Goa,117870,62717,124388,93552.5
Machine Learning Engineer,Delhi,317399,182513,357562,270037.5
Cloud Engineer,Mumbai,85455,62451,115783,89117.0
Cloud Engineer,Chennai,243737,156361,290727,223544.0
Data Engineer,Chennai,148595,99976,190799,145387.5
Technical Writer,Chennai,113371,99267,192960,146113.5
Technical Writer,Noida,235255,161534,347866,254700.0
Lead Data Scientist,Mumbai,599909,440697,875808,658252.5
Software Engineer (Backend),Mysore,241162,154062,276185,215123.5
Principal Engineer,Chennai,531290,419822,814543,617182.5
Cloud Engineer,Nagpur,96599,76512,144535,110523.5
DevOps Engineer,Ahmedabad,130023,88151,176220,132185.5
Software Engineer (Frontend),Indore,198185,144854,262956,203905.0
Lead Data Scientist,Gurgaon,380318,310883,588810,449846.5
Database Administrator,Trivandrum,81192,53389,108970,81179.5
Product Manager,Pune,195006,111368,217676,164522.0
Network Engineer,Delhi,224919,105969,207499,156734.0
Software Engineer (Frontend),Ahmedabad,56846,52006,86361,69183.5
Machine Learning Engineer,Hyderabad,230530,145945,310949,228447.0
Mobile Developer,Kolkata,165262,156344,294926,225635.0
DevOps Engineer,Delhi,157196,132459,251341,191900.0
Machine Learning Engineer,Goa,137425,77650,161002,119326.0
Full Stack Developer,Hyderabad,95731,91630,163885,127757.5
Software Engineer (Backend),Bangalore,96661,88804,168157,128480.5
Computer Vision Engineer,Mumbai,105224,98848,199131,148989.5
Network Engineer,Mumbai,69703,49863,94712,72287.5
Blockchain Developer,Jaipur,144365,93918,194131,144024.5
AI Engineer,Chennai,139558,102074,202123,152098.5
Cybersecurity Analyst,Mumbai,259538,195871,378723,287297.0
Software Engineer,Pune,94624,76670,140333,108501.5
Android Developer,Hyderabad,103753,74411,143402,108906.5
Cybersecurity Analyst,Chandigarh,104169,100273,187987,144130.0
Data Scientist,Hyderabad,147435,110139,236800,173469.5
Junior Developer,Trivandrum,68359,44419,76198,60308.5
Mobile Developer,Kolkata,109245,63460,122546,93003.0
Full Stack Developer,Lucknow,127035,127021,223186,175103.5
Software Engineer (Backend),Pune,64569,54922,98602,76762.0
Data Engineer,Hyderabad,145302,142845,266820,204832.5
Technical Writer,Nagpur,112126,73540,149373,111456.5
Software Engineer,Hyderabad,191799,152639,291702,222170.5
Cybersecurity Analyst,Visakhapatnam,49126,48440,92550,70495.0
Software Engineer (Frontend),Bangalore,165400,147743,288515,218129.0
Cloud Engineer,Delhi,54087,53080,103017,78048.5
System Administrator,Hyderabad,139042,70130,142045,106087.5
Full Stack Developer,Kolkata,211222,107991,212979,160485.0
Software Engineer (Frontend),Ahmedabad,117105,82335,150013,116174.0
Game Developer,Chennai,94656,56999,109833,83416.0
Software Engineer (Backend),Visakhapatnam,231223,160085,286810,223447.5
Cybersecurity Analyst,Bangalore,144226,81330,159773,120551.5
Full Stack Developer,Bangalore,85520,61902,113913,87907.5
Cybersecurity Analyst,Hyderabad,78408,61993,123909,92951.0
Software Engineer (Frontend),Chandigarh,88979,75695,137571,106633.0
iOS Developer,Goa,177466,139358,260130,199744.0
Cloud Engineer,Gurgaon,118568,86440,166056,126248.0
Software Engineer,Bangalore,265840,157012,321505,239258.5
Cybersecurity Analyst,Noida,78654,59471,118405,88938.0
Junior Developer,Delhi,61070,51049,89733,70391.0
AR/VR Engineer,Chennai,182040,152252,304756,228504.0
Machine Learning Engineer,Mumbai,209191,188530,411265,299897.5
Machine Learning Engineer,Mysore,200370,141053,295815,218434.0
Cybersecurity Analyst,Chennai,156256,120819,221874,171346.5
Full Stack Developer,Pune,97997,64594,122833,93713.5
Blockchain Developer,Bangalore,262060,232330,422514,327422.0
Full Stack Developer,Delhi,304054,198586,375781,287183.5
Cybersecurity Analyst,Pune,100433,71375,141280,106327.5
UI/UX Designer,Nagpur,141878,85144,190732,137938.0
Technical Writer,Mumbai,101231,83556,185618,134587.0
Data Scientist,Bangalore,272279,168951,347468,258209.5
DevOps Engineer,Surat,83657,52686,101828,77257.0
AI Engineer,Gurgaon,277189,224918,477996,351457.0
Software Engineer (Backend),Hyderabad,183005,103776,175111,139443.5
Software Engineer (Frontend),Bangalore,220395,175005,306197,240601.0
Cloud Engineer,Mumbai,176476,113741,216246,164993.5
Research Scientist,Delhi,136764,77052,144819,110935.5
Software Engineer (Frontend),Chennai,169220,99426,178419,138922.5
Software Engineer (Frontend),Mumbai,183013,177363,323437,250400.0
DevOps Engineer,Delhi,106833,91003,172088,131545.5
Machine Learning Engineer,Chennai,247961,146840,305635,226237.5
DevOps Engineer,Delhi,88809,82601,160401,121501.0
Computer Vision Engineer,Mumbai,142568,89349,170511,129930.0
Data Scientist,Hyderabad,146912,93815,209034,151424.5
Full Stack Developer,Hyderabad,158051,87496,160354,123925.0
Site Reliability Engineer,Mumbai,81533,72033,136845,104439.0
Software Engineer (Frontend),Pune,246252,162490,278024,220257.0
NLP Engineer,Mumbai,88248,78486,155679,117082.5
DevOps Engineer,Pune,86705,56309,109252,82780.5
Cloud Engineer,Pune,73696,50863,94059,72461.0
Cloud Engineer,Pune,128570,106225,190427,148326.0
Full Stack Developer,Mumbai,330134,185186,347052,266119.0
Software Engineer,Delhi,191509,134436,261448,197942.0
Full Stack Developer,Chennai,113973,75582,147280,111431.0
Cloud Engineer,Chennai,333070,238415,448540,343477.5
iOS Developer,Mumbai,137167,90075,161696,125885.5
Cybersecurity Analyst,Kochi,132273,77800,155616,116708.0
Information Security Engineer,Mumbai,192557,138077,278855,208466.0
Machine Learning Engineer,Pune,117809,86677,189455,138066.0
iOS Developer,Chennai,223355,121321,231089,176205.0
Network Engineer,Mysore,115500,86684,171327,129005.5
iOS Developer,Chennai,130157,79105,154153,116629.0
Cybersecurity Analyst,Pune,180043,143733,273068,208400.5
Software Engineer (Backend),Gurgaon,332915,214050,396469,305259.5
Software Engineer (Backend),Kochi,130460,127243,213005,170124.0
Data Scientist,Pune,220124,95514,201789,148651.5
Software Engineer (Frontend),Delhi,114056,85927,153511,119719.0
Data Scientist,Chennai,109551,64140,141562,102851.0
Product Manager,Kolkata,283160,165405,337025,251215.0
Principal Engineer,Delhi,460918,287148,529134,408141.0
Technical Architect,Pune,314471,172330,355765,264047.5
DevOps Engineer,Pune,168457,94599,178405,136502.0
Data Scientist,Mumbai,281388,149636,310492,230064.0
Cybersecurity Analyst,Hyderabad,169985,137549,272467,205008.0
AI Engineer,Goa,137762,69280,151411,110345.5
Software Engineer (Backend),Chennai,168792,115391,215519,165455.0
AR/VR Engineer,Indore,175602,98610,191345,144977.5
DevOps Engineer,Mumbai,307311,188399,344696,266547.5
Data Scientist,Coimbatore,87145,64659,140103,102381.0
Software Engineer (Frontend),Mumbai,145878,108784,182921,145852.5
Technical Writer,Nagpur,48135,32728,68660,50694.0
NLP Engineer,Delhi,135007,79865,151567,115716.0
Software Engineer (Frontend),Indore,80558,63869,114095,88982.0
Cybersecurity Analyst,Chennai,242962,111058,221531,166294.5
Cloud Engineer,Chennai,127415,74224,142681,108452.5
Cloud Engineer,Chennai,67436,50439,92560,71499.5
Senior Software Engineer,Hyderabad,327134,212192,371331,291761.5
NLP Engineer,Ahmedabad,153849,73881,158316,116098.5
Principal Engineer,Delhi,656578,453896,822182,638039.0
Cloud Engineer,Kolkata,133397,79214,156722,117968.0
Cybersecurity Analyst,Hyderabad,144836,89940,180245,135092.5
Full Stack Developer,Mumbai,133030,78083,151056,114569.5
Cloud Engineer,Mumbai,73624,64053,118448,91250.5
Software Engineer (Backend),Ahmedabad,133703,125012,229987,177499.5
Data Scientist,Mumbai,220701,170741,356183,263462.0
Data Scientist,Chennai,98074,53998,119602,86800.0
Machine Learning Engineer,Bangalore,499689,298171,604258,451214.5
Data Scientist,Lucknow,180191,116404,248157,182280.5
Cybersecurity Analyst,Gurgaon,121488,77795,161487,119641.0
Machine Learning Engineer,Lucknow,117049,98476,195731,147103.5
AI Engineer,Bangalore,427373,249804,475682,362743.0
Machine Learning Engineer,Mumbai,340869,192372,377032,284702.0
AR/VR Engineer,Chennai,117670,81021,170916,125968.5
Cybersecurity Analyst,Pune,70731,69696,127189,98442.5
Software Engineer,Bangalore,193636,119733,225473,172603.0
Software Engineer (Frontend),Hyderabad,107064,97597,180310,138953.5
Software Engineer (Backend),Visakhapatnam,114090,71517,135900,103708.5
Data Engineer,Pune,154678,103158,211533,157345.5
Full Stack Developer,Kochi,87740,85691,169088,127389.5
Senior Software Engineer,Mumbai,362885,254803,461095,357949.0
DevOps Engineer,Coimbatore,139761,81493,163547,122520.0
Site Reliability Engineer,Pune,265395,174432,335208,254820.0
AI Engineer,Chennai,271034,175890,362084,268987.0
Cloud Engineer,Mumbai,163217,118179,226992,172585.5
Blockchain Developer,Mumbai,265252,192998,359673,276335.5
Cybersecurity Analyst,Pune,102261,72296,138091,105193.5
Cloud Engineer,Bangalore,112905,78791,144792,111791.5
Software Engineer,Bangalore,284935,170280,314429,242354.5
Cybersecurity Analyst,Noida,153949,89199,171336,130267.5
DevOps Engineer,Hyderabad,109294,106612,210528,158570.0
Cloud Engineer,Mumbai,181159,107365,196201,151783.0
Full Stack Developer,Jaipur,118631,83499,156967,120233.0
Machine Learning Engineer,Hyderabad,107522,78707,160619,119663.0
Lead Data Scientist,Trivandrum,130648,108644,196425,152534.5
AI Engineer,Mumbai,114307,66900,137210,102055.0
Machine Learning Engineer,Delhi,143596,102812,212871,157841.5
Machine Learning Engineer,Indore,163727,92938,206595,149766.5
Embedded Systems Engineer,Hyderabad,325646,193380,424800,309090.0
AI Engineer,Chennai,184627,117939,237412,177675.5
Senior Software Engineer,Delhi,131777,110186,189802,149994.0
Cloud Engineer,Mumbai,293088,167566,318259,242912.5
Cybersecurity Analyst,Chennai,202021,100486,214368,157427.0
Full Stack Developer,Delhi,88604,61462,110519,85990.5
QA Engineer,Kolkata,73681,70334,139197,104765.5
Product Manager,Bhubaneswar,142728,81941,166172,124056.5
Full Stack Developer,Trivandrum,382173,247817,438835,343326.0
Robotics Engineer,Coimbatore,88588,80727,174296,127511.5
UI/UX Designer,Noida,102384,73230,155724,114477.0
Robotics Engineer,Chandigarh,143550,131047,255114,193080.5
Machine Learning Engineer,Pune,374069,200192,419294,309743.0
Data Engineer,Chennai,161358,155638,299737,227687.5
AI Engineer,Mumbai,319765,189860,407387,298623.5
Cloud Engineer,Delhi,153943,90184,165199,127691.5
Cybersecurity Analyst,Mumbai,244153,144952,286507,215729.5
Machine Learning Engineer,Bangalore,262498,144300,281967,213133.5
Software Engineer (Frontend),Chennai,230461,178907,339457,259182.0
Technical Architect,Visakhapatnam,237362,134952,267184,201068.0
Machine Learning Engineer,Bhubaneswar,217268,150438,293274,221856.0
NLP Engineer,Chennai,186439,114546,227790,171168.0
Cybersecurity Analyst,Delhi,177088,144275,286218,215246.5
Android Developer,Delhi,208510,111113,217442,164277.5
Full Stack Developer,Chennai,129986,76686,145125,110905.5
Software Engineer,Chennai,329285,195322,368690,282006.0
DevOps Engineer,Pune,246235,137987,265303,201645.0
Database Administrator,Chennai,182108,110186,218653,164419.5
Senior Software Engineer,Delhi,204632,167325,318404,242864.5
Software Engineer,Jaipur,214136,140451,277576,209013.5
Research Scientist,Chennai,182121,181024,359695,270359.5
Software Engineer (Frontend),Kolkata,169571,125823,217762,171792.5
Cybersecurity Analyst,Delhi,73541,51399,103668,77533.5
Computer Vision Engineer,Bangalore,389374,228246,449066,338656.0
Mobile Developer,Hyderabad,283083,155215,305723,230469.0
AI Engineer,Mumbai,493858,247147,509914,378530.5
Machine Learning Engineer,Delhi,160557,142252,315632,228942.0
Cloud Engineer,Delhi,109952,92096,180737,136416.5
Full Stack Developer,Bangalore,230570,227450,402393,314921.5
Cybersecurity Analyst,Ahmedabad,68095,58672,107264,82968.0
Data Scientist,Pune,179581,174829,377679,276254.0
Software Engineer (Backend),Hyderabad,342346,296823,515101,405962.0
Computer Vision Engineer,Mumbai,286106,190685,387182,288933.5
Full Stack Developer,Mumbai,306753,167615,324035,245825.0
Software Engineer (Backend),Lucknow,179371,105289,188794,147041.5
AR/VR Engineer,Bangalore,209817,178111,335905,257008.0
Software Engineer (Backend),Bangalore,357540,241014,417697,329355.5
Blockchain Developer,Delhi,387214,230443,455463,342953.0
System Administrator,Noida,130948,72572,138022,105297.0
Software Engineer (Backend),Chennai,134078,106052,205880,155966.0
Machine Learning Engineer,Pune,116583,76498,156993,116745.5
Software Engineer (Backend),Mumbai,331511,194148,356355,275251.5
AI Engineer,Chennai,277171,210098,407248,308673.0
Data Scientist,Delhi,211246,123719,258922,191320.5
AR/VR Engineer,Bangalore,383990,215124,420674,317899.0
Database Administrator,Bangalore,367525,181435,359631,270533.0
Network Engineer,Chennai,130738,69647,146673,108160.0
Android Developer,Hyderabad,269620,172043,308364,240203.5
Software Engineer (Backend),Mumbai,152741,90234,155067,122650.5
AI Engineer,Pune,119516,85552,180605,133078.5
Database Administrator,Trivandrum,169626,102539,198180,150359.5
iOS Developer,Delhi,223885,170661,304027,237344.0
Data Engineer,Delhi,326377,210509,406485,308497.0
Data Scientist,Chennai,181272,105173,229565,167369.0
Technical Writer,Delhi,219728,131923,271795,201859.0
Software Engineer,Pune,213882,166554,310446,238500.0
Database Administrator,Kolkata,136539,101187,212408,156797.5
DevOps Engineer,Chennai,232450,137522,266713,202117.5
Cybersecurity Analyst,Mumbai,157624,155263,316976,236119.5
Software Engineer (Backend),Bangalore,179890,131446,236951,184198.5
Software Engineer (Backend),Mumbai,191391,109636,200344,154990.0
Cloud Engineer,Mumbai,276847,198977,362667,280822.0
Data Scientist,Chennai,175894,99650,195677,147663.5
AI Engineer,Pune,148539,89994,182072,136033.0
NLP Engineer,Chennai,306865,181525,359943,270734.0
DevOps Engineer,Chennai,126965,114885,209861,162373.0
AI Engineer,Chennai,126139,98374,203374,150874.0
Technical Architect,Ahmedabad,214608,141027,274641,207834.0
Cloud Engineer,Mumbai,230773,155083,284558,219820.5
Cybersecurity Analyst,Chennai,195627,155959,315426,235692.5
AR/VR Engineer,Delhi,137066,83202,157133,120167.5
Cloud Engineer,Kolkata,163054,136784,248252,192518.0
DevOps Engineer,Bangalore,127589,91379,176302,133840.5
Software Engineer (Frontend),Surat,279539,168307,309577,238942.0
Software Engineer,Pune,80350,64295,127000,95647.5
iOS Developer,Hyderabad,197487,183871,345092,264481.5
Information Security Engineer,Surat,121283,98254,183269,140761.5
Blockchain Developer,Indore,492044,283110,502585,392847.5
Technical Writer,Mysore,135798,126332,278286,202309.0
NLP Engineer,Chennai,122032,82006,159947,120976.5
NLP Engineer,Pune,410406,259329,498240,378784.5
Research Scientist,Kochi,223372,147846,289618,218732.0
Data Engineer,Pune,128796,90646,168296,129471.0
QA Engineer,Bangalore,87784,54214,102608,78411.0
Junior Developer,Hyderabad,104927,63217,107001,85109.0
Software Engineer,Kochi,125534,67817,124549,96183.0
Full Stack Developer,Delhi,340103,187809,376593,282201.0
Product Manager,Chennai,211080,117165,244104,180634.5
AI Engineer,Jaipur,308430,165723,340960,253341.5
Full Stack Developer,Pune,246099,155511,280678,218094.5
Full Stack Developer,Kolkata,203224,139055,278380,208717.5
DevOps Engineer,Chennai,113099,62193,126951,94572.0
Full Stack Developer,Delhi,87326,70148,129588,99868.0
Software Engineer (Backend),Chennai,150679,113945,200753,157349.0
Software Engineer,Delhi,133552,124427,219868,172147.5
Software Engineer (Frontend),Kolkata,110367,82021,144722,113371.5
AI Engineer,Goa,206673,103994,208757,156375.5
Senior Software Engineer,Delhi,105918,84890,157688,121289.0
Computer Vision Engineer,Chennai,136620,95160,190066,142613.0
Lead Data Scientist,Surat,282007,177285,351140,264212.5
UI/UX Designer,Nagpur,76479,67876,138191,103033.5
Data Scientist,Indore,71050,42726,83279,63002.5
Software Engineer (Backend),Gurgaon,327115,198054,383916,290985.0
Cybersecurity Analyst,Mumbai,152531,114232,208230,161231.0
Technical Architect,Kochi,516313,309288,634851,472069.5
Computer Vision Engineer,Pune,212602,169704,332248,250976.0
Computer Vision Engineer,Mumbai,315406,293367,552042,422704.5
NLP Engineer,Chennai,414333,193546,382888,288217.0
Database Administrator,Hyderabad,99964,61718,134438,98078.0
iOS Developer,Bangalore,224789,168749,325933,247341.0
Cloud Engineer,Hyderabad,95943,69780,134094,101937.0
Data Engineer,Delhi,221046,174458,339253,256855.5
Data Engineer,Hyderabad,147321,112895,213206,163050.5
DevOps Engineer,Mumbai,176094,126037,220828,173432.5
Lead Data Scientist,Pune,227431,145900,270357,208128.5
Mobile Developer,Mumbai,235975,153344,308710,231027.0
QA Engineer,Delhi,224629,171592,340551,256071.5
DevOps Engineer,Delhi,177154,100522,202208,151365.0
Technical Writer,Mysore,132098,106327,214011,160169.0
Junior Developer,Delhi,122211,108097,204357,156227.0
Machine Learning Engineer,Lucknow,127662,73943,150247,112095.0
Junior Developer,Hyderabad,43378,36131,60282,48206.5
Data Engineer,Mumbai,199303,164236,320433,242334.5
Software Engineer (Backend),Hyderabad,292698,156749,275041,215895.0
Cloud Engineer,Mumbai,129713,72268,141814,107041.0
QA Engineer,Pune,172243,85304,171539,128421.5
NLP Engineer,Hyderabad,256279,186266,367842,277054.0
Software Engineer (Backend),Chennai,175778,141862,268034,204948.0
Software Engineer (Frontend),Bangalore,283592,179229,334234,256731.5
Full Stack Developer,Goa,121033,89384,161686,125535.0
Cybersecurity Analyst,Trivandrum,251806,174534,322599,248566.5
Software Engineer (Backend),Pune,346451,206011,373228,289619.5
Game Developer,Chandigarh,61657,53772,106378,80075.0
AI Engineer,Mumbai,153844,93464,189886,141675.0
Mobile Developer,Chennai,219031,160418,311980,236199.0
Cloud Engineer,Hyderabad,71592,65207,128502,96854.5
DevOps Engineer,Mumbai,174968,121183,238290,179736.5
Full Stack Developer,Goa,109455,79646,149163,114404.5
Software Engineer (Frontend),Pune,99753,78106,130042,104074.0
NLP Engineer,Mysore,211354,125739,248648,187193.5
Cloud Engineer,Mumbai,153869,97394,181437,139415.5
Data Scientist,Chennai,124106,100870,202279,151574.5
Software Engineer,Chandigarh,134951,83983,169027,126505.0
Cybersecurity Analyst,Visakhapatnam,140859,81350,162727,122038.5
Software Engineer (Frontend),Hyderabad,69285,60320,108377,84348.5
Full Stack Developer,Bangalore,142386,87104,156195,121649.5
Machine Learning Engineer,Chandigarh,186679,96077,199319,147698.0
Machine Learning Engineer,Mumbai,214968,183749,377820,280784.5
Software Engineer,Chennai,341951,204727,382737,293732.0
Software Engineer (Frontend),Mumbai,148302,132248,240357,186302.5
Product Manager,Indore,354629,199913,405811,302862.0
Software Engineer,Mumbai,119611,67300,139168,103234.0
AI Engineer,Bangalore,292682,156567,318609,237588.0
Information Security Engineer,Delhi,335556,195711,398073,296892.0
Software Engineer (Backend),Mumbai,143229,107582,198935,153258.5
Software Engineer,Chennai,92862,73735,155071,114403.0
Computer Vision Engineer,Mysore,118983,88939,171647,130293.0
AI Engineer,Noida,546884,277424,572782,425103.0
Cybersecurity Analyst,Delhi,73832,50272,93981,72126.5
Machine Learning Engineer,Bangalore,309110,196703,394810,295756.5
Cybersecurity Analyst,Bhubaneswar,229965,137108,254013,195560.5
Machine Learning Engineer,Mumbai,255071,139902,276920,208411.0
DevOps Engineer,Delhi,293988,154738,305845,230291.5
Senior Software Engineer,Mumbai,189654,152933,268227,210580.0
Software Engineer (Backend),Bangalore,154781,112389,199112,155750.5
AI Engineer,Pune,365548,184995,384765,284880.0
AI Engineer,Chennai,79821,66049,136773,101411.0
Robotics Engineer,Mumbai,221846,110749,225542,168145.5
AI Engineer,Ahmedabad,235726,148228,287861,218044.5
Software Engineer,Nagpur,392645,219179,416590,317884.5
Product Manager,Bangalore,479508,279604,629324,454464.0
QA Engineer,Chennai,142309,94107,197242,145674.5
Software Engineer,Bangalore,411059,235414,448391,341902.5
Technical Architect,Pune,196053,128023,260749,194386.0
AR/VR Engineer,Chennai,262689,119517,243132,181324.5
AI Engineer,Delhi,259373,164428,352374,258401.0
Software Engineer (Frontend),Hyderabad,116710,84898,153945,119421.5
Software Engineer (Backend),Nagpur,69457,54536,99501,77018.5
Cybersecurity Analyst,Delhi,152217,96206,192789,144497.5
Technical Architect,Mumbai,500440,273844,526668,400256.0
iOS Developer,Mumbai,144032,84818,157157,120987.5
Machine Learning Engineer,Bangalore,138500,133665,267041,200353.0
Computer Vision Engineer,Bangalore,231225,190952,377293,284122.5
Technical Architect,Goa,260281,176386,338920,257653.0
Cloud Engineer,Visakhapatnam,238135,112057,215415,163736.0
Machine Learning Engineer,Hyderabad,210508,125942,261875,193908.5
Cloud Engineer,Chennai,247816,150272,263923,207097.5
Game Developer,Chennai,93775,67740,138739,103239.5
Lead Data Scientist,Pune,262330,177666,353009,265337.5
Blockchain Developer,Kochi,445262,270628,542113,406370.5
Robotics Engineer,Hyderabad,186253,100118,203512,151815.0
Data Scientist,Visakhapatnam,150346,102394,208978,155686.0
Game Developer,Pune,160151,91762,187871,139816.5
Machine Learning Engineer,Mumbai,201457,173192,372528,272860.0
DevOps Engineer,Delhi,74755,67173,130815,98994.0
Software Engineer (Backend),Mumbai,181047,160780,279427,220103.5
Machine Learning Engineer,Hyderabad,261976,163272,327838,245555.0
Cybersecurity Analyst,Pune,190193,145678,284441,215059.5
System Administrator,Bangalore,184343,147344,287981,217662.5
Full Stack Developer,Kochi,329969,216135,401538,308836.5
Cloud Engineer,Mysore,180150,84340,171446,127893.0
Technical Writer,Mumbai,157688,86741,174889,130815.0
Machine Learning Engineer,Delhi,100720,66736,139427,103081.5
Cloud Engineer,Hyderabad,107244,99820,194995,147407.5
iOS Developer,Delhi,216098,134263,230976,182619.5
Data Scientist,Pune,158174,136922,283325,210123.5
Data Scientist,Bangalore,171736,84309,181864,133086.5
Research Scientist,Pune,585459,309677,587014,448345.5
Cybersecurity Analyst,Chennai,182853,147692,281196,214444.0
System Administrator,Bangalore,86368,84169,173682,128925.5
Software Engineer (Backend),Chennai,285368,172572,305268,238920.0
Cybersecurity Analyst,Lucknow,91898,76432,153294,114863.0
Software Engineer,Delhi,134415,78906,154021,116463.5
Research Scientist,Delhi,445189,252965,502994,377979.5
Full Stack Developer,Mumbai,239503,134085,262332,198208.5
Cloud Engineer,Hyderabad,252166,112626,223736,168181.0
AR/VR Engineer,Chennai,284817,146298,306047,226172.5
Research Scientist,Kochi,247042,169522,322891,246206.5
DevOps Engineer,Hyderabad,253284,165660,338155,251907.5
Software Engineer (Backend),Trivandrum,99893,85031,154589,119810.0
Data Scientist,Nagpur,162215,105519,239517,172518.0
Software Engineer (Backend),Mumbai,180231,127017,219048,173032.5
Embedded Systems Engineer,Pune,119944,78967,170231,124599.0
Robotics Engineer,Pune,124407,78337,151856,115096.5
Computer Vision Engineer,Trivandrum,161331,143158,291620,217389.0
Cloud Engineer,Goa,52702,47537,88056,67796.5
Software Engineer (Frontend),Mumbai,104170,78069,138150,108109.5
Software Engineer,Chennai,174441,89279,174808,132043.5
Software Engineer (Frontend),Chennai,243808,180606,333037,256821.5
Software Engineer (Backend),Chennai,224965,123003,209912,166457.5
Software Engineer,Mumbai,133271,97951,184484,141217.5
Mobile Developer,Pune,160042,130706,257285,193995.5
Software Engineer,Noida,91796,79878,156245,118061.5
Data Scientist,Visakhapatnam,105679,62028,134748,98388.0
DevOps Engineer,Delhi,125987,99645,183857,141751.0
Lead Data Scientist,Chennai,265383,233843,442520,338181.5
Software Engineer (Backend),Delhi,195433,157619,290251,223935.0
Full Stack Developer,Ahmedabad,123516,80907,163532,122219.5
Cybersecurity Analyst,Mumbai,58047,55233,116958,86095.5
Cloud Engineer,Delhi,154610,152623,309502,231062.5
Junior Developer,Nagpur,71784,57556,96462,77009.0
Information Security Engineer,Hyderabad,152169,141878,286171,214024.5
Cloud Engineer,Hyderabad,141490,76646,154774,115710.0
Android Developer,Pune,231758,158466,309729,234097.5
Full Stack Developer,Hyderabad,100672,84806,157751,121278.5
Cloud Engineer,Hyderabad,179425,115943,228576,172259.5
Software Engineer (Frontend),Bangalore,151597,99613,187296,143454.5
Data Scientist,Delhi,192650,185352,412318,298835.0
Cybersecurity Analyst,Mumbai,181542,136293,258367,197330.0
DevOps Engineer,Pune,81598,77020,153276,115148.0
Cloud Engineer,Hyderabad,292010,230292,438272,334282.0
Machine Learning Engineer,Chennai,150413,75057,154672,114864.5
Game Developer,Goa,385947,215855,428158,322006.5
Technical Architect,Delhi,395302,373144,785696,579420.0
AI Engineer,Coimbatore,130340,70523,156765,113644.0
Machine Learning Engineer,Chennai,257724,143076,309177,226126.5
Cybersecurity Analyst,Pune,161376,106676,208336,157506.0
Data Scientist,Pune,290434,140203,307148,223675.5
Network Engineer,Pune,110695,66826,137634,102230.0
DevOps Engineer,Bangalore,170896,96820,176271,136545.5
Cloud Engineer,Delhi,150595,105289,202744,154016.5
Software Engineer (Frontend),Ahmedabad,142624,107912,199393,153652.5
Software Engineer (Frontend),Bangalore,305630,154801,289881,222341.0
Software Engineer (Backend),Pune,256600,160024,286754,223389.0
Full Stack Developer,Pune,174322,119337,232454,175895.5
Lead Data Scientist,Hyderabad,320232,208379,397796,303087.5
Data Engineer,Chennai,122994,73552,140834,107193.0
UI/UX Designer,Jaipur,72851,47674,102762,75218.0
Machine Learning Engineer,Delhi,111724,70196,140693,105444.5
Data Scientist,Pune,315983,176204,380532,278368.0
Technical Architect,Pune,285173,182476,376018,279247.0
DevOps Engineer,Chandigarh,76971,54454,112928,83691.0
UI/UX Designer,Pune,220551,145119,345104,245111.5
Cloud Engineer,Chennai,124513,92006,172321,132163.5
Data Scientist,Hyderabad,188710,128625,276618,202621.5
Senior Software Engineer,Pune,249803,193761,324403,259082.0
Information Security Engineer,Trivandrum,138474,93281,181941,137611.0
Network Engineer,Delhi,230283,139514,293444,216479.0
Computer Vision Engineer,Bangalore,416623,214654,431472,323063.0
AI Engineer,Pune,100049,95966,209967,152966.5
Cloud Engineer,Kochi,230864,127930,232964,180447.0
Software Engineer (Backend),Mumbai,87688,77041,142951,109996.0
Technical Writer,Delhi,129859,107390,229377,168383.5
Lead Data Scientist,Hyderabad,486141,368025,714644,541334.5
Software Engineer (Frontend),Hyderabad,352686,228445,404918,316681.5
Site Reliability Engineer,Delhi,219743,116904,247197,182050.5
DevOps Engineer,Delhi,157929,116872,218712,167792.0
Database Administrator,Hyderabad,183112,155814,312147,233980.5
Software Engineer,Delhi,69231,58504,117828,88166.0
Database Administrator,Chennai,90439,86440,189517,137978.5
Machine Learning Engineer,Delhi,206472,191827,407838,299832.5
Software Engineer (Frontend),Pune,114116,111460,189857,150658.5
DevOps Engineer,Jaipur,141863,119634,244249,181941.5
Machine Learning Engineer,Coimbatore,171483,135419,264442,199930.5
Full Stack Developer,Delhi,257885,164724,294809,229766.5
Cybersecurity Analyst,Chennai,171678,80322,164474,122398.0
AR/VR Engineer,Pune,211977,114634,233630,174132.0
DevOps Engineer,Mumbai,103483,70105,125753,97929.0
Cybersecurity Analyst,Hyderabad,146851,84358,171167,127762.5
Mobile Developer,Bangalore,192179,159823,302169,230996.0
Game Developer,Pune,108683,58936,117573,88254.5
Software Engineer (Frontend),Noida,120588,83057,156576,119816.5
Data Scientist,Chennai,137133,114048,238343,176195.5
Software Engineer (Frontend),Hyderabad,294871,167977,323965,245971.0
Mobile Developer,Ahmedabad,131593,82861,159203,121032.0
Software Engineer,Chennai,158835,146901,286818,216859.5
DevOps Engineer,Bhubaneswar,178582,128844,250657,189750.5
Software Engineer,Trivandrum,131389,76761,155031,115896.0
System Administrator,Mumbai,117732,63703,123635,93669.0
Machine Learning Engineer,Ahmedabad,74722,49023,104471,76747.0
Cybersecurity Analyst,Visakhapatnam,305093,162143,299322,230732.5
Computer Vision Engineer,Bangalore,284051,241692,511199,376445.5
Cloud Engineer,Mumbai,101072,68176,124009,96092.5
AI Engineer,Mysore,298130,198334,427253,312793.5
Machine Learning Engineer,Pune,116416,83063,168213,125638.0
Software Engineer (Frontend),Bangalore,112399,95744,171777,133760.5
DevOps Engineer,Lucknow,69845,44080,85211,64645.5
DevOps Engineer,Delhi,326190,173023,355944,264483.5
Machine Learning Engineer,Bangalore,114085,99694,214853,157273.5
Network Engineer,Pune,131760,91238,175200,133219.0
Information Security Engineer,Delhi,234443,173212,338437,255824.5
Software Engineer (Backend),Mumbai,377577,216536,381134,298835.0
Software Engineer (Frontend),Lucknow,356173,211419,371948,291683.5
Technical Architect,Pune,174438,122400,235288,178844.0
Cybersecurity Analyst,Hyderabad,91234,69563,127620,98591.5
Machine Learning Engineer,Hyderabad,288137,171829,351263,261546.0
DevOps Engineer,Jaipur,316291,214357,448258,331307.5
Software Engineer,Pune,317204,203296,387050,295173.0
Mobile Developer,Surat,112114,56915,107194,82054.5
Robotics Engineer,Bangalore,169440,97393,220966,159179.5
Cybersecurity Analyst,Noida,227121,142082,275720,208901.0
Technical Writer,Jaipur,118437,72955,159685,116320.0
Product Manager,Delhi,138819,95492,206812,151152.0
Technical Architect,Kochi,185576,148028,316358,232193.0
Computer Vision Engineer,Mumbai,254124,170756,350609,260682.5
Cloud Engineer,Bangalore,254282,201430,387081,294255.5
Embedded Systems Engineer,Hyderabad,166803,116780,245081,180930.5
Full Stack Developer,Pune,359021,238422,428681,333551.5
Cybersecurity Analyst,Nagpur,134058,84145,165199,124672.0
DevOps Engineer,Hyderabad,136750,119527,234708,177117.5
AI Engineer,Chennai,259672,149919,323617,236768.0
DevOps Engineer,Lucknow,176115,119991,225786,172888.5
Cybersecurity Analyst,Gurgaon,202714,150000,276040,213020.0
Research Scientist,Surat,256388,193843,367834,280838.5
QA Engineer,Visakhapatnam,128821,70969,140603,105786.0
AI Engineer,Hyderabad,104968,87604,183891,135747.5
Game Developer,Delhi,156523,84943,176245,130594.0
iOS Developer,Bangalore,309941,174927,332625,253776.0
AI Engineer,Mumbai,301742,244223,498262,371242.5
Software Engineer (Backend),Delhi,98337,60173,113215,86694.0
Research Scientist,Chennai,504202,299305,600859,450082.0
Machine Learning Engineer,Delhi,196224,157294,320688,238991.0
Network Engineer,Pune,123129,73316,140683,106999.5
Software Engineer (Frontend),Hyderabad,125754,90753,158701,124727.0
Full Stack Developer,Bangalore,363328,211636,399137,305386.5
Technical Architect,Bangalore,317620,171887,337248,254567.5
Mobile Developer,Pune,326325,193033,368148,280590.5
Full Stack Developer,Pune,200248,177818,355383,266600.5
Game Developer,Mysore,169000,78296,170133,124214.5
Software Engineer,Lucknow,241522,151620,294509,223064.5
AI Engineer,Pune,262576,186449,424032,305240.5
AI Engineer,Hyderabad,397780,212914,458851,335882.5
Cybersecurity Analyst,Nagpur,146589,85381,155443,120412.0
Full Stack Developer,Mysore,141927,105307,193253,149280.0
Data Scientist,Bangalore,204134,150486,338574,244530.0
Data Scientist,Mumbai,183726,98897,193442,146169.5
Cybersecurity Analyst,Delhi,132378,110768,209513,160140.5
Software Engineer (Backend),Hyderabad,95286,76590,139679,108134.5
Mobile Developer,Bangalore,318891,194549,358798,276673.5
Data Scientist,Chennai,309231,187120,384283,285701.5
AI Engineer,Hyderabad,208496,199223,437653,318438.0
Software Engineer (Frontend),Mumbai,186669,125179,228235,176707.0
Software Engineer,Lucknow,120120,91606,178302,134954.0
Software Engineer (Backend),Goa,165918,103813,187685,145749.0
Data Engineer,Visakhapatnam,224218,137878,252431,195154.5
Software Engineer,Hyderabad,134247,99152,185633,142392.5
Network Engineer,Pune,238702,158346,310668,234507.0
Database Administrator,Coimbatore,168078,147414,324594,236004.0
NLP Engineer,Chennai,107548,73973,135610,104791.5
Full Stack Developer,Trivandrum,171225,88578,165829,127203.5
Cloud Engineer,Bangalore,131160,77773,152450,115111.5
Research Scientist,Goa,140331,94806,181217,138011.5
Technical Architect,Goa,277154,147610,311366,229488.0
AI Engineer,Bangalore,298912,204153,389065,296609.0
Machine Learning Engineer,Trivandrum,452847,220303,451637,335970.0
Full Stack Developer,Pune,357120,214985,378094,296539.5
Software Engineer (Frontend),Delhi,220087,135910,255264,195587.0
Software Engineer (Backend),Gurgaon,262284,148506,276293,212399.5
Cybersecurity Analyst,Bangalore,115093,63522,135073,99297.5
Software Engineer,Visakhapatnam,150761,113322,202076,157699.0
Product Manager,Mumbai,317686,250688,537938,394313.0
AR/VR Engineer,Trivandrum,285642,192230,378374,285302.0
Software Engineer,Delhi,90113,67991,124839,96415.0
DevOps Engineer,Mumbai,192237,163159,309929,236544.0
Data Scientist,Mysore,100387,48284,104867,76575.5
Network Engineer,Hyderabad,202651,97125,196149,146637.0
Computer Vision Engineer,Pune,109619,68230,136836,102533.0
QA Engineer,Delhi,187395,112579,228480,170529.5
Junior Developer,Hyderabad,52351,47907,81574,64740.5
Software Engineer (Backend),Coimbatore,261276,161132,300000,230566.0
Junior Developer,Hyderabad,56707,37051,66743,51897.0
Cloud Engineer,Bhubaneswar,148080,94895,179425,137160.0
Full Stack Developer,Hyderabad,96012,66141,117756,91948.5
AI Engineer,Goa,341107,179575,367616,273595.5
Machine Learning Engineer,Chandigarh,113960,62839,126590,94714.5
Data Scientist,Bhubaneswar,103588,51479,108984,80231.5
Software Engineer (Frontend),Delhi,181351,130121,224063,177092.0
Cloud Engineer,Surat,67213,58113,104503,81308.0
Cybersecurity Analyst,Bangalore,201355,164404,318948,241676.0
Android Developer,Chennai,93090,92714,171125,131919.5
Cloud Engineer,Pune,128913,83399,152692,118045.5
Junior Developer,Pune,59568,44844,79942,62393.0
Software Engineer,Pune,135673,131548,254028,192788.0
Machine Learning Engineer,Bangalore,154853,92742,187929,140335.5
Software Engineer (Backend),Pune,123308,92896,166228,129562.0
Machine Learning Engineer,Delhi,221926,131916,261939,196927.5
Cybersecurity Analyst,Hyderabad,139264,82447,169328,125887.5
System Administrator,Delhi,137188,104232,215424,159828.0
Lead Data Scientist,Bangalore,384310,220487,406163,313325.0
Junior Developer,Mumbai,74476,63261,111533,87397.0
Technical Architect,Visakhapatnam,282435,166300,338761,252530.5
System Administrator,Delhi,95029,52223,104382,78302.5
Software Engineer,Chennai,87493,81822,154460,118141.0
Software Engineer (Backend),Mumbai,92549,88138,167410,127774.0
Full Stack Developer,Hyderabad,315009,226364,417462,321913.0
Data Scientist,Pune,129502,65371,141121,103246.0
DevOps Engineer,Pune,287847,168054,323477,245765.5
Software Engineer,Pune,176269,120222,229455,174838.5
System Administrator,Delhi,96265,65056,128332,96694.0
AI Engineer,Bangalore,326222,260594,545998,403296.0
Software Engineer,Chennai,78460,55075,99868,77471.5
DevOps Engineer,Trivandrum,85241,69216,141342,105279.0
Cloud Engineer,Chennai,231162,139699,244122,191910.5
iOS Developer,Kochi,95250,67520,130038,98779.0
NLP Engineer,Kolkata,285807,187776,378463,283119.5
Software Engineer,Coimbatore,129872,73752,144009,108880.5
Junior Developer,Bangalore,95950,74081,120132,97106.5
Full Stack Developer,Hyderabad,112400,70244,123034,96639.0
Data Engineer,Visakhapatnam,96099,75003,140870,107936.5
Data Scientist,Mumbai,132348,84408,182929,133668.5
System Administrator,Delhi,63880,42604,86016,64310.0
Lead Data Scientist,Bangalore,429312,252490,476531,364510.5
Embedded Systems Engineer,Chandigarh,189626,89056,190598,139827.0
Database Administrator,Bangalore,330268,177060,394143,285601.5
Full Stack Developer,Chennai,132778,93127,168441,130784.0
Data Scientist,Pune,203607,195714,410861,303287.5
Software Engineer (Backend),Pune,63320,50126,86469,68297.5
Junior Developer,Ahmedabad,72697,56163,98194,77178.5
AI Engineer,Pune,324413,178908,389912,284410.0
Data Scientist,Visakhapatnam,90209,72955,148428,110691.5
Cloud Engineer,Mumbai,272138,182053,338193,260123.0
Data Scientist,Mumbai,205749,189903,380546,285224.5
Data Scientist,Chennai,98094,64426,133713,99069.5
DevOps Engineer,Gurgaon,102970,62156,115654,88905.0
Full Stack Developer,Bangalore,197932,125134,244599,184866.5
AI Engineer,Bangalore,146286,86298,170187,128242.5
Software Engineer (Backend),Pune,102001,61700,106622,84161.0
DevOps Engineer,Pune,146594,109634,209044,159339.0
Mobile Developer,Mumbai,254667,164540,336429,250484.5
Software Engineer (Backend),Surat,188781,151419,274800,213109.5
Senior Software Engineer,Noida,357759,210805,365374,288089.5
Software Engineer (Frontend),Delhi,155637,102172,180646,141409.0
System Administrator,Lucknow,81774,60752,124186,92469.0
Research Scientist,Pune,179809,118512,233116,175814.0
Lead Data Scientist,Bangalore,231656,142770,270844,206807.0
Software Engineer (Backend),Hyderabad,230711,140979,268915,204947.0
Software Engineer,Delhi,105103,87079,174588,130833.5
Technical Architect,Bangalore,645055,385604,739899,562751.5
Machine Learning Engineer,Hyderabad,210604,172971,350680,261825.5
Machine Learning Engineer,Bhubaneswar,124207,62928,130950,96939.0
Information Security Engineer,Chennai,184129,133248,266512,199880.0
Principal Engineer,Bangalore,205055,194739,366337,280538.0
Cloud Engineer,Hyderabad,240495,209999,411879,310939.0
AI Engineer,Mysore,157835,80073,171040,125556.5
Software Engineer (Frontend),Bangalore,254802,137117,239364,188240.5
AR/VR Engineer,Kolkata,323455,170388,350516,260452.0
AI Engineer,Pune,328946,183074,381712,282393.0
DevOps Engineer,Goa,92940,55826,101782,78804.0
Product Manager,Delhi,125652,118507,238555,178531.0
Senior Software Engineer,Ahmedabad,233402,186941,314585,250763.0
Computer Vision Engineer,Chandigarh,126625,118641,244243,181442.0
Blockchain Developer,Pune,373822,282117,525115,403616.0
Data Scientist,Coimbatore,176036,98202,204777,151489.5
Cloud Engineer,Chennai,146235,109569,207428,158498.5
Research Scientist,Bangalore,238917,210355,409632,309993.5
Android Developer,Hyderabad,211939,112324,212394,162359.0
Software Engineer (Backend),Pune,226226,193722,348410,271066.0
Full Stack Developer,Delhi,141254,96396,171846,134121.0
Software Engineer (Frontend),Chennai,136724,107686,185374,146530.0
Machine Learning Engineer,Hyderabad,91925,91468,186057,138762.5
Full Stack Developer,Pune,155680,118645,219234,168939.5
Full Stack Developer,Chennai,199200,106662,198924,152793.0
Cybersecurity Analyst,Hyderabad,130165,71249,143217,107233.0
Lead Data Scientist,Hyderabad,133275,123642,240618,182130.0
Software Engineer (Backend),Pune,177873,107737,186980,147358.5
Machine Learning Engineer,Delhi,293949,164616,326175,245395.5
Blockchain Developer,Bangalore,256334,215801,442545,329173.0
Full Stack Developer,Jaipur,276858,154113,301426,227769.5
Research Scientist,Bangalore,188384,159036,300964,230000.0
Research Scientist,Delhi,318781,178114,369242,273678.0
Principal Engineer,Bangalore,329664,206808,394581,300694.5
Machine Learning Engineer,Bhubaneswar,165214,85214,175766,130490.0
Senior Software Engineer,Mumbai,118311,98994,170959,134976.5
Software Engineer,Gurgaon,211112,201672,378712,290192.0
Data Scientist,Hyderabad,262219,175576,389611,282593.5
DevOps Engineer,Lucknow,107243,70684,128291,99487.5
Principal Engineer,Chennai,312404,216434,437954,327194.0
Senior Software Engineer,Mumbai,172395,138202,238481,188341.5
Cloud Engineer,Delhi,347213,181450,348627,265038.5
Cloud Engineer,Mumbai,122073,86530,157181,121855.5
Cloud Engineer,Mumbai,147084,100767,189334,145050.5
Software Engineer (Frontend),Mumbai,200369,152567,250716,201641.5
DevOps Engineer,Mysore,166163,99022,186922,142972.0
Junior Developer,Chennai,104663,70436,114185,92310.5
Product Manager,Mysore,208584,109946,246652,178299.0
QA Engineer,Chennai,250275,156169,297993,227081.0
DevOps Engineer,Mumbai,306104,216117,434793,325455.0
Game Developer,Mumbai,297125,164164,310236,237200.0
Machine Learning Engineer,Nagpur,200736,104847,218345,161596.0
Data Engineer,Delhi,213214,120200,227722,173961.0
Machine Learning Engineer,Visakhapatnam,238542,146495,291692,219093.5
AI Engineer,Surat,237991,131617,266517,199067.0
Embedded Systems Engineer,Chennai,116337,92940,208057,150498.5
Principal Engineer,Chennai,338648,256431,478656,367543.5
Data Scientist,Chandigarh,106918,64737,127830,96283.5
Data Scientist,Bangalore,191657,110451,249302,179876.5
Full Stack Developer,Delhi,122713,89718,166009,127863.5
Cybersecurity Analyst,Hyderabad,119913,63239,126143,94691.0
Full Stack Developer,Hyderabad,83628,60484,107346,83915.0
Android Developer,Hyderabad,241830,128993,257024,193008.5
iOS Developer,Hyderabad,199996,142461,276913,209687.0
Full Stack Developer,Bangalore,291092,253236,468295,360765.5
Cloud Engineer,Bangalore,146452,101328,201921,151624.5
Technical Writer,Hyderabad,183268,98906,209202,154054.0
Cloud Engineer,Delhi,185258,108909,199197,154053.0
Information Security Engineer,Chennai,121514,120739,227077,173908.0
Cloud Engineer,Mumbai,315256,158888,306552,232720.0
System Administrator,Chennai,94067,60416,124107,92261.5
Android Developer,Pune,101137,89526,163552,126539.0
NLP Engineer,Mumbai,319233,212511,402178,307344.5
Full Stack Developer,Bangalore,356276,210623,417193,313908.0
DevOps Engineer,Bangalore,265353,189004,333207,261105.5
Site Reliability Engineer,Mumbai,202207,200189,401146,300667.5
Full Stack Developer,Bhubaneswar,88901,68466,123686,96076.0
Software Engineer (Backend),Gurgaon,164742,124973,226537,175755.0
Cybersecurity Analyst,Bangalore,221211,196408,389097,292752.5
Full Stack Developer,Bangalore,113613,96540,169526,133033.0
Full Stack Developer,Mysore,216811,120571,228105,174338.0
Data Scientist,Delhi,164834,114759,228906,171832.5
Cybersecurity Analyst,Chennai,290220,188726,348995,268860.5
AI Engineer,Delhi,123109,65332,132377,98854.5
Software Engineer,Delhi,171399,94357,177609,135983.0
NLP Engineer,Goa,219471,132969,259241,196105.0
AI Engineer,Chennai,65644,56452,117328,86890.0
Data Scientist,Goa,138746,64150,148078,106114.0
Cybersecurity Analyst,Chennai,265035,160210,323732,241971.0
Computer Vision Engineer,Kolkata,319640,164232,321789,243010.5
Software Engineer (Backend),Delhi,165824,99859,173927,136893.0
Cybersecurity Analyst,Mumbai,219670,118612,236586,177599.0
AR/VR Engineer,Pune,444979,317558,590272,453915.0
Machine Learning Engineer,Chennai,263205,198269,407858,303063.5
AI Engineer,Delhi,137498,87981,180714,134347.5
Network Engineer,Mysore,193712,113245,211407,162326.0
Database Administrator,Noida,126541,92628,188795,140711.5
Software Engineer,Gurgaon,219351,137184,254364,195774.0
QA Engineer,Pune,129667,84959,180059,132509.0
Research Scientist,Chennai,264691,182298,358968,270633.0
Game Developer,Chennai,183859,119036,232038,175537.0
Product Manager,Chandigarh,128373,97641,206101,151871.0
Computer Vision Engineer,Hyderabad,150352,117751,224388,171069.5
Software Engineer,Indore,131054,106772,218589,162680.5
Data Scientist,Pune,120020,113653,227866,170759.5
AI Engineer,Bangalore,155430,98801,207758,153279.5
Full Stack Developer,Pune,238462,151712,267010,209361.0
AI Engineer,Kolkata,285151,216195,433787,324991.0
QA Engineer,Ahmedabad,149095,72938,148097,110517.5
Software Engineer (Backend),Chennai,211214,178689,337330,258009.5
Data Scientist,Gurgaon,131511,72696,155389,114042.5
AI Engineer,Pune,213658,173361,370834,272097.5
Lead Data Scientist,Coimbatore,287440,232009,454432,343220.5
Cybersecurity Analyst,Lucknow,73581,44586,86244,65415.0
Research Scientist,Bangalore,302045,297998,571964,434981.0
Full Stack Developer,Coimbatore,66171,56100,96460,76280.0
Cloud Engineer,Chennai,284235,191917,361268,276592.5
DevOps Engineer,Delhi,158276,124647,241683,183165.0
Software Engineer (Backend),Pune,238985,214221,370630,292425.5
AI Engineer,Bhubaneswar,223420,166129,354304,260216.5
Cybersecurity Analyst,Goa,152037,89039,173412,131225.5
Software Engineer,Ahmedabad,181437,149806,293384,221595.0
DevOps Engineer,Hyderabad,205041,172075,344969,258522.0
Machine Learning Engineer,Mumbai,326455,193462,396736,295099.0
Software Engineer,Delhi,74967,60617,119846,90231.5
Embedded Systems Engineer,Chennai,90241,54908,118383,86645.5
DevOps Engineer,Bangalore,211125,145788,264608,205198.0
Cloud Engineer,Chennai,102459,96821,178192,137506.5
Data Engineer,Bangalore,355855,251472,482763,367117.5
Blockchain Developer,Trivandrum,202751,109788,202973,156380.5
UI/UX Designer,Delhi,159549,130537,282064,206300.5
Data Scientist,Pune,238660,99113,212245,155679.0
Machine Learning Engineer,Hyderabad,124379,107033,209777,158405.0
Software Engineer,Pune,263644,178077,359067,268572.0
UI/UX Designer,Delhi,252951,146919,319324,233121.5
Machine Learning Engineer,Pune,146905,103267,235058,169162.5
Research Scientist,Delhi,525868,287953,565836,426894.5
Cloud Engineer,Visakhapatnam,145565,95160,179483,137321.5
iOS Developer,Kochi,156402,96584,191312,143948.0
Technical Writer,Pune,119804,72068,164695,118381.5
Product Manager,Delhi,361159,302746,632867,467806.5
Junior Developer,Pune,168620,103056,183777,143416.5
System Administrator,Pune,86268,57138,107878,82508.0
Software Engineer (Frontend),Mysore,108809,80168,144970,112569.0
Android Developer,Bangalore,150566,98303,187809,143056.0
Cloud Engineer,Goa,164541,81477,149767,115622.0
AI Engineer,Chennai,129161,96000,196618,146309.0
Lead Data Scientist,Hyderabad,258156,168362,326832,247597.0
Software Engineer (Backend),Mumbai,230586,175692,299038,237365.0
Cybersecurity Analyst,Bangalore,125408,66256,133462,99859.0
DevOps Engineer,Hyderabad,184564,118866,228370,173618.0
Site Reliability Engineer,Pune,225827,166384,347831,257107.5
AI Engineer,Mumbai,118552,90864,192057,141460.5
Cloud Engineer,Hyderabad,105560,61151,112401,86776.0
Software Engineer (Backend),Trivandrum,180209,115404,205439,160421.5
Full Stack Developer,Hyderabad,180861,97905,187815,142860.0
Full Stack Developer,Jaipur,175604,136175,244395,190285.0
Software Engineer (Backend),Bangalore,360849,234291,422509,328400.0
Full Stack Developer,Chennai,277832,153553,284058,218805.5
System Administrator,Delhi,118450,77434,148795,113114.5
Database Administrator,Delhi,136066,82436,166554,124495.0
Database Administrator,Chennai,101056,81101,159881,120491.0
Machine Learning Engineer,Lucknow,232431,133027,282351,207689.0
Full Stack Developer,Chennai,157940,122088,248354,185221.0
Cybersecurity Analyst,Chandigarh,189946,135768,273632,204700.0
Cloud Engineer,Chennai,284704,150427,297419,223923.0
Technical Writer,Goa,85550,40276,84966,62621.0
Software Engineer (Backend),Chennai,205158,120593,224816,172704.5
Android Developer,Pune,78006,64751,126587,95669.0
Full Stack Developer,Coimbatore,171121,98036,187883,142959.5
Product Manager,Chennai,347677,242998,490647,366822.5
Information Security Engineer,Chennai,274017,173128,340673,256900.5
Full Stack Developer,Hyderabad,182972,97773,174013,135893.0
QA Engineer,Mumbai,221004,121293,225526,173409.5
Software Engineer (Frontend),Pune,138627,116586,217992,167289.0
Data Scientist,Pune,145939,75758,160859,118308.5
Site Reliability Engineer,Hyderabad,294805,208767,415026,311896.5
AR/VR Engineer,Chennai,149198,124285,230196,177240.5
QA Engineer,Chennai,108476,80531,151164,115847.5
UI/UX Designer,Pune,216898,154594,358784,256689.0
Software Engineer (Frontend),Hyderabad,127152,89323,163810,126566.5
Data Engineer,Chennai,142923,117961,221065,169513.0
Software Engineer (Frontend),Delhi,111494,65537,117888,91712.5
DevOps Engineer,Hyderabad,59363,51476,98889,75182.5
System Administrator,Hyderabad,92784,77268,152772,115020.0
Game Developer,Hyderabad,243832,118635,236538,177586.5
Software Engineer,Delhi,319628,157163,308163,232663.0
AR/VR Engineer,Bangalore,288825,170822,344314,257568.0
AI Engineer,Pune,90480,62429,127070,94749.5
Database Administrator,Pune,83260,57713,117057,87385.0
Software Engineer (Frontend),Pune,200871,179451,311594,245522.5
Cloud Engineer,Pune,108891,75675,133569,104622.0
Cloud Engineer,Pune,137424,124234,220790,172512.0
Cybersecurity Analyst,Goa,57556,46478,94137,70307.5
